iteration,total_runs,obs_realization,par_realization,val,cal
0,196,0,0,0,1279.27
0,196,1,1,0,1267.56
0,196,2,2,0,910.584
0,196,4,4,0,504.846
0,196,5,5,0,575.076
0,196,6,6,0,442.867
0,196,7,7,0,542.855
0,196,8,8,0,814.897
0,196,9,9,0,438.6
0,196,10,10,0,588.855
0,196,11,11,0,1239.61
0,196,12,12,0,404.798
0,196,13,13,0,619.222
0,196,14,14,0,1211.98
0,196,15,15,0,492.56
0,196,16,16,0,1364.85
0,196,17,17,0,1444.23
0,196,18,18,0,519.298
0,196,19,19,0,486.794
0,196,20,20,0,716.513
0,196,21,21,0,520.684
0,196,22,22,0,2198.34
0,196,23,23,0,719.672
0,196,24,24,0,1710.25
0,196,25,25,0,789.582
0,196,26,26,0,652.72
0,196,27,27,0,467.897
0,196,28,28,0,2280.17
0,196,29,29,0,541.689
0,196,30,30,0,808.35
0,196,31,31,0,432.672
0,196,32,32,0,554.307
0,196,33,33,0,553.144
0,196,34,34,0,440.141
0,196,35,35,0,1350.88
0,196,36,36,0,807.277
0,196,37,37,0,805.409
0,196,38,38,0,2042.6
0,196,39,39,0,2211.96
0,196,40,40,0,495.468
0,196,41,41,0,698.463
0,196,42,42,0,792.127
0,196,43,43,0,2633.74
0,196,44,44,0,2533.74
0,196,45,45,0,1163.96
0,196,46,46,0,511.54
0,196,47,47,0,590.579
0,196,48,48,0,505.735
0,196,49,49,0,553.091
0,196,50,50,0,572.111
0,196,51,51,0,396.186
0,196,52,52,0,782.744
0,196,53,53,0,733.284
0,196,54,54,0,1137.84
0,196,55,55,0,675.594
0,196,56,56,0,1569.8
0,196,57,57,0,451.012
0,196,58,58,0,529.772
0,196,59,59,0,487.702
0,196,60,60,0,973.472
0,196,61,61,0,2538.04
0,196,62,62,0,442.462
0,196,63,63,0,2052.73
0,196,64,64,0,758.427
0,196,65,65,0,921.799
0,196,66,66,0,904.137
0,196,67,67,0,572.425
0,196,68,68,0,485.405
0,196,69,69,0,2332.96
0,196,70,70,0,468.63
0,196,71,71,0,877.437
0,196,72,72,0,472.161
0,196,73,73,0,965.77
0,196,74,74,0,981.882
0,196,75,75,0,961.869
0,196,76,76,0,485.909
0,196,77,77,0,578.248
0,196,78,78,0,957.484
0,196,80,80,0,1342.67
0,196,81,81,0,451.007
0,196,82,82,0,447.17
0,196,83,83,0,1066.26
0,196,84,84,0,1060.7
0,196,85,85,0,679.662
0,196,86,86,0,460.945
0,196,87,87,0,688.607
0,196,88,88,0,583.068
0,196,89,89,0,961.101
0,196,90,90,0,536.492
0,196,91,91,0,2171.31
0,196,92,92,0,1333.93
0,196,93,93,0,709.479
0,196,94,94,0,552.753
0,196,95,95,0,455.91
0,196,96,96,0,676.427
0,196,97,97,0,457.26
0,196,98,98,0,1688.05
0,196,99,99,0,480.493
0,196,100,100,0,587.956
0,196,101,101,0,439.04
0,196,102,102,0,697.944
0,196,103,103,0,432.345
0,196,104,104,0,831.586
0,196,105,105,0,1365.76
0,196,106,106,0,1037.16
0,196,107,107,0,482.683
0,196,108,108,0,1528.8
0,196,109,109,0,787.988
0,196,110,110,0,811.098
0,196,111,111,0,612.59
0,196,112,112,0,446.561
0,196,113,113,0,1904.22
0,196,114,114,0,570.483
0,196,115,115,0,412.194
0,196,116,116,0,511.196
0,196,117,117,0,716.847
0,196,118,118,0,2985.08
0,196,119,119,0,1880.32
0,196,120,120,0,420.186
0,196,121,121,0,696.925
0,196,122,122,0,651.646
0,196,123,123,0,599.178
0,196,124,124,0,1659.58
0,196,125,125,0,440.469
0,196,126,126,0,466.393
0,196,127,127,0,1531.05
0,196,128,128,0,530.793
0,196,129,129,0,613.507
0,196,130,130,0,1093.33
0,196,131,131,0,431.034
0,196,132,132,0,836.283
0,196,133,133,0,605.177
0,196,135,135,0,945.758
0,196,136,136,0,1091.11
0,196,137,137,0,687.81
0,196,138,138,0,2085.17
0,196,139,139,0,723.294
0,196,140,140,0,802.537
0,196,141,141,0,831.289
0,196,142,142,0,488.602
0,196,143,143,0,752.687
0,196,144,144,0,609.953
0,196,145,145,0,647.256
0,196,146,146,0,778.126
0,196,147,147,0,735.277
0,196,148,148,0,1485.48
0,196,149,149,0,683.979
0,196,150,150,0,1267.58
0,196,151,151,0,525.471
0,196,152,152,0,1328.7
0,196,153,153,0,560.052
0,196,154,154,0,810.683
0,196,155,155,0,1261.38
0,196,156,156,0,621.342
0,196,157,157,0,786.997
0,196,158,158,0,668.999
0,196,159,159,0,511.991
0,196,160,160,0,1104.02
0,196,161,161,0,1432.07
0,196,162,162,0,433.315
0,196,163,163,0,1008.89
0,196,164,164,0,1292.65
0,196,165,165,0,574.375
0,196,166,166,0,2097.16
0,196,167,167,0,1514.63
0,196,168,168,0,885.439
0,196,169,169,0,580.55
0,196,170,170,0,423.075
0,196,171,171,0,410.797
0,196,172,172,0,619.451
0,196,173,173,0,666.575
0,196,174,174,0,904.809
0,196,175,175,0,1763.55
0,196,176,176,0,503.019
0,196,177,177,0,403.179
0,196,178,178,0,728.236
0,196,179,179,0,678.145
0,196,180,180,0,1430.39
0,196,181,181,0,568.141
0,196,182,182,0,517.473
0,196,183,183,0,1183.43
0,196,184,184,0,484.161
0,196,185,185,0,1266.75
0,196,186,186,0,621.387
0,196,187,187,0,527.004
0,196,189,189,0,966.488
0,196,190,190,0,422.566
0,196,191,191,0,608.631
0,196,192,192,0,960.594
0,196,193,193,0,466.697
0,196,194,194,0,555.269
0,196,195,195,0,856.193
0,196,196,196,0,843.22
0,196,197,197,0,1046.53
0,196,198,198,0,778.092
0,196,base,base,0,908.81
1,422,0,0,0,649.76
1,422,1,1,0,476.011
1,422,2,2,0,498.273
1,422,4,4,0,409.728
1,422,5,5,0,462.507
1,422,6,6,0,393.612
1,422,7,7,0,456.904
1,422,8,8,0,432.807
1,422,9,9,0,1278.81
1,422,10,10,0,505.537
1,422,11,11,0,516.908
1,422,12,12,0,403.853
1,422,13,13,0,412.301
1,422,14,14,0,597.065
1,422,15,15,0,529.714
1,422,16,16,0,423.817
1,422,17,17,0,403.335
1,422,18,18,0,558.228
1,422,19,19,0,457.638
1,422,20,20,0,458.815
1,422,21,21,0,425.483
1,422,22,22,0,546.786
1,422,23,23,0,548.791
1,422,24,24,0,1246.44
1,422,25,25,0,467.145
1,422,26,26,0,468.789
1,422,27,27,0,452.01
1,422,28,28,0,713.612
1,422,29,29,0,423.939
1,422,30,30,0,649.357
1,422,31,31,0,422.576
1,422,32,32,0,498.185
1,422,33,33,0,400.083
1,422,34,34,0,437.619
1,422,35,35,0,446.605
1,422,36,36,0,427.473
1,422,37,37,0,439.769
1,422,38,38,0,553.65
1,422,39,39,0,591.359
1,422,40,40,0,393.01
1,422,41,41,0,475.882
1,422,42,42,0,618.598
1,422,43,43,0,414.107
1,422,44,44,0,740.412
1,422,45,45,0,591.953
1,422,46,46,0,537.735
1,422,47,47,0,477.604
1,422,48,48,0,519.287
1,422,49,49,0,424.634
1,422,50,50,0,436.207
1,422,51,51,0,404.992
1,422,52,52,0,423.097
1,422,53,53,0,557.9
1,422,54,54,0,421.105
1,422,55,55,0,661.466
1,422,56,56,0,656.488
1,422,57,57,0,436.089
1,422,58,58,0,510.743
1,422,59,59,0,473.141
1,422,60,60,0,522.664
1,422,61,61,0,1370.28
1,422,62,62,0,450.554
1,422,63,63,0,609.411
1,422,64,64,0,593.125
1,422,65,65,0,447.836
1,422,66,66,0,461.065
1,422,67,67,0,402.176
1,422,68,68,0,525.75
1,422,69,69,0,518.239
1,422,70,70,0,442.645
1,422,71,71,0,453.261
1,422,72,72,0,477.851
1,422,73,73,0,478.549
1,422,74,74,0,459.248
1,422,75,75,0,393.731
1,422,76,76,0,692.474
1,422,77,77,0,400.875
1,422,78,78,0,447.363
1,422,80,80,0,505.448
1,422,81,81,0,374.165
1,422,82,82,0,415.962
1,422,83,83,0,491.191
1,422,84,84,0,558.85
1,422,85,85,0,698.973
1,422,86,86,0,473.798
1,422,87,87,0,455.61
1,422,88,88,0,462.222
1,422,89,89,0,452.263
1,422,90,90,0,469.779
1,422,91,91,0,593.155
1,422,92,92,0,711.214
1,422,93,93,0,579.965
1,422,94,94,0,520.238
1,422,95,95,0,448.983
1,422,96,96,0,416.287
1,422,97,97,0,448.76
1,422,98,98,0,436.669
1,422,99,99,0,458.566
1,422,100,100,0,446.214
1,422,101,101,0,469.019
1,422,102,102,0,415.449
1,422,103,103,0,413.233
1,422,104,104,0,705.223
1,422,105,105,0,446.612
1,422,106,106,0,625.778
1,422,107,107,0,432.003
1,422,108,108,0,1075.87
1,422,109,109,0,656.127
1,422,110,110,0,419.247
1,422,111,111,0,415.88
1,422,112,112,0,464.612
1,422,113,113,0,1335.24
1,422,114,114,0,459.916
1,422,115,115,0,371.874
1,422,116,116,0,452.853
1,422,117,117,0,482.002
1,422,118,118,0,679.167
1,422,119,119,0,624.572
1,422,120,120,0,421.571
1,422,121,121,0,530.523
1,422,122,122,0,494.222
1,422,123,123,0,441.504
1,422,124,124,0,482.185
1,422,125,125,0,404.555
1,422,126,126,0,467.25
1,422,127,127,0,498.097
1,422,128,128,0,483.235
1,422,129,129,0,464.023
1,422,130,130,0,589.277
1,422,131,131,0,451.76
1,422,132,132,0,811.181
1,422,133,133,0,493.274
1,422,135,135,0,576.305
1,422,136,136,0,553.794
1,422,137,137,0,520.521
1,422,138,138,0,642.215
1,422,139,139,0,475.455
1,422,140,140,0,499.322
1,422,141,141,0,447.932
1,422,142,142,0,408.846
1,422,143,143,0,448.168
1,422,144,144,0,687.334
1,422,145,145,0,521.892
1,422,146,146,0,489.267
1,422,147,147,0,430.486
1,422,148,148,0,886.985
1,422,149,149,0,614.883
1,422,150,150,0,605.176
1,422,151,151,0,502.336
1,422,152,152,0,502.097
1,422,153,153,0,461.57
1,422,154,154,0,509.394
1,422,155,155,0,498.223
1,422,156,156,0,499.72
1,422,157,157,0,612.125
1,422,158,158,0,458.018
1,422,159,159,0,436.908
1,422,160,160,0,591.986
1,422,161,161,0,854.434
1,422,162,162,0,440.438
1,422,163,163,0,467.144
1,422,164,164,0,453.721
1,422,165,165,0,419.673
1,422,166,166,0,501.656
1,422,167,167,0,426.77
1,422,168,168,0,436.25
1,422,169,169,0,520.299
1,422,170,170,0,415.384
1,422,171,171,0,413.639
1,422,172,172,0,528.089
1,422,173,173,0,586.021
1,422,174,174,0,520.434
1,422,175,175,0,851.877
1,422,176,176,0,465.24
1,422,177,177,0,404.615
1,422,178,178,0,555.414
1,422,179,179,0,414.877
1,422,180,180,0,699.006
1,422,181,181,0,473.573
1,422,182,182,0,501.703
1,422,183,183,0,430.36
1,422,184,184,0,463.864
1,422,185,185,0,541.709
1,422,186,186,0,406.253
1,422,187,187,0,414.019
1,422,189,189,0,665.329
1,422,190,190,0,408.95
1,422,191,191,0,614.902
1,422,192,192,0,464.577
1,422,193,193,0,391.631
1,422,194,194,0,503.377
1,422,195,195,0,447.453
1,422,196,196,0,604.146
1,422,197,197,0,639.7
1,422,198,198,0,429.568
1,422,base,base,0,436.499
2,649,0,0,0,549.559
2,649,1,1,0,459.857
2,649,2,2,0,475.164
2,649,4,4,0,392.114
2,649,5,5,0,461.161
2,649,6,6,0,404.499
2,649,7,7,0,461.453
2,649,8,8,0,448.758
2,649,9,9,0,526.156
2,649,10,10,0,456.149
2,649,11,11,0,483.48
2,649,12,12,0,402.793
2,649,13,13,0,413.9
2,649,14,14,0,501.066
2,649,15,15,0,423.68
2,649,16,16,0,424.984
2,649,17,17,0,417.167
2,649,18,18,0,620.56
2,649,19,19,0,430.689
2,649,20,20,0,490.771
2,649,21,21,0,415.826
2,649,22,22,0,467.477
2,649,23,23,0,465.107
2,649,24,24,0,444.749
2,649,25,25,0,434.765
2,649,26,26,0,426.548
2,649,27,27,0,431.038
2,649,28,28,0,775.216
2,649,29,29,0,415.835
2,649,30,30,0,542.441
2,649,31,31,0,436.501
2,649,32,32,0,470.015
2,649,33,33,0,423.819
2,649,34,34,0,453.785
2,649,35,35,0,443.732
2,649,36,36,0,430.241
2,649,37,37,0,420.04
2,649,38,38,0,610.051
2,649,39,39,0,442.865
2,649,40,40,0,409.008
2,649,41,41,0,531.45
2,649,42,42,0,528.003
2,649,43,43,0,396.608
2,649,44,44,0,490.302
2,649,45,45,0,482.189
2,649,46,46,0,434.831
2,649,47,47,0,443.086
2,649,48,48,0,548.131
2,649,49,49,0,406.349
2,649,50,50,0,436.442
2,649,51,51,0,413.432
2,649,52,52,0,407.378
2,649,53,53,0,512.863
2,649,54,54,0,419.483
2,649,55,55,0,462.388
2,649,56,56,0,476.864
2,649,57,57,0,432.751
2,649,58,58,0,502.992
2,649,59,59,0,481.094
2,649,60,60,0,424.914
2,649,61,61,0,639.409
2,649,62,62,0,459.323
2,649,63,63,0,517.13
2,649,64,64,0,476.18
2,649,65,65,0,448.767
2,649,66,66,0,433.786
2,649,67,67,0,406.726
2,649,68,68,0,442.198
2,649,69,69,0,463.442
2,649,70,70,0,431.246
2,649,71,71,0,403.567
2,649,72,72,0,491.96
2,649,73,73,0,446.157
2,649,74,74,0,482.2
2,649,75,75,0,403.838
2,649,76,76,0,443.836
2,649,77,77,0,412.086
2,649,78,78,0,524.151
2,649,80,80,0,857.443
2,649,81,81,0,787.727
2,649,82,82,0,404.638
2,649,83,83,0,504.891
2,649,84,84,0,448.285
2,649,85,85,0,745.634
2,649,86,86,0,479.972
2,649,87,87,0,414.853
2,649,88,88,0,445.706
2,649,89,89,0,456.138
2,649,90,90,0,457.296
2,649,91,91,0,471.826
2,649,92,92,0,537.435
2,649,93,93,0,511.233
2,649,94,94,0,550.942
2,649,95,95,0,444.637
2,649,96,96,0,445.298
2,649,97,97,0,442.28
2,649,98,98,0,442.668
2,649,99,99,0,450.56
2,649,100,100,0,431.939
2,649,101,101,0,853.557
2,649,102,102,0,454.916
2,649,103,103,0,419.49
2,649,104,104,0,523.127
2,649,105,105,0,429.511
2,649,106,106,0,485.755
2,649,107,107,0,442.722
2,649,108,108,0,558.83
2,649,109,109,0,498.272
2,649,110,110,0,418.152
2,649,111,111,0,410.536
2,649,112,112,0,450.237
2,649,113,113,0,411.116
2,649,114,114,0,434.536
2,649,115,115,0,610.439
2,649,116,116,0,443.871
2,649,117,117,0,475.173
2,649,118,118,0,427.495
2,649,119,119,0,394.236
2,649,120,120,0,417.889
2,649,121,121,0,445.55
2,649,122,122,0,434.448
2,649,123,123,0,435.115
2,649,124,124,0,428.096
2,649,125,125,0,405.361
2,649,126,126,0,442.563
2,649,127,127,0,431.452
2,649,128,128,0,534.21
2,649,129,129,0,435.987
2,649,130,130,0,453.539
2,649,131,131,0,463.362
2,649,132,132,0,487.034
2,649,133,133,0,457.487
2,649,135,135,0,435.122
2,649,136,136,0,494.325
2,649,137,137,0,444.923
2,649,138,138,0,463.78
2,649,139,139,0,478.998
2,649,140,140,0,427.394
2,649,141,141,0,425.467
2,649,142,142,0,404.926
2,649,143,143,0,462.194
2,649,144,144,0,585.407
2,649,145,145,0,457.748
2,649,146,146,0,422.163
2,649,147,147,0,428.362
2,649,148,148,0,475.568
2,649,149,149,0,415.642
2,649,150,150,0,488.995
2,649,151,151,0,480.189
2,649,152,152,0,429.31
2,649,153,153,0,555.639
2,649,154,154,0,463.019
2,649,155,155,0,446.695
2,649,156,156,0,468.863
2,649,157,157,0,457.219
2,649,158,158,0,470.771
2,649,159,159,0,428.055
2,649,160,160,0,490.242
2,649,161,161,0,456.022
2,649,162,162,0,449.233
2,649,163,163,0,472.504
2,649,164,164,0,476.23
2,649,165,165,0,400.212
2,649,166,166,0,455.245
2,649,167,167,0,420.737
2,649,168,168,0,432.584
2,649,169,169,0,481.591
2,649,170,170,0,435.54
2,649,171,171,0,418.629
2,649,172,172,0,470.19
2,649,173,173,0,855.599
2,649,174,174,0,472.686
2,649,175,175,0,411.434
2,649,176,176,0,447.858
2,649,177,177,0,396.649
2,649,178,178,0,481.114
2,649,179,179,0,401.363
2,649,180,180,0,446.938
2,649,181,181,0,423.991
2,649,182,182,0,458.208
2,649,183,183,0,415.902
2,649,184,184,0,434.733
2,649,185,185,0,492.267
2,649,186,186,0,435.945
2,649,187,187,0,415.378
2,649,189,189,0,418.657
2,649,190,190,0,412.774
2,649,191,191,0,486.952
2,649,192,192,0,453.734
2,649,194,194,0,469.591
2,649,195,195,0,480.705
2,649,196,196,0,421.327
2,649,197,197,0,537.583
2,649,198,198,0,422.586
2,649,base,base,0,418.679
3,870,0,0,0,415.656
3,870,1,1,0,440.061
3,870,2,2,0,435.957
3,870,4,4,0,388.332
3,870,5,5,0,439.017
3,870,6,6,0,414.236
3,870,7,7,0,592.181
3,870,8,8,0,440.151
3,870,9,9,0,473.147
3,870,10,10,0,437.303
3,870,11,11,0,509.961
3,870,12,12,0,400.961
3,870,13,13,0,412.956
3,870,14,14,0,473.759
3,870,15,15,0,419.611
3,870,16,16,0,617.22
3,870,17,17,0,420.878
3,870,18,18,0,448.861
3,870,19,19,0,422.399
3,870,20,20,0,469.406
3,870,21,21,0,412.34
3,870,22,22,0,479.98
3,870,23,23,0,561.24
3,870,24,24,0,470.831
3,870,25,25,0,422.008
3,870,26,26,0,425.497
3,870,27,27,0,427.854
3,870,28,28,0,478.411
3,870,29,29,0,431.199
3,870,30,30,0,511.069
3,870,31,31,0,436.922
3,870,32,32,0,503.018
3,870,33,33,0,425.209
3,870,34,34,0,593.761
3,870,35,35,0,434.698
3,870,36,36,0,408.97
3,870,37,37,0,404.591
3,870,38,38,0,450.352
3,870,39,39,0,424.565
3,870,40,40,0,416.875
3,870,41,41,0,436.254
3,870,42,42,0,467.767
3,870,43,43,0,400.684
3,870,44,44,0,482.776
3,870,45,45,0,447.626
3,870,46,46,0,426.26
3,870,47,47,0,428.279
3,870,48,48,0,607.041
3,870,49,49,0,408.03
3,870,50,50,0,424.448
3,870,51,51,0,427.404
3,870,52,52,0,408.988
3,870,53,53,0,498.84
3,870,54,54,0,522.382
3,870,55,55,0,433.124
3,870,56,56,0,472.743
3,870,57,57,0,422.041
3,870,58,58,0,513.944
3,870,59,59,0,473.763
3,870,60,60,0,432.325
3,870,61,61,0,518.774
3,870,62,62,0,456.623
3,870,63,63,0,478.418
3,870,64,64,0,444.638
3,870,65,65,0,440.004
3,870,66,66,0,463.244
3,870,67,67,0,407.468
3,870,68,68,0,509.87
3,870,69,69,0,468.24
3,870,70,70,0,430.295
3,870,71,71,0,398.938
3,870,73,73,0,430.007
3,870,74,74,0,446.659
3,870,75,75,0,406.733
3,870,76,76,0,412.104
3,870,77,77,0,415.526
3,870,78,78,0,495.421
3,870,80,80,0,431.49
3,870,81,81,0,471.242
3,870,82,82,0,407.156
3,870,83,83,0,467.445
3,870,84,84,0,448.36
3,870,85,85,0,621.816
3,870,86,86,0,502.604
3,870,87,87,0,412.173
3,870,88,88,0,404.476
3,870,89,89,0,436.088
3,870,90,90,0,450.05
3,870,91,91,0,440.701
3,870,92,92,0,437.729
3,870,93,93,0,479.283
3,870,94,94,0,511.728
3,870,95,95,0,429.486
3,870,96,96,0,440.22
3,870,97,97,0,440.703
3,870,98,98,0,442.072
3,870,99,99,0,463.321
3,870,100,100,0,428.332
3,870,101,101,0,400.505
3,870,102,102,0,455.694
3,870,103,103,0,421.682
3,870,104,104,0,485.12
3,870,105,105,0,420.884
3,870,106,106,0,421.315
3,870,107,107,0,456.57
3,870,108,108,0,451.504
3,870,109,109,0,470.258
3,870,110,110,0,426.338
3,870,111,111,0,411.228
3,870,112,112,0,429.512
3,870,113,113,0,404.131
3,870,114,114,0,428.936
3,870,115,115,0,448.897
3,870,116,116,0,432.12
3,870,117,117,0,452.392
3,870,118,118,0,430.649
3,870,119,119,0,392.112
3,870,120,120,0,418.244
3,870,121,121,0,433.404
3,870,123,123,0,433.586
3,870,124,124,0,410.955
3,870,125,125,0,398.54
3,870,126,126,0,434.423
3,870,127,127,0,433.24
3,870,128,128,0,591.479
3,870,129,129,0,414.176
3,870,130,130,0,437.323
3,870,131,131,0,458.725
3,870,132,132,0,456.897
3,870,133,133,0,430.341
3,870,135,135,0,431.486
3,870,136,136,0,454.619
3,870,137,137,0,429.792
3,870,138,138,0,440.39
3,870,139,139,0,454.977
3,870,140,140,0,424.999
3,870,141,141,0,524.133
3,870,142,142,0,407.457
3,870,143,143,0,457.404
3,870,144,144,0,506.839
3,870,145,145,0,434.139
3,870,146,146,0,418.948
3,870,147,147,0,435.502
3,870,148,148,0,456.469
3,870,149,149,0,400.849
3,870,150,150,0,476.885
3,870,152,152,0,412.511
3,870,154,154,0,440.634
3,870,155,155,0,600.835
3,870,156,156,0,435.617
3,870,157,157,0,429.547
3,870,158,158,0,489.395
3,870,159,159,0,435.108
3,870,160,160,0,491.741
3,870,161,161,0,440.428
3,870,162,162,0,423.961
3,870,163,163,0,442.205
3,870,164,164,0,466.828
3,870,165,165,0,400.963
3,870,166,166,0,423.915
3,870,167,167,0,417.308
3,870,168,168,0,416.578
3,870,169,169,0,446.508
3,870,170,170,0,441.838
3,870,172,172,0,486.312
3,870,173,173,0,431.165
3,870,174,174,0,431.84
3,870,175,175,0,418.809
3,870,176,176,0,409.896
3,870,178,178,0,456.512
3,870,179,179,0,402.059
3,870,180,180,0,424.844
3,870,181,181,0,416.302
3,870,182,182,0,619.081
3,870,183,183,0,408.718
3,870,184,184,0,404.406
3,870,185,185,0,449.587
3,870,186,186,0,431.403
3,870,187,187,0,416.52
3,870,189,189,0,404.621
3,870,190,190,0,410.841
3,870,191,191,0,654.254
3,870,192,192,0,460.066
3,870,194,194,0,441.884
3,870,195,195,0,464.82
3,870,196,196,0,413.11
3,870,197,197,0,458.625
3,870,198,198,0,412.591
3,870,base,base,0,415.947
4,1088,1,1,0,433.206
4,1088,2,2,0,431.148
4,1088,4,4,0,388.154
4,1088,5,5,0,436.115
4,1088,6,6,0,414.879
4,1088,7,7,0,436.631
4,1088,8,8,0,474.166
4,1088,9,9,0,465.616
4,1088,10,10,0,432.466
4,1088,11,11,0,484.141
4,1088,12,12,0,398.717
4,1088,13,13,0,412.163
4,1088,14,14,0,467.164
4,1088,15,15,0,419.453
4,1088,16,16,0,433.923
4,1088,17,17,0,419.382
4,1088,18,18,0,445.404
4,1088,19,19,0,421.414
4,1088,20,20,0,464.63
4,1088,21,21,0,412.004
4,1088,22,22,0,486.101
4,1088,23,23,0,577.055
4,1088,24,24,0,466.387
4,1088,25,25,0,431.405
4,1088,26,26,0,424
4,1088,27,27,0,430.127
4,1088,28,28,0,474.322
4,1088,29,29,0,432.987
4,1088,30,30,0,504.962
4,1088,31,31,0,798.411
4,1088,32,32,0,496.881
4,1088,33,33,0,424.817
4,1088,34,34,0,590.581
4,1088,35,35,0,433.135
4,1088,36,36,0,407.357
4,1088,37,37,0,404.855
4,1088,38,38,0,449.29
4,1088,39,39,0,422.626
4,1088,40,40,0,415.723
4,1088,41,41,0,438.369
4,1088,42,42,0,467.249
4,1088,43,43,0,401.269
4,1088,44,44,0,955.18
4,1088,45,45,0,437.584
4,1088,46,46,0,425.286
4,1088,47,47,0,427.714
4,1088,48,48,0,562.372
4,1088,49,49,0,403.254
4,1088,50,50,0,419.989
4,1088,51,51,0,428.691
4,1088,52,52,0,409.276
4,1088,53,53,0,493.605
4,1088,54,54,0,412.501
4,1088,55,55,0,428.811
4,1088,56,56,0,466.452
4,1088,57,57,0,420
4,1088,58,58,0,503.404
4,1088,59,59,0,471.749
4,1088,60,60,0,435.671
4,1088,61,61,0,497.655
4,1088,62,62,0,818.964
4,1088,63,63,0,477.452
4,1088,64,64,0,442.124
4,1088,65,65,0,435.742
4,1088,66,66,0,421.83
4,1088,67,67,0,407.829
4,1088,69,69,0,459.366
4,1088,70,70,0,711.516
4,1088,71,71,0,417.226
4,1088,73,73,0,428.7
4,1088,74,74,0,441.645
4,1088,75,75,0,406.062
4,1088,76,76,0,638.435
4,1088,77,77,0,416.063
4,1088,78,78,0,587.03
4,1088,80,80,0,430.076
4,1088,81,81,0,451.754
4,1088,82,82,0,406.649
4,1088,83,83,0,464.32
4,1088,84,84,0,451.053
4,1088,85,85,0,600.322
4,1088,86,86,0,486.564
4,1088,87,87,0,412.288
4,1088,88,88,0,403.834
4,1088,89,89,0,431.475
4,1088,90,90,0,446.917
4,1088,91,91,0,516.505
4,1088,92,92,0,437.236
4,1088,93,93,0,473.356
4,1088,94,94,0,554.489
4,1088,95,95,0,427.244
4,1088,96,96,0,439.976
4,1088,97,97,0,441.771
4,1088,98,98,0,440.246
4,1088,99,99,0,699.165
4,1088,100,100,0,429.243
4,1088,101,101,0,399.701
4,1088,102,102,0,455.521
4,1088,103,103,0,420.624
4,1088,104,104,0,442.607
4,1088,105,105,0,598.93
4,1088,106,106,0,419.951
4,1088,107,107,0,414.836
4,1088,108,108,0,437.632
4,1088,109,109,0,467.469
4,1088,110,110,0,426.809
4,1088,111,111,0,411.485
4,1088,112,112,0,426.177
4,1088,113,113,0,404.689
4,1088,114,114,0,428.888
4,1088,115,115,0,565.607
4,1088,116,116,0,430.372
4,1088,117,117,0,447.433
4,1088,118,118,0,429.466
4,1088,119,119,0,391.855
4,1088,120,120,0,482.556
4,1088,121,121,0,429.306
4,1088,123,123,0,434.684
4,1088,124,124,0,408.336
4,1088,125,125,0,396.652
4,1088,126,126,0,434.365
4,1088,127,127,0,432.287
4,1088,128,128,0,579.735
4,1088,129,129,0,412.255
4,1088,130,130,0,741.646
4,1088,131,131,0,600.723
4,1088,132,132,0,454.309
4,1088,133,133,0,426.373
4,1088,135,135,0,430.9
4,1088,136,136,0,437.061
4,1088,137,137,0,426.928
4,1088,139,139,0,450.125
4,1088,140,140,0,423.363
4,1088,141,141,0,606.184
4,1088,142,142,0,407.734
4,1088,143,143,0,458.443
4,1088,144,144,0,497.865
4,1088,145,145,0,430.221
4,1088,146,146,0,418.921
4,1088,147,147,0,450.023
4,1088,148,148,0,460.307
4,1088,149,149,0,1597.9
4,1088,150,150,0,474.857
4,1088,152,152,0,427.073
4,1088,154,154,0,429.724
4,1088,155,155,0,431.288
4,1088,156,156,0,432.046
4,1088,157,157,0,439.484
4,1088,158,158,0,504.376
4,1088,159,159,0,434.656
4,1088,160,160,0,498.467
4,1088,161,161,0,437.518
4,1088,162,162,0,420.376
4,1088,163,163,0,437.129
4,1088,164,164,0,461.591
4,1088,165,165,0,401.278
4,1088,166,166,0,421.923
4,1088,167,167,0,471.207
4,1088,168,168,0,414.532
4,1088,169,169,0,442.632
4,1088,170,170,0,441.012
4,1088,172,172,0,488.6
4,1088,173,173,0,429.402
4,1088,174,174,0,425.14
4,1088,175,175,0,419.44
4,1088,176,176,0,407.733
4,1088,178,178,0,444.888
4,1088,179,179,0,401.315
4,1088,180,180,0,422.209
4,1088,181,181,0,415.778
4,1088,182,182,0,422.754
4,1088,183,183,0,409.299
4,1088,184,184,0,401.771
4,1088,185,185,0,437.813
4,1088,186,186,0,430.97
4,1088,187,187,0,416.66
4,1088,189,189,0,405.04
4,1088,190,190,0,410.601
4,1088,191,191,0,441.516
4,1088,192,192,0,456.164
4,1088,194,194,0,436.967
4,1088,195,195,0,461.165
4,1088,196,196,0,411.898
4,1088,197,197,0,424.781
4,1088,198,198,0,409.515
4,1088,base,base,0,416.243
5,1300,1,1,0,431.552
5,1300,2,2,0,428.869
5,1300,4,4,0,389.547
5,1300,5,5,0,433.716
5,1300,6,6,0,413.843
5,1300,7,7,0,434.383
5,1300,8,8,0,453.053
5,1300,9,9,0,463.679
5,1300,10,10,0,429.875
5,1300,11,11,0,513.991
5,1300,13,13,0,412.687
5,1300,14,14,0,464.169
5,1300,15,15,0,477.698
5,1300,16,16,0,523.52
5,1300,17,17,0,419.309
5,1300,18,18,0,444.102
5,1300,19,19,0,423.144
5,1300,21,21,0,413.432
5,1300,22,22,0,482.145
5,1300,23,23,0,439.145
5,1300,24,24,0,411.419
5,1300,25,25,0,891.051
5,1300,26,26,0,429.211
5,1300,27,27,0,551.561
5,1300,28,28,0,470.737
5,1300,29,29,0,433.554
5,1300,30,30,0,550.536
5,1300,31,31,0,428.245
5,1300,32,32,0,485.54
5,1300,33,33,0,425.353
5,1300,34,34,0,600.347
5,1300,35,35,0,430.934
5,1300,36,36,0,407.884
5,1300,37,37,0,404.554
5,1300,38,38,0,549.217
5,1300,39,39,0,419.541
5,1300,40,40,0,415.963
5,1300,41,41,0,453.445
5,1300,42,42,0,465.462
5,1300,43,43,0,400.995
5,1300,44,44,0,441.606
5,1300,45,45,0,433.399
5,1300,46,46,0,523.915
5,1300,47,47,0,427.617
5,1300,48,48,0,554.229
5,1300,49,49,0,400.843
5,1300,50,50,0,417.473
5,1300,51,51,0,416.312
5,1300,52,52,0,410.417
5,1300,53,53,0,506.156
5,1300,54,54,0,510.98
5,1300,55,55,0,427.672
5,1300,56,56,0,458.446
5,1300,57,57,0,418.44
5,1300,58,58,0,487.613
5,1300,59,59,0,470.738
5,1300,60,60,0,436.748
5,1300,61,61,0,486.705
5,1300,62,62,0,449.747
5,1300,63,63,0,471.912
5,1300,64,64,0,435.196
5,1300,65,65,0,433.304
5,1300,66,66,0,562.117
5,1300,67,67,0,408.913
5,1300,69,69,0,458.32
5,1300,70,70,0,423.877
5,1300,71,71,0,414.485
5,1300,73,73,0,428.276
5,1300,74,74,0,438.516
5,1300,75,75,0,405.343
5,1300,76,76,0,628.507
5,1300,77,77,0,417.726
5,1300,78,78,0,528.045
5,1300,80,80,0,431.922
5,1300,81,81,0,423.617
5,1300,82,82,0,406.211
5,1300,83,83,0,461.571
5,1300,84,84,0,451.806
5,1300,85,85,0,531.08
5,1300,86,86,0,481.56
5,1300,87,87,0,412.067
5,1300,88,88,0,403.467
5,1300,89,89,0,430.713
5,1300,90,90,0,444.393
5,1300,91,91,0,501.887
5,1300,92,92,0,438.205
5,1300,93,93,0,514.406
5,1300,94,94,0,516.523
5,1300,95,95,0,425.281
5,1300,96,96,0,437.129
5,1300,97,97,0,442.938
5,1300,98,98,0,440.942
5,1300,99,99,0,484.542
5,1300,100,100,0,429.327
5,1300,101,101,0,400.978
5,1300,102,102,0,456.647
5,1300,103,103,0,429.904
5,1300,104,104,0,434.459
5,1300,105,105,0,415.576
5,1300,106,106,0,456.935
5,1300,107,107,0,412.36
5,1300,108,108,0,429.567
5,1300,109,109,0,465.733
5,1300,110,110,0,411.913
5,1300,111,111,0,413.197
5,1300,113,113,0,498.209
5,1300,114,114,0,428.871
5,1300,115,115,0,493.884
5,1300,116,116,0,428.049
5,1300,117,117,0,445.79
5,1300,118,118,0,425.548
5,1300,119,119,0,392.49
5,1300,120,120,0,519.583
5,1300,121,121,0,466.122
5,1300,124,124,0,407.71
5,1300,125,125,0,395.888
5,1300,126,126,0,434.508
5,1300,127,127,0,432.595
5,1300,128,128,0,442.72
5,1300,129,129,0,410.82
5,1300,130,130,0,438
5,1300,131,131,0,449.677
5,1300,132,132,0,455.512
5,1300,133,133,0,423.338
5,1300,135,135,0,468.237
5,1300,136,136,0,431.896
5,1300,137,137,0,425.077
5,1300,139,139,0,443.832
5,1300,140,140,0,424.451
5,1300,141,141,0,605.31
5,1300,142,142,0,408.039
5,1300,143,143,0,461.864
5,1300,144,144,0,648.307
5,1300,145,145,0,426.705
5,1300,146,146,0,419.148
5,1300,147,147,0,438.506
5,1300,148,148,0,460.887
5,1300,149,149,0,520.846
5,1300,150,150,0,479.696
5,1300,154,154,0,425.239
5,1300,155,155,0,428.593
5,1300,156,156,0,426.165
5,1300,157,157,0,420.891
5,1300,158,158,0,511.223
5,1300,159,159,0,435.068
5,1300,160,160,0,504.69
5,1300,161,161,0,436.779
5,1300,162,162,0,416.614
5,1300,163,163,0,434.676
5,1300,164,164,0,458.962
5,1300,165,165,0,401.637
5,1300,166,166,0,421.479
5,1300,167,167,0,414.149
5,1300,168,168,0,413.989
5,1300,169,169,0,440.982
5,1300,170,170,0,442.054
5,1300,172,172,0,485.067
5,1300,173,173,0,429.528
5,1300,174,174,0,423.943
5,1300,175,175,0,422.709
5,1300,176,176,0,407.489
5,1300,178,178,0,436.86
5,1300,179,179,0,401.354
5,1300,180,180,0,421.664
5,1300,181,181,0,416.158
5,1300,182,182,0,512.408
5,1300,183,183,0,409.19
5,1300,184,184,0,400.396
5,1300,185,185,0,432.368
5,1300,186,186,0,431.925
5,1300,187,187,0,416.61
5,1300,189,189,0,405.112
5,1300,191,191,0,436.836
5,1300,192,192,0,463.37
5,1300,194,194,0,434.278
5,1300,195,195,0,459.468
5,1300,196,196,0,413.373
5,1300,197,197,0,459.364
5,1300,198,198,0,408.555
5,1300,base,base,0,452.227
6,1508,1,1,0,421.328
6,1508,2,2,0,415.986
6,1508,4,4,0,391.151
6,1508,5,5,0,424.439
6,1508,6,6,0,444.849
6,1508,7,7,0,479.782
6,1508,8,8,0,434.419
6,1508,9,9,0,434.146
6,1508,10,10,0,410.528
6,1508,11,11,0,394.634
6,1508,13,13,0,411.565
6,1508,14,14,0,439.465
6,1508,15,15,0,404.876
6,1508,16,16,0,429.703
6,1508,17,17,0,436.336
6,1508,18,18,0,463.099
6,1508,19,19,0,416.95
6,1508,21,21,0,411.227
6,1508,22,22,0,447.505
6,1508,23,23,0,591.257
6,1508,24,24,0,736.133
6,1508,25,25,0,400.278
6,1508,26,26,0,416.944
6,1508,27,27,0,548.407
6,1508,28,28,0,605.269
6,1508,29,29,0,438.838
6,1508,30,30,0,449.209
6,1508,31,31,0,418.286
6,1508,32,32,0,473.185
6,1508,33,33,0,418.067
6,1508,34,34,0,441.025
6,1508,35,35,0,418.744
6,1508,36,36,0,406.554
6,1508,37,37,0,395.237
6,1508,38,38,0,404.441
6,1508,39,39,0,1126.64
6,1508,40,40,0,1418.58
6,1508,41,41,0,473.803
6,1508,42,42,0,484.527
6,1508,43,43,0,447.489
6,1508,44,44,0,431.541
6,1508,45,45,0,416.739
6,1508,46,46,0,396.965
6,1508,47,47,0,579.616
6,1508,48,48,0,466.777
6,1508,49,49,0,402.862
6,1508,51,51,0,405.994
6,1508,52,52,0,418.035
6,1508,53,53,0,463.202
6,1508,54,54,0,408.014
6,1508,55,55,0,408.517
6,1508,56,56,0,434.441
6,1508,57,57,0,610.42
6,1508,58,58,0,422.759
6,1508,59,59,0,507.549
6,1508,60,60,0,443.444
6,1508,61,61,0,440.143
6,1508,62,62,0,1002.03
6,1508,64,64,0,429.125
6,1508,65,65,0,415.327
6,1508,66,66,0,400.548
6,1508,67,67,0,414.046
6,1508,69,69,0,673.022
6,1508,70,70,0,928.991
6,1508,71,71,0,416.066
6,1508,73,73,0,649.937
6,1508,74,74,0,420.887
6,1508,75,75,0,421.716
6,1508,76,76,0,598.782
6,1508,77,77,0,545.953
6,1508,78,78,0,593.525
6,1508,80,80,0,446.998
6,1508,81,81,0,846.965
6,1508,82,82,0,566.954
6,1508,83,83,0,440.076
6,1508,84,84,0,435.109
6,1508,85,85,0,516.46
6,1508,86,86,0,525.856
6,1508,87,87,0,415.664
6,1508,88,88,0,402.154
6,1508,89,89,0,414.492
6,1508,90,90,0,430.399
6,1508,91,91,0,491.279
6,1508,92,92,0,482.252
6,1508,93,93,0,434.773
6,1508,94,94,0,609.005
6,1508,95,95,0,411.038
6,1508,96,96,0,706.768
6,1508,97,97,0,457.434
6,1508,98,98,0,444.37
6,1508,99,99,0,401.298
6,1508,100,100,0,426.995
6,1508,101,101,0,454.341
6,1508,102,102,0,450.956
6,1508,104,104,0,421.813
6,1508,105,105,0,541.949
6,1508,106,106,0,411.597
6,1508,107,107,0,407.405
6,1508,108,108,0,407.471
6,1508,109,109,0,443.213
6,1508,110,110,0,412.48
6,1508,111,111,0,411.357
6,1508,113,113,0,575.514
6,1508,114,114,0,423.303
6,1508,115,115,0,526.8
6,1508,116,116,0,421.48
6,1508,117,117,0,451.606
6,1508,118,118,0,548.243
6,1508,119,119,0,394.956
6,1508,120,120,0,404.553
6,1508,121,121,0,432.127
6,1508,124,124,0,399.012
6,1508,125,125,0,399.04
6,1508,126,126,0,441.717
6,1508,127,127,0,461.774
6,1508,128,128,0,624.061
6,1508,129,129,0,402.018
6,1508,130,130,0,508.323
6,1508,131,131,0,714.97
6,1508,132,132,0,566.383
6,1508,133,133,0,468.239
6,1508,135,135,0,564.647
6,1508,136,136,0,416.846
6,1508,137,137,0,428.157
6,1508,139,139,0,415.117
6,1508,140,140,0,423.842
6,1508,141,141,0,522.57
6,1508,142,142,0,409.323
6,1508,143,143,0,445.494
6,1508,144,144,0,442.649
6,1508,145,145,0,411.71
6,1508,146,146,0,422.16
6,1508,147,147,0,408.637
6,1508,148,148,0,453.237
6,1508,149,149,0,420.161
6,1508,150,150,0,458.509
6,1508,154,154,0,400.464
6,1508,155,155,0,413.917
6,1508,156,156,0,411.986
6,1508,157,157,0,420.173
6,1508,158,158,0,411.195
6,1508,159,159,0,429.696
6,1508,160,160,0,522.662
6,1508,161,161,0,436.39
6,1508,162,162,0,406.326
6,1508,163,163,0,415.535
6,1508,164,164,0,442.056
6,1508,165,165,0,395.436
6,1508,166,166,0,407.838
6,1508,167,167,0,520.296
6,1508,168,168,0,404.359
6,1508,169,169,0,418.196
6,1508,170,170,0,436.9
6,1508,172,172,0,488.963
6,1508,173,173,0,569.737
6,1508,174,174,0,404.33
6,1508,175,175,0,450.348
6,1508,176,176,0,396.612
6,1508,178,178,0,411.411
6,1508,179,179,0,397.595
6,1508,180,180,0,448.002
6,1508,181,181,0,414.646
6,1508,182,182,0,405.926
6,1508,183,183,0,407.731
6,1508,184,184,0,396.631
6,1508,185,185,0,409.651
6,1508,186,186,0,471.818
6,1508,187,187,0,415.544
6,1508,189,189,0,402.184
6,1508,191,191,0,891.515
6,1508,192,192,0,418.232
6,1508,194,194,0,426.089
6,1508,195,195,0,503.798
6,1508,196,196,0,522.703
6,1508,197,197,0,406.345
6,1508,198,198,0,402.112
6,1508,base,base,0,445.434
