iteration,total_runs,obs_realization,par_realization,cha049,obd_irr_paddy
0,77,0,0,1587.76,1315.36
0,77,1,1,1541.71,1318.13
0,77,2,2,1483.08,1325.14
0,77,3,3,1691.92,1408.22
0,77,4,4,1664.63,1329.66
0,77,5,5,1516.4,1324.35
0,77,6,6,1315.5,1331.8
0,77,7,7,1103.62,1214.32
0,77,8,8,1541.53,1386.81
0,77,9,9,1054.56,1334.76
0,77,10,10,1111.5,1179.38
0,77,11,11,1541.03,1382.05
0,77,12,12,1374.24,1330.02
0,77,13,13,1556.42,1328.6
0,77,14,14,968.241,1053.46
0,77,15,15,1139.72,1303.42
0,77,16,16,1223.36,1192.09
0,77,17,17,1555.07,1319.5
0,77,18,18,1053.68,1242.03
0,77,19,19,1120.38,1183.37
0,77,20,20,1548.76,1319.56
0,77,21,21,1120.63,1276.9
0,77,22,22,1598.91,1383.22
0,77,23,23,1117.26,1188.75
0,77,24,24,1593.55,1371.84
0,77,25,25,1566.17,1340.67
0,77,26,26,1074.43,1227.87
0,77,27,27,782.033,1052.25
0,77,28,28,1456.81,1311.74
0,77,29,29,1326.69,1178.3
0,77,30,30,1329.84,1254.15
0,77,31,31,1145.88,1197.59
0,77,32,32,907.706,1025.88
0,77,33,33,1358.61,1329.58
0,77,34,34,1100.29,1370.75
0,77,35,35,1403.83,1319.96
0,77,36,36,1583.5,1396.89
0,77,37,37,1547.77,1372.81
0,77,38,38,850.81,986.328
0,77,39,39,1469.97,1319.74
0,77,40,40,1554.81,1333.04
0,77,41,41,953.773,1022.23
0,77,42,42,1114.68,1198.59
0,77,43,43,900.02,1014.48
0,77,44,44,1578.4,1341.43
0,77,45,45,1051.69,1181.23
0,77,46,46,1027.88,1281.12
0,77,47,47,1011.55,1220.81
0,77,48,48,1027.21,1218.4
0,77,49,49,1246.52,1297.83
0,77,50,50,1415.61,1324.75
0,77,51,51,952.4,1025.04
0,77,52,52,1563.29,1394.4
0,77,53,53,1131.49,1252.33
0,77,54,54,1538.44,1337.37
0,77,55,55,1415.22,1325.7
0,77,56,56,1599.58,1397.78
0,77,57,57,830.576,987.594
0,77,58,58,1051.34,1285.59
0,77,59,59,1059.23,1327.84
0,77,60,60,1436.45,1307.02
0,77,61,61,1632.59,1395.35
0,77,62,62,1109.39,1208.35
0,77,63,63,1680.17,1405.32
0,77,64,64,1132.64,1238.8
0,77,65,65,1058.74,1066.22
0,77,66,66,902.342,1208.34
0,77,67,67,1395.9,1326.53
0,77,68,68,1012.46,1195.65
0,77,69,69,1584.75,1357.6
0,77,70,70,1166.86,1262.85
0,77,71,71,1593.84,1390.05
0,77,72,72,1126.4,1226.9
0,77,73,73,996.308,1253.81
0,77,74,74,1611.27,1400.56
0,77,75,75,1496.35,1324.3
0,77,76,76,1037.51,1275.6
1,186,0,0,877.912,997.606
1,186,1,1,793.144,1014.7
1,186,2,2,796.563,1007.22
1,186,3,3,815.418,1117.73
1,186,4,4,860.391,959.193
1,186,5,5,794.813,1028.03
1,186,6,6,1126.58,1164.26
1,186,7,7,1156.79,1262.23
1,186,8,8,808.104,1006.17
1,186,9,9,1110.18,1323.64
1,186,10,10,1100.41,1212.03
1,186,11,11,894.221,1002
1,186,12,12,789.599,987.919
1,186,13,13,831.497,997.267
1,186,14,14,932.095,1235.85
1,186,15,15,1162.53,1319.04
1,186,16,16,1151.53,1291.09
1,186,17,17,779.698,1020.51
1,186,18,18,1081.92,1251.63
1,186,19,19,927.521,1097.37
1,186,20,20,780.096,1028.33
1,186,21,21,1109.81,1278.36
1,186,22,22,930.501,1129.74
1,186,23,23,1125.8,1264.78
1,186,24,24,832.933,972.116
1,186,25,25,1146.45,1323.43
1,186,26,26,1078.15,1231.97
1,186,27,27,1026.28,1054.54
1,186,28,28,886.503,989.719
1,186,29,29,1102.92,1340.03
1,186,30,30,1233.65,1254.01
1,186,31,31,861.813,1001.73
1,186,32,32,974.212,1064.92
1,186,33,33,893.73,995.472
1,186,34,34,827.552,1123.13
1,186,35,35,886.053,994.424
1,186,36,36,857.476,973.529
1,186,37,37,854.747,976.566
1,186,38,38,825.092,997.407
1,186,39,39,865.3,983.461
1,186,40,40,1152.66,1164.24
1,186,41,41,921.323,1076.46
1,186,42,42,1084.24,1228.63
1,186,43,43,860.748,1012.74
1,186,44,44,793.562,1065.48
1,186,45,45,1033.14,1203.04
1,186,46,46,856.025,1025.66
1,186,47,47,935.285,1013.8
1,186,48,48,1043.7,1206.33
1,186,49,49,824.689,1041.51
1,186,50,50,900.417,1016.19
1,186,51,51,1153.72,1147.81
1,186,52,52,874.944,969.464
1,186,53,53,1163.93,1311.46
1,186,54,54,783.063,1027.34
1,186,55,55,1172.85,1172.8
1,186,56,56,1005.2,1243.19
1,186,57,57,804.728,1033.38
1,186,58,58,1045.01,1337.7
1,186,59,59,891.55,1192.34
1,186,60,60,788.081,1001.79
1,186,61,61,854.812,987.094
1,186,62,62,1147.69,1086.64
1,186,63,63,795.479,1028.93
1,186,64,64,1139.7,1273.54
1,186,65,65,926.617,1048.02
1,186,66,66,1523.2,1323.92
1,186,67,67,797.333,1009.41
1,186,68,68,857.939,975.095
1,186,69,69,806.189,1085.98
1,186,70,70,837.577,1027.74
1,186,71,71,826.25,1038.14
1,186,72,72,1167.74,1282.6
1,186,73,73,1568.42,1356.94
1,186,74,74,888.741,969.992
1,186,75,75,859.308,972.087
1,186,76,76,898.365,1066.81
2,295,0,0,782.754,1016.73
2,295,1,1,796.712,1008.1
2,295,2,2,822.877,1003.15
2,295,3,3,811.871,1016.43
2,295,4,4,863.366,961.773
2,295,5,5,779.502,1012.31
2,295,6,6,843.574,987.112
2,295,7,7,1152.88,1250.75
2,295,8,8,786.949,1018.4
2,295,9,9,1128.05,1305.74
2,295,10,10,1107.73,1221.96
2,295,11,11,815.672,1014.75
2,295,12,12,796.071,989.887
2,295,13,13,820.506,999.134
2,295,14,14,788.961,1035.23
2,295,15,15,971.094,1183.89
2,295,16,16,774.501,1032.44
2,295,17,17,794.578,1002.02
2,295,18,18,1085.93,1250.69
2,295,19,19,900.625,1000.88
2,295,20,20,781.742,1023.59
2,295,21,21,796.253,994.595
2,295,22,22,863.196,1001.75
2,295,23,23,1146.36,1257.78
2,295,24,24,834.652,981.66
2,295,25,25,788.991,1035.42
2,295,26,26,1089.67,1240.68
2,295,27,27,784.407,1057.45
2,295,28,28,870.97,987.35
2,295,29,29,793.905,1004.7
2,295,30,30,1273.16,1256.43
2,295,31,31,833.095,965.254
2,295,32,32,846.547,968.646
2,295,33,33,841.342,984.22
2,295,34,34,820.236,1018.49
2,295,35,35,851.782,973.683
2,295,36,36,864.813,971.819
2,295,37,37,834.478,997.677
2,295,38,38,791.831,1003.26
2,295,39,39,850.79,982.014
2,295,40,40,847.165,955.987
2,295,41,41,840.961,981.572
2,295,42,42,1112.5,1236.41
2,295,43,43,794.947,977.822
2,295,44,44,808.663,1035.21
2,295,45,45,897.658,1064.13
2,295,46,46,861.207,999.613
2,295,47,47,837.25,988.265
2,295,48,48,1089.45,1206.39
2,295,49,49,788.841,1006.68
2,295,50,50,781.531,1023.25
2,295,51,51,844.626,961.076
2,295,52,52,830.445,977.935
2,295,53,53,1158.7,1300.18
2,295,54,54,785.718,1024.49
2,295,55,55,827.658,957.662
2,295,56,56,845.707,978.759
2,295,57,57,807.025,1030.25
2,295,58,58,1034.97,1354.07
2,295,59,59,797.667,1019.46
2,295,60,60,805.585,977.102
2,295,61,61,837.678,995.287
2,295,62,62,774.819,1062.11
2,295,63,63,836.983,1004.5
2,295,64,64,1158.03,1259.28
2,295,65,65,879.211,959.49
2,295,66,66,762.013,1047.16
2,295,67,67,800.975,1014.48
2,295,68,68,862.471,965.394
2,295,69,69,824.303,1045.17
2,295,70,70,858.641,998.356
2,295,71,71,868.948,984.71
2,295,72,72,1049.91,1177.78
2,295,73,73,810.265,1017.95
2,295,74,74,887.22,978.797
2,295,75,75,839.754,979.721
2,295,76,76,885.325,997.175
3,404,0,0,820.115,1008.72
3,404,1,1,789.535,1003.56
3,404,2,2,814.45,1011.16
3,404,3,3,787.063,1025.66
3,404,4,4,862.681,963.859
3,404,5,5,776.887,1006.75
3,404,6,6,814.034,979.945
3,404,7,7,832.342,987.643
3,404,8,8,787.382,1024.75
3,404,9,9,1068.53,1252.43
3,404,10,10,888.11,969.991
3,404,11,11,822.547,1013
3,404,12,12,773.001,988.832
3,404,13,13,804.163,1000.56
3,404,14,14,791.389,1039.42
3,404,15,15,816.271,1053.37
3,404,16,16,795.422,1029.13
3,404,17,17,803.54,998.293
3,404,18,18,1094.05,1257.01
3,404,19,19,804.914,994.22
3,404,20,20,779.487,1014.04
3,404,21,21,804.305,980.051
3,404,22,22,807.824,1022.83
3,404,23,23,1032.03,1262.23
3,404,24,24,836.775,991.979
3,404,25,25,802.727,1029.49
3,404,26,26,785.732,964.186
3,404,27,27,818.369,1025.01
3,404,28,28,868.471,986.762
3,404,29,29,789.612,1004.25
3,404,30,30,1190.89,1203.52
3,404,31,31,829.309,971.719
3,404,32,32,844.966,967.434
3,404,33,33,822.072,986.758
3,404,34,34,802.735,1020.9
3,404,35,35,852.314,974.94
3,404,36,36,877.763,976.625
3,404,37,37,807.75,1002.96
3,404,38,38,788.455,1001.4
3,404,39,39,855.499,981.756
3,404,40,40,864.248,957.34
3,404,41,41,837.443,981.996
3,404,42,42,1039.32,1253.36
3,404,43,43,790.792,979.397
3,404,44,44,789.302,1039.65
3,404,45,45,881.363,972.897
3,404,46,46,844.163,998.343
3,404,47,47,856.482,991.392
3,404,48,48,1045.05,1212.19
3,404,49,49,786.926,1014.47
3,404,50,50,792.109,1011.13
3,404,51,51,841.864,961.223
3,404,52,52,833.38,982.719
3,404,53,53,1163.17,1305.3
3,404,54,54,781.54,1034.46
3,404,55,55,821.543,960.19
3,404,56,56,832.762,999.157
3,404,57,57,800.565,1029.67
3,404,58,58,1044.35,1369.89
3,404,59,59,777.791,1026.81
3,404,60,60,800.66,975.927
3,404,61,61,831.122,1010.65
3,404,62,62,806.838,1011.73
3,404,63,63,783.413,1019.53
3,404,64,64,1050.22,1272.11
3,404,65,65,855.312,963.079
3,404,66,66,825.153,1021.94
3,404,67,67,800.232,1014.03
3,404,68,68,870.03,976.391
3,404,69,69,822.976,1048.65
3,404,70,70,803.801,1001.39
3,404,71,71,820.023,994.927
3,404,72,72,888.173,1007.11
3,404,73,73,824.923,1030.5
3,404,74,74,864.044,986.146
3,404,75,75,820.348,983.434
3,404,76,76,882.855,999.847
4,513,0,0,819.175,1004.05
4,513,1,1,793.495,999.183
4,513,2,2,808.909,1005.49
4,513,3,3,780.183,1029.7
4,513,4,4,861.12,966.754
4,513,5,5,764.065,1002.4
4,513,6,6,801.625,981.337
4,513,7,7,819.525,988.782
4,513,8,8,793.758,1017.67
4,513,9,9,841.543,997.981
4,513,10,10,878.96,976.349
4,513,11,11,814.633,1037.03
4,513,12,12,764.112,988.399
4,513,13,13,764.394,1011.15
4,513,14,14,787.159,1037.79
4,513,15,15,781.098,1024.84
4,513,16,16,793.847,1026.28
4,513,17,17,814.354,994.667
4,513,18,18,1107.67,1263.29
4,513,19,19,798.915,998.317
4,513,20,20,793.068,1003.99
4,513,21,21,797.63,932.718
4,513,22,22,807.42,1019.78
4,513,23,23,1057.19,1274.64
4,513,24,24,784.717,1010.66
4,513,25,25,801.236,1025.13
4,513,26,26,810.778,902.582
4,513,27,27,791.831,1020.37
4,513,28,28,868.758,987.439
4,513,29,29,795.945,1002.3
4,513,30,30,773.188,998.365
4,513,31,31,850.458,972.953
4,513,32,32,843.899,971.285
4,513,33,33,807.133,991.861
4,513,34,34,804.825,1015.03
4,513,35,35,850.146,975.834
4,513,36,36,879.345,983.627
4,513,37,37,778.165,1009.26
4,513,38,38,800.859,1001.39
4,513,39,39,844.504,982.27
4,513,40,40,869.525,959.745
4,513,41,41,835.531,982.429
4,513,42,42,1073.37,1266.54
4,513,43,43,776.936,986.968
4,513,44,44,789.761,1016.19
4,513,45,45,838.556,978.928
4,513,46,46,865.429,994.911
4,513,47,47,789.193,1011.29
4,513,48,48,1076.48,1215.77
4,513,49,49,781.893,1019.5
4,513,50,50,800.353,1010.32
4,513,51,51,836.312,963.869
4,513,52,52,816.416,990.988
4,513,53,53,1160.71,1315.19
4,513,54,54,780.431,1024.85
4,513,55,55,813.655,961.687
4,513,56,56,832.761,1004.44
4,513,57,57,803.413,1027.12
4,513,58,58,1055.47,1363.67
4,513,59,59,785.672,1036.84
4,513,60,60,799.012,985.931
4,513,61,61,817.642,1031.73
4,513,62,62,797.306,1023.65
4,513,63,63,779.446,1028.08
4,513,64,64,1059.56,1268.13
4,513,65,65,876.223,969.022
4,513,66,66,790.802,1028.93
4,513,67,67,805.318,1012.57
4,513,68,68,852.568,993.862
4,513,69,69,824.278,1043.81
4,513,70,70,797.555,1003.83
4,513,71,71,790.228,1007.34
4,513,72,72,801.289,996.844
4,513,73,73,838.244,1033.6
4,513,74,74,829.83,992.665
4,513,75,75,803.792,986.981
4,513,76,76,887.817,998.622
5,622,0,0,796.608,990.235
5,622,1,1,800.765,988.845
5,622,2,2,754.726,1009.08
5,622,3,3,808.291,986.808
5,622,4,4,805.769,997.689
5,622,5,5,772.776,1007.13
5,622,6,6,776.637,1001.18
5,622,7,7,774.198,1009.63
5,622,8,8,773.647,1000.78
5,622,9,9,793.944,1010.27
5,622,10,10,801.743,1001.76
5,622,11,11,773.903,1029.82
5,622,12,12,770.412,992.902
5,622,13,13,844.479,982.737
5,622,14,14,796.736,989.318
5,622,15,15,761.076,1013.95
5,622,16,16,782.168,1013.19
5,622,17,17,793.136,988.581
5,622,18,18,1159.2,1293.21
5,622,19,19,797.314,984.93
5,622,20,20,784.837,998.421
5,622,21,21,766.009,974.605
5,622,22,22,805.795,995.005
5,622,23,23,850.45,1011.6
5,622,24,24,774.925,1035.65
5,622,25,25,805.408,998.348
5,622,26,26,794.416,972.806
5,622,27,27,790.175,1003.03
5,622,28,28,783.503,1002.7
5,622,29,29,786.949,994.787
5,622,30,30,745.527,995.109
5,622,31,31,758.354,1009.12
5,622,32,32,773.408,1000.35
5,622,33,33,788.067,1000.56
5,622,34,34,801.481,1018.86
5,622,35,35,776.134,992.581
5,622,36,36,787.487,1029.81
5,622,37,37,774.646,1006.41
5,622,38,38,782.255,1010.73
5,622,39,39,776.925,999.502
5,622,40,40,769.028,996.36
5,622,41,41,842.626,978.437
5,622,42,42,1181.06,1316.95
5,622,43,43,778.163,980.558
5,622,44,44,792.534,1002.78
5,622,45,45,809.038,1004.5
5,622,46,46,838.52,979.598
5,622,47,47,813.529,1023.62
5,622,48,48,797.44,1010.95
5,622,49,49,753.549,1013.23
5,622,50,50,792.718,1011.29
5,622,51,51,769.632,1003.97
5,622,52,52,786.317,998.349
5,622,53,53,976.799,1117.24
5,622,54,54,819.122,988.268
5,622,55,55,749.5,993.029
5,622,56,56,757.61,1012.88
5,622,57,57,782.89,1022.04
5,622,58,58,959.789,1058.59
5,622,59,59,782.186,1022.68
5,622,60,60,779.234,1006.64
5,622,61,61,766.995,1008.27
5,622,62,62,804.672,987.839
5,622,63,63,821.962,988.45
5,622,64,64,876.219,1002.8
5,622,65,65,781.979,1019.13
5,622,66,66,804.525,1002.73
5,622,67,67,764.578,1021.92
5,622,68,68,786.176,1018.28
5,622,69,69,842.06,984.77
5,622,70,70,784.06,1008.13
5,622,71,71,776.711,1025.96
5,622,72,72,768.546,1015.3
5,622,73,73,788.004,1024.25
5,622,74,74,796.831,999.163
5,622,75,75,777.976,1002.73
5,622,76,76,777.377,1021.84
6,731,0,0,785.292,996.085
6,731,1,1,758.567,1001.64
6,731,2,2,748.762,986.728
6,731,3,3,764.624,1006.64
6,731,4,4,778.429,997.043
6,731,5,5,750.953,982.564
6,731,6,6,773.933,963.25
6,731,7,7,742.059,971.443
6,731,8,8,714.896,1000.38
6,731,9,9,762.157,976.848
6,731,10,10,792.035,1000.84
6,731,11,11,787.652,985.451
6,731,12,12,763.177,966.546
6,731,13,13,743.833,998.092
6,731,14,14,764.225,1001.65
6,731,15,15,758.927,977.237
6,731,16,16,774.657,979.02
6,731,17,17,756.652,1006.39
6,731,18,18,962.716,1062.41
6,731,19,19,763.023,1004.36
6,731,20,20,781.565,994.054
6,731,21,21,773.056,923.807
6,731,22,22,727.574,977.523
6,731,23,23,796.771,996.036
6,731,24,24,786.137,1006.64
6,731,25,25,769.285,1009.96
6,731,26,26,720.392,933.078
6,731,27,27,786.613,1000.7
6,731,28,28,779.394,1002.81
6,731,29,29,781.371,1009.6
6,731,30,30,768.844,959.186
6,731,31,31,764.204,981.807
6,731,32,32,758.947,983.445
6,731,33,33,733.12,1001.94
6,731,34,34,800.777,994.677
6,731,35,35,749.997,983.034
6,731,36,36,788.966,995.775
6,731,37,37,758.369,1005.54
6,731,38,38,786.368,995.898
6,731,39,39,751.396,992.418
6,731,40,40,760.21,958.323
6,731,41,41,769.872,1000.76
6,731,42,42,804.552,1030.19
6,731,43,43,751.605,941.322
6,731,44,44,785.027,961.374
6,731,45,45,764.905,1002.55
6,731,46,46,763.286,1004.65
6,731,47,47,777.275,994.187
6,731,48,48,749.144,985.273
6,731,49,49,781.188,972.051
6,731,50,50,755.169,1009.31
6,731,51,51,794.392,957.46
6,731,52,52,739.107,993.464
6,731,53,53,776.017,982.254
6,731,54,54,787.263,996.361
6,731,55,55,755.259,994.962
6,731,56,56,766.015,996.797
6,731,57,57,784.623,988.272
6,731,58,58,729.228,973.769
6,731,59,59,748.077,993.835
6,731,60,60,765.471,970.336
6,731,61,61,789.414,998.058
6,731,62,62,748.156,1004.19
6,731,63,63,759.46,999.277
6,731,64,64,767.006,968.325
6,731,65,65,760.176,1011.14
6,731,66,66,780.83,1013.92
6,731,67,67,779.847,1003.4
6,731,68,68,784.308,1013.2
6,731,69,69,783.744,942.98
6,731,70,70,761.695,1013.28
6,731,71,71,766.778,1007.8
6,731,72,72,757.902,958.138
6,731,73,73,796.529,983.219
6,731,74,74,779.661,999.711
6,731,75,75,771.81,968.362
6,731,76,76,758.592,963.91
7,840,0,0,737.545,894.129
7,840,1,1,772.592,906.637
7,840,2,2,771.667,884.878
7,840,3,3,739.935,894.661
7,840,4,4,748.542,898.49
7,840,5,5,770.019,897.998
7,840,6,6,743.637,888.138
7,840,7,7,777.016,883.193
7,840,8,8,734.589,887.367
7,840,9,9,757.531,879.038
7,840,10,10,789.214,889.336
7,840,11,11,744.971,869.213
7,840,12,12,699.856,901.738
7,840,13,13,740.525,884.404
7,840,14,14,769.444,900.779
7,840,15,15,735.993,888.456
7,840,16,16,740.37,888.604
7,840,17,17,737.779,907.582
7,840,18,18,764.483,883.524
7,840,19,19,741.498,891.407
7,840,20,20,765.318,894.849
7,840,21,21,709.017,860.951
7,840,22,22,739.999,895.884
7,840,23,23,739.054,893.04
7,840,24,24,746.524,885.391
7,840,25,25,745.517,906.705
7,840,26,26,748.86,864.105
7,840,27,27,742.754,876.484
7,840,28,28,759.854,922.573
7,840,29,29,740.523,890.816
7,840,30,30,766.44,889.279
7,840,31,31,744.877,902.254
7,840,32,32,767.764,892.64
7,840,33,33,747.922,903.491
7,840,34,34,751.507,870.318
7,840,35,35,775.268,893.742
7,840,36,36,742.427,906.079
7,840,37,37,744.081,881.059
7,840,38,38,745.307,905.399
7,840,39,39,773.624,895.418
7,840,40,40,723.404,881.791
7,840,41,41,742.192,915.547
7,840,42,42,735.872,897.331
7,840,43,43,758.309,869.653
7,840,44,44,750.491,882.422
7,840,45,45,774.197,885.572
7,840,46,46,762.233,905.974
7,840,47,47,737.341,882.278
7,840,48,48,737.371,893.5
7,840,49,49,742.454,881.978
7,840,50,50,770.937,885.908
7,840,51,51,747.222,887.865
7,840,52,52,743.318,894.621
7,840,53,53,745.91,888.796
7,840,54,54,740.114,901.815
7,840,55,55,770.398,907.977
7,840,56,56,771.779,870.228
7,840,57,57,753.661,891.434
7,840,58,58,745.451,886.582
7,840,59,59,750.592,883.658
7,840,60,60,737.664,884.53
7,840,61,61,780.751,889.309
7,840,62,62,744.705,897.935
7,840,63,63,771.627,893.825
7,840,64,64,764.097,892.922
7,840,65,65,772.636,904.784
7,840,66,66,747.203,921.341
7,840,67,67,745.744,884.56
7,840,68,68,735.196,899.012
7,840,69,69,745.229,874.146
7,840,70,70,748.407,894.152
7,840,71,71,734.464,879.466
7,840,72,72,749.7,879.16
7,840,73,73,743.451,886.803
7,840,74,74,741.509,882.568
7,840,75,75,753.022,875.825
7,840,76,76,760.82,889.284
8,949,0,0,760.86,863.936
8,949,1,1,716.599,869.274
8,949,2,2,741.071,859.107
8,949,3,3,773.968,862.474
8,949,4,4,768.823,865.654
8,949,5,5,723.047,865.222
8,949,6,6,771.876,860.72
8,949,7,7,770.485,859.373
8,949,8,8,761.667,863.228
8,949,9,9,743.172,852.545
8,949,10,10,759.542,860.881
8,949,11,11,735.052,858.308
8,949,12,12,735.539,867.753
8,949,13,13,775.093,856.681
8,949,14,14,740.207,863.871
8,949,15,15,748.863,863.944
8,949,16,16,735.4,858.609
8,949,17,17,710.206,871.102
8,949,18,18,758.529,854.264
8,949,19,19,763.782,865.425
8,949,20,20,744.29,863.316
8,949,21,21,744.45,860.08
8,949,22,22,761.007,865.529
8,949,23,23,754.491,864.92
8,949,24,24,768.803,850.098
8,949,25,25,762.113,869.646
8,949,26,26,778.218,859.892
8,949,27,27,765.235,858.459
8,949,28,28,757.746,874.772
8,949,29,29,760.699,860.213
8,949,30,30,751.338,857.182
8,949,31,31,789.325,865.248
8,949,32,32,704.871,858.458
8,949,33,33,743.366,866.623
8,949,34,34,753.524,838.735
8,949,35,35,755.278,860.899
8,949,36,36,765.333,872.1
8,949,37,37,704.738,856.326
8,949,38,38,748.723,862.228
8,949,39,39,765.38,861.576
8,949,40,40,748.312,856.274
8,949,41,41,740.335,872.361
8,949,42,42,720.153,865.428
8,949,43,43,783.448,859.719
8,949,44,44,748.629,849.383
8,949,45,45,767.527,859.222
8,949,46,46,738.048,868.125
8,949,47,47,781.806,864.858
8,949,48,48,720.131,860.355
8,949,49,49,736.048,861.489
8,949,50,50,733.267,857.194
8,949,51,51,778.079,858.524
8,949,52,52,718.4,865.541
8,949,53,53,770.008,859.717
8,949,54,54,750.164,868.186
8,949,55,55,731.873,869.491
8,949,56,56,772.341,860.1
8,949,57,57,758.625,863.638
8,949,58,58,750.567,857.363
8,949,59,59,775.348,861.04
8,949,60,60,740.271,859.41
8,949,61,61,788.75,864.106
8,949,62,62,759.551,862.545
8,949,63,63,737.115,862.009
8,949,64,64,764.051,860.124
8,949,65,65,747.53,866.887
8,949,66,66,709.012,877.551
8,949,67,67,760.271,855.703
8,949,68,68,754.532,866.866
8,949,69,69,779.244,856.724
8,949,70,70,735.187,864.851
8,949,71,71,767.108,862.892
8,949,72,72,742.532,859.605
8,949,73,73,723.982,870.321
8,949,74,74,757.708,860.618
8,949,75,75,776.819,856.088
8,949,76,76,747.32,853.621
9,985,0,0,760.86,863.936
9,985,1,1,716.599,869.274
9,985,2,2,741.071,859.107
9,985,3,3,773.968,862.474
9,985,4,4,768.823,865.654
9,985,5,5,723.047,865.222
9,985,6,6,771.876,860.72
9,985,7,7,770.485,859.373
9,985,8,8,761.667,863.228
9,985,9,9,743.172,852.545
9,985,10,10,759.542,860.881
9,985,11,11,735.052,858.308
9,985,12,12,735.539,867.753
9,985,13,13,775.093,856.681
9,985,14,14,740.207,863.871
9,985,15,15,748.863,863.944
9,985,16,16,735.4,858.609
9,985,17,17,710.206,871.102
9,985,18,18,758.529,854.264
9,985,19,19,763.782,865.425
9,985,20,20,744.29,863.316
9,985,21,21,744.45,860.08
9,985,22,22,761.007,865.529
9,985,23,23,754.491,864.92
9,985,24,24,768.803,850.098
9,985,25,25,762.113,869.646
9,985,26,26,778.218,859.892
9,985,27,27,765.235,858.459
9,985,28,28,757.746,874.772
9,985,29,29,775.903,853.53
9,985,30,30,751.338,857.182
9,985,31,31,789.325,865.248
9,985,32,32,704.871,858.458
9,985,33,33,743.366,866.623
9,985,34,34,753.524,838.735
9,985,35,35,755.278,860.899
9,985,36,36,765.333,872.1
9,985,37,37,704.738,856.326
9,985,38,38,748.723,862.228
9,985,39,39,765.38,861.576
9,985,40,40,748.312,856.274
9,985,41,41,740.335,872.361
9,985,42,42,720.153,865.428
9,985,43,43,783.448,859.719
9,985,44,44,748.629,849.383
9,985,45,45,767.527,859.222
9,985,46,46,738.048,868.125
9,985,47,47,785.224,856.363
9,985,48,48,732.384,854.18
9,985,49,49,718.499,857.605
9,985,50,50,733.267,857.194
9,985,51,51,778.079,858.524
9,985,52,52,718.4,865.541
9,985,53,53,770.008,859.717
9,985,54,54,750.164,868.186
9,985,55,55,731.873,869.491
9,985,56,56,772.341,860.1
9,985,57,57,758.625,863.638
9,985,58,58,750.567,857.363
9,985,59,59,775.348,861.04
9,985,60,60,740.271,859.41
9,985,61,61,788.75,864.106
9,985,62,62,759.551,862.545
9,985,63,63,737.115,862.009
9,985,64,64,764.051,860.124
9,985,65,65,747.53,866.887
9,985,66,66,709.012,877.551
9,985,67,67,760.271,855.703
9,985,68,68,754.532,866.866
9,985,69,69,779.244,856.724
9,985,70,70,735.187,864.851
9,985,71,71,767.108,862.892
9,985,72,72,742.532,859.605
9,985,73,73,723.982,870.321
9,985,74,74,757.708,860.618
9,985,75,75,776.819,856.088
9,985,76,76,747.32,853.621
10,1094,0,0,779.585,859.662
10,1094,1,1,735.906,865.716
10,1094,2,2,747.562,855.923
10,1094,3,3,729.596,859.302
10,1094,4,4,759.477,861.787
10,1094,5,5,746.086,861.691
10,1094,6,6,742.863,858.322
10,1094,7,7,740.848,854.983
10,1094,8,8,739.184,860.733
10,1094,9,9,762.235,849.67
10,1094,10,10,739.305,858.271
10,1094,11,11,743.207,852.809
10,1094,12,12,764.567,863.681
10,1094,13,13,714.487,853.957
10,1094,14,14,741.464,860.618
10,1094,15,15,740.909,856.483
10,1094,16,16,740.789,854.763
10,1094,17,17,759.127,867.309
10,1094,18,18,772.912,853.846
10,1094,19,19,734.105,860.05
10,1094,20,20,757.412,860.669
10,1094,21,21,750.353,856.042
10,1094,22,22,782.363,863.364
10,1094,23,23,752.461,863.006
10,1094,24,24,746.256,849.981
10,1094,25,25,715.303,866.676
10,1094,26,26,742.687,856.57
10,1094,27,27,759.615,853.759
10,1094,28,28,755.235,869.21
10,1094,29,29,768.9,852.065
10,1094,30,30,744.046,854.148
10,1094,31,31,741.903,859.59
10,1094,32,32,747.169,857.298
10,1094,33,33,750.031,866.084
10,1094,34,34,784.082,838.892
10,1094,35,35,758.87,856.274
10,1094,36,36,759.891,866.459
10,1094,37,37,761.009,853.739
10,1094,38,38,755.458,860.219
10,1094,39,39,784.128,855.764
10,1094,40,40,757.888,853.457
10,1094,41,41,742.854,867.665
10,1094,42,42,778.939,860.573
10,1094,43,43,740.755,854.131
10,1094,44,44,740.008,848.103
10,1094,45,45,789.578,857.923
10,1094,46,46,748.158,865.076
10,1094,47,47,780.24,852.786
10,1094,48,48,728.071,852.978
10,1094,49,49,765.591,854.714
10,1094,50,50,787.356,853.827
10,1094,51,51,775.771,855.555
10,1094,52,52,742.01,862.749
10,1094,53,53,742.625,857.948
10,1094,54,54,745.515,865.433
10,1094,55,55,733.478,864.426
10,1094,56,56,744.96,857.001
10,1094,57,57,770.708,860.881
10,1094,58,58,739.222,853.139
10,1094,59,59,714.976,856.841
10,1094,60,60,784.09,853.91
10,1094,61,61,753.535,859.942
10,1094,62,62,752.98,859.365
10,1094,63,63,738.841,859.189
10,1094,64,64,755.328,856.054
10,1094,65,65,769.136,862.852
10,1094,66,66,745.979,870.323
10,1094,67,67,763.719,853.787
10,1094,68,68,761.514,863.315
10,1094,69,69,747.886,853.42
10,1094,70,70,748.489,863.19
10,1094,71,71,741.592,856.867
10,1094,72,72,759.321,856.007
10,1094,73,73,775.425,863.895
10,1094,74,74,773.261,855.877
10,1094,75,75,760.919,853.037
10,1094,76,76,754.818,848.769
11,1203,0,0,740.953,856.429
11,1203,1,1,734.118,863.226
11,1203,2,2,779.174,854.332
11,1203,3,3,755.127,856.209
11,1203,4,4,764.627,858.273
11,1203,5,5,782.447,858.113
11,1203,6,6,743.769,856.022
11,1203,7,7,748.628,853.817
11,1203,8,8,764.843,858.595
11,1203,9,9,759.435,848.549
11,1203,10,10,749.583,857.232
11,1203,11,11,763.626,850.473
11,1203,12,12,718.203,860.192
11,1203,13,13,738.607,852.018
11,1203,14,14,741.612,857.286
11,1203,15,15,762.544,855.233
11,1203,16,16,761.695,852.315
11,1203,17,17,738.432,863.445
11,1203,18,18,767.262,852.551
11,1203,19,19,741.918,857.158
11,1203,20,20,748.891,858.818
11,1203,21,21,770.235,854.592
11,1203,22,22,744.853,860.457
11,1203,23,23,744.394,861.075
11,1203,24,24,750.324,847.183
11,1203,25,25,734.889,863.002
11,1203,26,26,758.669,853.823
11,1203,27,27,758.974,852.669
11,1203,28,28,740.835,864.094
11,1203,29,29,777.094,848.487
11,1203,30,30,743.752,849.681
11,1203,31,31,745.669,855.414
11,1203,32,32,746.143,855.028
11,1203,33,33,773.885,864.675
11,1203,34,34,751.537,837.135
11,1203,35,35,742.109,852.774
11,1203,36,36,745.224,865.31
11,1203,37,37,730.99,853.07
11,1203,38,38,759.564,855.659
11,1203,39,39,737.551,852.504
11,1203,40,40,749.748,851.39
11,1203,41,41,756.098,863.295
11,1203,42,42,759.904,858.166
11,1203,43,43,745.306,852.993
11,1203,44,44,755.055,846.05
11,1203,45,45,738.248,857.029
11,1203,46,46,774.325,862.529
11,1203,47,47,741.286,851.165
11,1203,48,48,707.129,849.846
11,1203,49,49,765.738,853.681
11,1203,50,50,740.208,851.266
11,1203,51,51,746.058,853.788
11,1203,52,52,742.16,859.125
11,1203,53,53,746.081,855.438
11,1203,54,54,733.971,861.77
11,1203,55,55,733.607,859.583
11,1203,56,56,737.262,854.595
11,1203,57,57,733.571,857.971
11,1203,58,58,742.895,852.738
11,1203,59,59,768.034,855.759
11,1203,60,60,738.843,852.059
11,1203,61,61,732.984,859.603
11,1203,62,62,738.9,856.703
11,1203,63,63,740.541,856.643
11,1203,64,64,750.916,852.895
11,1203,65,65,735.035,859.775
11,1203,66,66,728.928,866.203
11,1203,67,67,760.353,852.28
11,1203,68,68,737.842,860.287
11,1203,69,69,753.8,851.016
11,1203,70,70,758.272,861.295
11,1203,71,71,781.649,854.374
11,1203,72,72,719.062,854.833
11,1203,73,73,743.561,862.901
11,1203,74,74,740.679,855.294
11,1203,75,75,772.778,851.51
11,1203,76,76,748.124,845.58
