real_name,cha049_20170511,cha049_20170512,cha049_20170513,cha049_20170514,cha049_20170515,cha049_20170516,cha049_20170517,cha049_20170518,cha049_20170519,cha049_20170520,cha049_20170521,cha049_20170522,cha049_20170523,cha049_20170524,cha049_20170525,cha049_20170526,cha049_20170527,cha049_20170528,cha049_20170529,cha049_20170530,cha049_20170531,cha049_20170601,cha049_20170602,cha049_20170603,cha049_20170604,cha049_20170605,cha049_20170606,cha049_20170607,cha049_20170608,cha049_20170609,cha049_20170610,cha049_20170611,cha049_20170612,cha049_20170613,cha049_20170614,cha049_20170615,cha049_20170616,cha049_20170617,cha049_20170618,cha049_20170619,cha049_20170620,cha049_20170621,cha049_20170622,cha049_20170623,cha049_20170624,cha049_20170625,cha049_20170626,cha049_20170627,cha049_20170628,cha049_20170629,cha049_20170630,cha049_20170701,cha049_20170702,cha049_20170703,cha049_20170704,cha049_20170705,cha049_20170706,cha049_20170707,cha049_20170708,cha049_20170709,cha049_20170710,cha049_20170711,cha049_20170712,cha049_20170713,cha049_20170714,cha049_20170715,cha049_20170716,cha049_20170717,cha049_20170718,cha049_20170719,cha049_20170720,cha049_20170721,cha049_20170722,cha049_20170723,cha049_20170724,cha049_20170725,cha049_20170726,cha049_20170727,cha049_20170728,cha049_20170729,cha049_20170730,cha049_20170731,cha049_20170801,cha049_20170802,cha049_20170803,cha049_20170804,cha049_20170805,cha049_20170806,cha049_20170807,cha049_20170808,cha049_20170809,cha049_20170810,cha049_20170811,cha049_20170812,cha049_20170813,cha049_20170814,cha049_20170815,cha049_20170816,cha049_20170817,cha049_20170818,cha049_20170819,cha049_20170820,cha049_20170821,cha049_20170822,cha049_20170823,cha049_20170824,cha049_20170825,cha049_20170826,cha049_20170827,cha049_20170828,cha049_20170829,cha049_20170830,cha049_20170831,cha049_20170901,cha049_20170902,cha049_20170903,cha049_20170904,cha049_20170905,cha049_20170906,cha049_20170907,cha049_20170908,cha049_20170909,cha049_20170910,cha049_20170911,cha049_20170912,cha049_20170913,cha049_20170914,obd_irr_paddy_20160531,obd_irr_paddy_20160630,obd_irr_paddy_20160731,obd_irr_paddy_20160831,obd_irr_paddy_20160930,obd_irr_paddy_20170531,obd_irr_paddy_20170630,obd_irr_paddy_20170731,obd_irr_paddy_20170831,obd_irr_paddy_20170930,obd_irr_paddy_20180531,obd_irr_paddy_20180630,obd_irr_paddy_20180731,obd_irr_paddy_20180831,obd_irr_paddy_20180930,obd_irr_paddy_20190531,obd_irr_paddy_20190630,obd_irr_paddy_20190731,obd_irr_paddy_20190831,obd_irr_paddy_20190930,obd_irr_paddy_20200531,obd_irr_paddy_20200630,obd_irr_paddy_20200731,obd_irr_paddy_20200831,obd_irr_paddy_20200930,obd_irr_paddy_20210531,obd_irr_paddy_20210630,obd_irr_paddy_20210731,obd_irr_paddy_20210831,obd_irr_paddy_20210930,obd_irr_paddy_20220531,obd_irr_paddy_20220630,obd_irr_paddy_20220731,obd_irr_paddy_20220831,obd_irr_paddy_20220930,obd_irr_paddy_20230531,obd_irr_paddy_20230630,obd_irr_paddy_20230731,obd_irr_paddy_20230831,obd_irr_paddy_20230930
0,0.06682,0.05731,0.05407,0.07456,0.1104,0.1329,0.1131,0.1254,0.1104,0.1043,0.1175,0.1014,0.1001,0.09701,0.08894,0.0892,0.1018,0.09863,0.09934,0.1262,0.1074,0.1037,0.1008,0.1152,0.2272,0.5383,0.4222,0.2766,0.1669,0.09902,0.1145,0.09354,0.08093,0.1123,0.1199,0.1253,0.1507,0.1479,0.1436,0.3083,0.3612,0.3762,0.3951,0.4095,0.435,0.4746,0.4617,0.4357,0.3499,0.3507,0.4042,0.7798,0.6186,0.4069,0.2498,0.159,0.1026,0.1593,0.1267,0.1105,0.1626,0.1822,0.1929,0.2304,0.2462,0.2516,0.4372,0.5177,0.5518,0.5766,0.5974,0.6116,0.6138,0.6252,0.6215,0.6187,0.6237,0.6168,0.6264,0.6317,0.635,0.6381,0.6567,0.672,0.6445,0.6404,0.6607,0.6767,0.6796,0.667,0.675,0.6782,0.6809,0.6825,0.6848,0.693,0.6991,0.703,0.7034,0.6972,0.7046,0.7071,0.695,0.6916,0.6943,0.6974,0.7062,0.7088,0.7305,0.7362,0.7657,0.7425,0.7046,0.7368,0.7276,0.7256,0.724,0.5408,0.5655,0.5602,0.5465,0.5363,0.5087,1.105,0.9177,0.6329,0.4139,475.537,501.634,594.223,633.3,172.32,449.306,481.532,587.437,609.906,148.605,432.619,454.481,605.086,654.983,113.626,436.224,463.073,574.32,640.034,145.756,407.502,457.162,568.44,640.793,125.753,417.038,413.378,565.446,630.295,118.923,353.877,473.265,593.147,638.239,170.97,432.005,439.544,570.344,622.82,139.003
1,0.08197,0.07238,0.06896,0.09003,0.1262,0.1486,0.1284,0.1403,0.1252,0.1187,0.1319,0.1157,0.1139,0.1108,0.1028,0.1027,0.1153,0.112,0.1128,0.1395,0.1118,0.1134,0.1129,0.128,0.2416,0.5554,0.439,0.2919,0.181,0.1144,0.1263,0.1056,0.09312,0.1239,0.131,0.1363,0.1623,0.1594,0.1552,0.3213,0.3742,0.389,0.4079,0.4227,0.4479,0.4871,0.4742,0.4486,0.3642,0.3639,0.417,0.7952,0.6373,0.4234,0.2645,0.1732,0.119,0.1681,0.1361,0.1196,0.1712,0.1902,0.2012,0.2385,0.2548,0.26,0.4467,0.527,0.5611,0.5863,0.6059,0.6214,0.6234,0.6343,0.631,0.6279,0.6326,0.6261,0.6356,0.6408,0.6438,0.6468,0.6651,0.6806,0.6534,0.6492,0.6695,0.6849,0.6883,0.676,0.6838,0.6868,0.6893,0.6908,0.693,0.7012,0.7068,0.7111,0.7111,0.705,0.7124,0.7149,0.7029,0.6992,0.7022,0.7048,0.7139,0.7162,0.7376,0.7427,0.772,0.7489,0.7108,0.7426,0.7339,0.7323,0.7301,0.5485,0.5725,0.5664,0.5526,0.5428,0.5158,1.115,0.9266,0.6422,0.4225,475.399,498.492,591.545,629.988,171.691,446.61,479.086,584.895,606.8,147.523,433.727,451.461,603.148,653.421,111.001,435.401,460.604,571.62,636.344,144.935,405.657,454.502,565.873,637.152,124.868,415.054,410.885,562.841,627.426,117.699,351.179,470.578,591.372,636.545,167.901,432.181,436.926,567.891,619.846,138.011
2,0.07508,0.06552,0.06203,0.08267,0.1186,0.1413,0.1213,0.1331,0.1181,0.1118,0.1252,0.1087,0.1074,0.1046,0.09635,0.09636,0.1092,0.1059,0.1065,0.1337,0.1145,0.1106,0.1077,0.1221,0.2334,0.5451,0.4288,0.2824,0.173,0.1075,0.1208,0.1001,0.08777,0.1184,0.1256,0.1305,0.1561,0.1535,0.1492,0.3144,0.3672,0.3817,0.4006,0.4153,0.4404,0.4801,0.4668,0.4408,0.3555,0.3555,0.4096,0.785,0.6239,0.4124,0.2563,0.1662,0.1126,0.1648,0.1317,0.1155,0.1669,0.1861,0.1969,0.2343,0.2504,0.256,0.4419,0.5226,0.556,0.5813,0.6018,0.6162,0.6184,0.6296,0.626,0.6234,0.628,0.6212,0.631,0.6365,0.6393,0.6428,0.6611,0.6759,0.6487,0.6444,0.6646,0.6806,0.6834,0.6717,0.6789,0.6821,0.6854,0.6868,0.6885,0.6967,0.7032,0.7069,0.7072,0.7013,0.708,0.7111,0.6987,0.695,0.6982,0.7008,0.7101,0.7122,0.7346,0.7396,0.7637,0.7413,0.703,0.7361,0.7281,0.7262,0.7256,0.5425,0.5677,0.5619,0.5509,0.5402,0.5101,1.106,0.917,0.633,0.4143,475.091,502.431,594.925,634.559,172.482,449.542,482.369,588.219,611.043,149.651,432.014,455.25,605.71,655.38,115.35,436.131,463.704,575.08,641.216,146.656,407.907,457.84,569.63,641.777,126.068,417.484,414.002,566.336,631.262,120.371,354.443,473.941,593.678,638.63,172.29,431.392,440.171,570.978,625.172,139.887
3,0.07648,0.06672,0.06333,0.08408,0.1202,0.1428,0.1227,0.1344,0.1195,0.1133,0.1265,0.1102,0.1089,0.106,0.0978,0.09785,0.1105,0.1072,0.108,0.1351,0.1159,0.1121,0.1092,0.1231,0.2346,0.5463,0.43,0.2842,0.1746,0.1094,0.1221,0.1015,0.08701,0.1178,0.1223,0.1266,0.1517,0.1488,0.1443,0.309,0.362,0.3766,0.3954,0.4097,0.4352,0.4748,0.4616,0.4358,0.3487,0.3481,0.4016,0.7771,0.6165,0.4032,0.243,0.1524,0.09277,0.1559,0.1221,0.105,0.1593,0.1798,0.1907,0.2279,0.2436,0.2487,0.4344,0.5149,0.5477,0.5731,0.5931,0.6081,0.6101,0.6213,0.6175,0.6145,0.6198,0.6128,0.6229,0.6276,0.6311,0.6343,0.6525,0.6678,0.641,0.6368,0.6571,0.6727,0.6756,0.6638,0.6716,0.6748,0.6775,0.6788,0.6817,0.6896,0.696,0.6998,0.7004,0.6941,0.7012,0.704,0.6921,0.6889,0.6917,0.6945,0.7035,0.706,0.7276,0.7332,0.761,0.7378,0.735,0.7416,0.7253,0.7219,0.7203,0.5373,0.5628,0.5571,0.5437,0.5338,0.505,1.101,0.9099,0.6264,0.4081,474.849,501.602,594.222,633.916,172.32,449.702,481.519,587.715,612.173,148.462,435.051,454.457,605.274,654.988,115.225,437.441,463.046,574.41,640.394,146.992,407.612,457.14,569.309,640.932,125.806,417.619,413.362,565.73,630.621,120.475,353.945,473.245,593.243,638.245,171.915,433.589,439.522,570.337,625.321,140.084
4,0.07361,0.06435,0.06089,0.08184,0.1179,0.1406,0.1205,0.1329,0.118,0.1117,0.125,0.109,0.1075,0.1049,0.09664,0.09688,0.1094,0.1064,0.1073,0.1341,0.1149,0.1115,0.1081,0.1225,0.2327,0.5429,0.4261,0.2767,0.1643,0.09475,0.1137,0.09245,0.07967,0.1114,0.1193,0.1245,0.15,0.1471,0.1426,0.3076,0.3604,0.3752,0.3944,0.4089,0.4342,0.474,0.4613,0.4358,0.3501,0.351,0.4049,0.7809,0.6195,0.4075,0.2508,0.16,0.1039,0.1594,0.127,0.1114,0.1635,0.183,0.1939,0.2309,0.2471,0.2531,0.439,0.5194,0.5531,0.5787,0.5992,0.6138,0.6155,0.6279,0.6244,0.6211,0.6257,0.6195,0.6292,0.6341,0.6373,0.6406,0.6593,0.6752,0.6477,0.6436,0.6634,0.6797,0.6828,0.6708,0.6784,0.6817,0.6846,0.6861,0.6879,0.6961,0.7026,0.7065,0.7069,0.7001,0.7069,0.7069,0.6926,0.6877,0.6891,0.6909,0.6998,0.702,0.7235,0.7293,0.7588,0.7361,0.6979,0.7297,0.7213,0.719,0.7171,0.5341,0.5596,0.5538,0.54,0.5303,0.5042,1.101,0.9115,0.6277,0.4079,475.497,500.758,593.519,630.463,172.145,449.222,480.629,586.685,608.882,145.924,434.122,453.642,604.636,653.877,107.153,436.598,462.399,573.624,636.394,145.416,407.149,456.428,567.725,638.078,125.31,416.894,412.65,564.325,628.543,117.272,353.338,472.533,592.664,633.75,167.911,433.374,438.798,569.696,620.323,138.564
5,0.07688,0.06751,0.064,0.0851,0.1211,0.1438,0.1234,0.1355,0.1204,0.1142,0.127,0.1112,0.1097,0.1064,0.09843,0.09831,0.1111,0.1079,0.1085,0.1352,0.1074,0.1093,0.1089,0.1238,0.2371,0.5508,0.4346,0.2879,0.1769,0.1093,0.1226,0.1014,0.08921,0.1202,0.1274,0.1331,0.1586,0.1559,0.1517,0.3176,0.3703,0.3856,0.4045,0.4186,0.4443,0.4834,0.4709,0.4451,0.3606,0.3604,0.4136,0.7917,0.6337,0.4196,0.2609,0.1691,0.1132,0.1649,0.1329,0.117,0.1685,0.1879,0.1982,0.2358,0.2518,0.2575,0.4439,0.5243,0.5578,0.5828,0.6036,0.6181,0.6201,0.6313,0.6277,0.6251,0.6297,0.6231,0.6326,0.6379,0.6409,0.6443,0.6624,0.6777,0.6505,0.6466,0.6664,0.6821,0.6858,0.6729,0.6807,0.684,0.6869,0.688,0.6906,0.6985,0.7045,0.708,0.7087,0.7027,0.71,0.7125,0.7002,0.6969,0.6994,0.7023,0.7117,0.7139,0.7348,0.7407,0.7709,0.7478,0.7094,0.7411,0.7329,0.7303,0.7289,0.5465,0.5704,0.5647,0.5507,0.5406,0.5146,1.114,0.9252,0.6406,0.4208,473.839,498.441,591.536,629.893,171.696,445.952,479.075,584.856,606.713,147.306,431.607,451.46,603.15,653.448,110.649,434.029,460.574,571.612,636.231,144.8,405.386,454.483,565.732,637.069,124.856,414.549,410.87,562.803,627.381,117.283,350.709,470.552,591.385,636.445,167.829,430.715,436.918,567.902,619.379,137.889
6,0.08102,0.07162,0.06834,0.08979,0.1258,0.1482,0.1279,0.1394,0.1246,0.1182,0.1311,0.1151,0.1138,0.1105,0.1026,0.1023,0.115,0.1118,0.1127,0.1392,0.1105,0.1127,0.1123,0.1271,0.241,0.5563,0.4428,0.2953,0.1826,0.1138,0.1264,0.1052,0.09318,0.1242,0.1313,0.1369,0.1627,0.1599,0.156,0.3222,0.3754,0.3907,0.4096,0.4241,0.4491,0.4884,0.4759,0.4504,0.3662,0.3663,0.4193,0.7984,0.6412,0.4263,0.2664,0.1742,0.1188,0.1682,0.1363,0.12,0.1717,0.1908,0.2016,0.2389,0.2551,0.2608,0.4475,0.528,0.5614,0.587,0.6071,0.6217,0.6235,0.6349,0.632,0.6288,0.6332,0.6268,0.6365,0.6417,0.6449,0.6479,0.666,0.6807,0.6538,0.6498,0.6698,0.6859,0.689,0.677,0.6848,0.6876,0.6905,0.6917,0.6937,0.7019,0.7083,0.7118,0.7121,0.706,0.7129,0.7155,0.704,0.6998,0.7033,0.7061,0.7143,0.7169,0.7385,0.7438,0.7713,0.7484,0.7107,0.7427,0.734,0.7321,0.7307,0.5492,0.5732,0.5669,0.5533,0.5431,0.5164,1.119,0.9337,0.6484,0.4273,469.609,495.528,589.287,626.257,171.056,442.487,476.386,582.39,604.605,143.374,427.346,448.801,601.238,652.136,106.918,430.078,458.154,569.118,632.307,143.066,403.146,452.128,562.657,633.443,124.192,411.767,408.602,559.874,624.076,115.245,347.293,468.116,589.849,632.118,166.56,426.74,434.568,565.806,612.886,136.589
7,0.07829,0.06872,0.06522,0.08579,0.1222,0.1445,0.1243,0.1361,0.121,0.1147,0.1277,0.1117,0.1103,0.1071,0.09943,0.09924,0.112,0.1085,0.1093,0.1364,0.1172,0.1133,0.1106,0.1247,0.2371,0.5497,0.4328,0.2868,0.1767,0.1112,0.1234,0.1028,0.09034,0.121,0.1282,0.1334,0.1588,0.1563,0.1519,0.3174,0.3698,0.3853,0.4037,0.4183,0.4437,0.4832,0.4698,0.4438,0.3588,0.3592,0.4126,0.7886,0.6277,0.4161,0.2597,0.1694,0.1164,0.1662,0.1337,0.1181,0.1687,0.1881,0.1986,0.2361,0.2523,0.258,0.4442,0.5246,0.5585,0.5836,0.604,0.6188,0.6205,0.632,0.6289,0.6255,0.6298,0.6236,0.6332,0.6384,0.6412,0.645,0.6631,0.6781,0.6512,0.647,0.6667,0.6827,0.686,0.6737,0.6815,0.6841,0.6873,0.6888,0.6908,0.6987,0.7049,0.7086,0.7091,0.7035,0.7105,0.7127,0.7008,0.697,0.7003,0.7028,0.7121,0.7146,0.7361,0.7414,0.7705,0.7475,0.7439,0.7506,0.7344,0.7308,0.729,0.546,0.5705,0.5655,0.5516,0.5413,0.5133,1.111,0.9186,0.6356,0.4167,474.168,501.389,594.051,633.742,172.281,448.59,481.308,587.582,612.01,148.52,431.099,454.271,605.163,654.898,114.816,435.211,462.873,574.236,640.222,147.008,407.169,456.962,569.2,640.756,125.773,416.606,413.195,565.571,630.455,120.624,353.307,473.066,593.138,638.155,171.796,430.702,439.36,570.201,625.295,140.073
8,0.07751,0.06749,0.06405,0.08465,0.1209,0.1434,0.1233,0.1357,0.1204,0.1142,0.1274,0.1112,0.1097,0.1066,0.09849,0.09852,0.1114,0.1079,0.1088,0.1358,0.1165,0.1129,0.1099,0.1242,0.2369,0.5477,0.4302,0.2846,0.1754,0.111,0.1233,0.1026,0.09037,0.1206,0.1274,0.1326,0.158,0.1552,0.1509,0.316,0.3686,0.3833,0.4022,0.4162,0.4418,0.4817,0.4686,0.4424,0.3568,0.3571,0.4107,0.7852,0.6241,0.4139,0.258,0.1689,0.1175,0.1675,0.1343,0.1181,0.1687,0.1877,0.1985,0.236,0.2521,0.2574,0.4437,0.5242,0.5583,0.583,0.6038,0.6191,0.6204,0.632,0.6287,0.6249,0.6299,0.6231,0.6327,0.6383,0.641,0.6447,0.663,0.6787,0.6514,0.6468,0.6671,0.6825,0.6859,0.6733,0.6812,0.684,0.6873,0.6888,0.6904,0.6989,0.705,0.7086,0.7093,0.7031,0.7103,0.7128,0.7005,0.6967,0.7003,0.7026,0.7121,0.7144,0.7365,0.742,0.7725,0.7492,0.7102,0.7422,0.7337,0.7313,0.7294,0.546,0.5714,0.5652,0.554,0.5431,0.5146,1.109,0.9192,0.6359,0.4177,477.154,504.399,596.548,634.375,172.855,452.936,483.567,589.62,612.255,148.783,435.5,457.083,606.928,656.28,111.671,439.106,465.277,576.719,641.352,146.513,409.558,459.428,570.89,642.858,126.187,419.794,415.624,567.539,632.854,118.567,356.959,475.58,594.768,639.514,169.471,434.868,441.812,572.487,625.387,139.708
9,0.0809,0.07157,0.0683,0.08973,0.1256,0.1483,0.1276,0.1398,0.1246,0.1182,0.1311,0.1152,0.1136,0.1104,0.1024,0.1022,0.1151,0.1117,0.1124,0.1389,0.1106,0.1123,0.1121,0.1271,0.2413,0.5566,0.4432,0.2954,0.1827,0.1139,0.1262,0.1055,0.09285,0.124,0.1312,0.1365,0.1625,0.1599,0.1556,0.322,0.3754,0.3904,0.4094,0.4242,0.449,0.4883,0.4755,0.4503,0.3664,0.3663,0.419,0.7981,0.641,0.4261,0.2665,0.1738,0.1181,0.168,0.1359,0.12,0.1715,0.1903,0.2012,0.2386,0.2548,0.2604,0.4472,0.5276,0.5613,0.5864,0.6067,0.6214,0.6232,0.6346,0.6316,0.6284,0.6335,0.6265,0.6363,0.6412,0.6444,0.6473,0.665,0.6797,0.6527,0.641,0.659,0.6734,0.6756,0.6632,0.6708,0.6733,0.6761,0.6775,0.6795,0.6874,0.6934,0.6971,0.6978,0.6917,0.6986,0.7011,0.6894,0.686,0.6893,0.6918,0.7006,0.7032,0.7245,0.73,0.759,0.7372,0.7339,0.7398,0.7237,0.7207,0.7192,0.5366,0.5607,0.5543,0.5404,0.5307,0.5059,1.107,0.9142,0.6289,0.4091,467.266,495.325,589.186,627.433,171.013,441.455,476.215,582.916,608.242,144.404,424.87,448.632,601.584,652.118,109.379,428.418,457.964,569.19,633.01,145.271,402.695,451.948,564.295,633.821,124.156,411.259,408.444,560.398,624.915,117.993,346.56,467.93,589.874,633.739,167.079,424.316,434.414,565.689,618.863,137.947
10,0.07495,0.06511,0.06167,0.08281,0.1191,0.1417,0.1183,0.1289,0.1138,0.1078,0.121,0.1053,0.1041,0.1015,0.09374,0.09409,0.1072,0.1041,0.1053,0.1324,0.1136,0.1103,0.1078,0.1222,0.234,0.546,0.4305,0.2845,0.1754,0.1103,0.1229,0.1023,0.09049,0.121,0.1282,0.1334,0.1591,0.1567,0.1526,0.3184,0.3712,0.386,0.405,0.4197,0.4453,0.4849,0.4717,0.446,0.3609,0.3606,0.4146,0.7909,0.6263,0.4142,0.2596,0.1653,0.1141,0.1671,0.1337,0.1174,0.1674,0.1866,0.1971,0.2345,0.2504,0.2566,0.4425,0.5217,0.5517,0.5754,0.5957,0.6105,0.6124,0.6245,0.6211,0.6185,0.6234,0.6169,0.6267,0.6326,0.6363,0.6399,0.6586,0.6738,0.6465,0.6431,0.6637,0.6796,0.6831,0.6708,0.6791,0.682,0.6855,0.687,0.6897,0.6973,0.704,0.7078,0.7085,0.7025,0.7096,0.7124,0.7009,0.6968,0.7004,0.7028,0.7121,0.7152,0.7366,0.7419,0.7668,0.7438,0.7413,0.748,0.7314,0.728,0.7261,0.5424,0.5684,0.563,0.547,0.536,0.5066,1.104,0.9138,0.6304,0.4058,474.74,501.449,594.099,633.683,172.292,449.284,481.362,587.557,611.952,148.274,433.706,454.316,605.166,654.924,114.631,436.562,462.923,574.271,640.176,146.847,407.412,457.009,569.078,640.739,125.75,417.071,413.231,565.568,630.443,120.345,353.618,473.115,593.152,638.182,171.654,432.731,439.392,570.224,624.929,139.846
11,0.07645,0.06692,0.06344,0.08412,0.1202,0.1427,0.1227,0.1344,0.1193,0.113,0.1263,0.11,0.1087,0.1057,0.09773,0.09764,0.1103,0.107,0.1078,0.1349,0.1157,0.1118,0.109,0.1234,0.2357,0.5484,0.432,0.2854,0.1755,0.1092,0.122,0.1013,0.08887,0.1196,0.1268,0.132,0.1575,0.1549,0.1507,0.3159,0.3689,0.3839,0.4027,0.4169,0.4423,0.4817,0.4692,0.443,0.3578,0.358,0.4113,0.7882,0.627,0.4153,0.2584,0.1678,0.1138,0.1649,0.1324,0.1167,0.1679,0.187,0.1979,0.2352,0.2513,0.2567,0.443,0.5234,0.5574,0.5823,0.603,0.6176,0.6195,0.6309,0.6275,0.6241,0.6292,0.6221,0.6321,0.6373,0.6404,0.6433,0.6617,0.6776,0.6497,0.6461,0.6663,0.6817,0.6847,0.6722,0.6804,0.6834,0.686,0.6873,0.6899,0.6979,0.7041,0.7078,0.7083,0.7025,0.7092,0.7122,0.6998,0.6958,0.6991,0.7021,0.7112,0.7132,0.7347,0.7403,0.771,0.7478,0.7091,0.7409,0.7324,0.7306,0.7286,0.5451,0.5702,0.5644,0.5505,0.5405,0.5136,1.111,0.9223,0.6382,0.4189,472.373,500.706,593.526,632.386,172.161,447.523,480.606,586.74,609.07,148.356,429.08,453.639,604.633,654.626,112.407,433.463,462.317,573.596,638.962,145.543,406.527,456.375,567.797,639.704,125.458,415.824,412.603,564.795,629.537,118.62,352.188,472.478,592.72,637.888,170.064,428.748,438.77,569.708,622.193,138.724
12,0.07267,0.06245,0.05895,0.08005,0.116,0.1382,0.1181,0.1305,0.1156,0.1095,0.1225,0.1068,0.1053,0.1027,0.09477,0.09496,0.1079,0.1047,0.1059,0.1325,0.1045,0.1067,0.1065,0.1217,0.2359,0.5512,0.4388,0.2913,0.1783,0.1085,0.1225,0.1018,0.08974,0.121,0.1288,0.1345,0.1602,0.1578,0.1539,0.3201,0.3736,0.3894,0.4083,0.423,0.4482,0.4873,0.4727,0.4472,0.3621,0.3622,0.4128,0.791,0.6326,0.4158,0.2532,0.159,0.09334,0.1584,0.127,0.1113,0.1645,0.1846,0.1949,0.2322,0.2482,0.2537,0.4403,0.5207,0.5547,0.5795,0.6001,0.6147,0.6174,0.6286,0.6253,0.6228,0.6274,0.6214,0.6311,0.6362,0.6396,0.6429,0.661,0.6764,0.6497,0.6461,0.6666,0.6819,0.685,0.6738,0.6811,0.6844,0.6872,0.6889,0.6912,0.6968,0.7021,0.7058,0.7058,0.6997,0.7044,0.7062,0.6944,0.6902,0.6924,0.6948,0.7031,0.7058,0.7268,0.7322,0.7622,0.74,0.7024,0.7339,0.7261,0.7235,0.7227,0.5409,0.5646,0.5588,0.545,0.5354,0.5106,1.113,0.9316,0.6446,0.4223,470.495,494.428,588.35,623.788,170.231,442.388,475.236,581.284,602.877,140.399,428.862,447.742,600.551,649.238,104.557,430.507,457.259,568.108,629.69,142.034,402.661,451.197,561.069,630.943,123.943,411.24,407.555,558.423,621.249,113.939,346.58,467.165,589.138,626.927,166.199,427.96,433.617,564.942,608.407,135.303
13,0.07883,0.06932,0.06582,0.08668,0.123,0.1455,0.1253,0.1371,0.1225,0.1158,0.129,0.1129,0.1114,0.1084,0.1001,0.1002,0.1129,0.1097,0.1104,0.137,0.1094,0.1113,0.1108,0.1255,0.2393,0.5526,0.436,0.2896,0.1787,0.1118,0.1243,0.1035,0.09104,0.1219,0.1293,0.1348,0.1603,0.1578,0.1534,0.3193,0.3722,0.3872,0.406,0.4206,0.446,0.485,0.4726,0.4467,0.3624,0.3621,0.4153,0.7929,0.6351,0.4212,0.2628,0.1716,0.1173,0.1669,0.135,0.1178,0.1695,0.1884,0.1977,0.2347,0.2503,0.2506,0.4353,0.5148,0.548,0.5725,0.5929,0.607,0.6091,0.62,0.6169,0.6136,0.6191,0.6122,0.6216,0.6269,0.6305,0.6332,0.6515,0.6669,0.6401,0.6356,0.6562,0.6719,0.6748,0.663,0.6704,0.6736,0.6764,0.6779,0.6804,0.6884,0.6944,0.6987,0.6989,0.693,0.7001,0.7028,0.6913,0.6869,0.6911,0.6936,0.7024,0.705,0.7265,0.7318,0.7621,0.7395,0.7011,0.7332,0.7249,0.7228,0.7207,0.538,0.5627,0.5568,0.5429,0.5327,0.5069,1.105,0.916,0.6315,0.4109,472.032,499.049,592.115,628.066,171.212,445.702,479.735,585.363,604.843,145.644,429.115,452.077,603.648,651.247,106.832,432.877,461.074,572.224,633.688,145.072,405.568,455.025,566.321,635.417,124.951,414.686,411.399,562.864,625.801,117.082,350.926,471.084,591.79,631.532,167.511,429.109,437.483,568.411,617.839,138.226
14,0.08154,0.07227,0.06891,0.09011,0.1261,0.1485,0.1283,0.1391,0.1244,0.118,0.1312,0.1152,0.1135,0.1106,0.1027,0.1026,0.1152,0.1118,0.1128,0.1393,0.1108,0.1126,0.1121,0.1267,0.2385,0.5535,0.4383,0.2914,0.1804,0.1132,0.1256,0.1045,0.09243,0.1234,0.131,0.1361,0.1622,0.1595,0.1552,0.3217,0.3745,0.3898,0.4089,0.4231,0.4484,0.4875,0.4743,0.4491,0.3649,0.3652,0.4177,0.7968,0.6392,0.4251,0.2656,0.1736,0.1179,0.1678,0.1357,0.1199,0.1712,0.1902,0.201,0.2387,0.2546,0.2602,0.4469,0.5272,0.5612,0.5862,0.6062,0.6211,0.6232,0.6344,0.6307,0.6281,0.6329,0.6264,0.6356,0.6409,0.6442,0.6469,0.6651,0.6799,0.653,0.6487,0.6691,0.685,0.6882,0.676,0.6838,0.6867,0.6895,0.6906,0.6933,0.7013,0.7068,0.7106,0.7111,0.7051,0.7124,0.7147,0.7032,0.6991,0.702,0.7048,0.714,0.716,0.7378,0.7425,0.7647,0.7423,0.7049,0.7377,0.7299,0.7293,0.728,0.5468,0.5708,0.5651,0.5519,0.5414,0.5128,1.115,0.9255,0.6411,0.4214,470.863,496.554,590.198,628.238,171.345,444.539,477.422,583.604,606.253,145.868,432.575,449.766,602.188,652.677,109.38,433.272,458.977,570.149,634.107,144.582,404.151,452.962,564.534,634.945,124.409,413.554,409.362,561.287,625.779,116.944,348.733,468.998,590.476,634.615,167.228,430.934,435.381,566.605,618.234,137.547
15,0.07599,0.06615,0.06257,0.08315,0.1195,0.142,0.1219,0.1341,0.1189,0.1128,0.126,0.1098,0.1085,0.1052,0.09715,0.09719,0.1102,0.1067,0.1078,0.1346,0.1154,0.1114,0.1086,0.1234,0.2355,0.5463,0.4295,0.2836,0.1744,0.1102,0.1223,0.1016,0.08943,0.1195,0.1268,0.1318,0.1571,0.1542,0.1501,0.3154,0.3676,0.3825,0.4013,0.4159,0.4413,0.4809,0.4682,0.4419,0.3563,0.3563,0.4103,0.785,0.6239,0.4131,0.2573,0.1679,0.1158,0.167,0.1333,0.1172,0.1679,0.1873,0.1977,0.2352,0.2512,0.2569,0.4428,0.5235,0.5573,0.5824,0.6032,0.6179,0.6199,0.6312,0.6276,0.624,0.6297,0.6219,0.6323,0.6375,0.6407,0.6436,0.6625,0.6777,0.6502,0.6463,0.6663,0.682,0.6851,0.6723,0.6808,0.6837,0.6862,0.6876,0.6899,0.6984,0.7045,0.7082,0.7089,0.7022,0.7092,0.7122,0.7003,0.6962,0.6995,0.7025,0.7114,0.7141,0.7355,0.7409,0.7713,0.7486,0.7098,0.742,0.7329,0.7307,0.729,0.5454,0.5705,0.5653,0.5531,0.5428,0.514,1.11,0.924,0.6401,0.4205,475.562,503.691,595.998,632.156,172.728,450.552,483.642,588.951,611.06,145.306,431.741,456.433,606.374,655.923,106.731,436.506,464.677,576.021,638.901,145.157,408.76,458.887,569.37,641.073,125.971,418.51,415.017,566.297,631.051,116.445,355.719,474.974,594.291,634.936,168.725,431.818,441.208,571.959,620.109,138.882
16,0.07939,0.07008,0.06671,0.08786,0.124,0.1464,0.126,0.1383,0.1231,0.117,0.1296,0.1136,0.1121,0.1091,0.1011,0.1008,0.1137,0.1102,0.111,0.1376,0.1092,0.1108,0.1106,0.1257,0.2398,0.5547,0.4386,0.2914,0.1799,0.1121,0.1249,0.1037,0.09134,0.1224,0.1299,0.1354,0.1609,0.1584,0.1541,0.3202,0.3734,0.3887,0.4075,0.4218,0.4469,0.4862,0.4746,0.4483,0.3639,0.364,0.417,0.7953,0.638,0.4238,0.2642,0.1721,0.1165,0.1671,0.1353,0.1191,0.1702,0.1896,0.2005,0.2379,0.2538,0.2593,0.4461,0.5264,0.5603,0.5852,0.6057,0.6203,0.6226,0.6337,0.6303,0.6273,0.6321,0.6252,0.6349,0.6401,0.6434,0.6462,0.6644,0.6799,0.6529,0.649,0.6694,0.6846,0.6876,0.6752,0.6834,0.6862,0.6889,0.6903,0.6929,0.7005,0.7063,0.7105,0.7108,0.705,0.7119,0.7144,0.7025,0.6989,0.7018,0.7047,0.7134,0.7156,0.7371,0.7423,0.7723,0.7496,0.7116,0.7436,0.7343,0.7325,0.7307,0.5487,0.5723,0.566,0.5528,0.5422,0.5158,1.117,0.9365,0.6503,0.4279,468.668,496.794,590.352,626.843,171.405,442.752,477.589,583.3,605.418,142.726,426.058,449.969,602.035,652.765,106.921,429.648,459.114,570.058,633.747,141.737,403.721,453.116,562.82,634.595,124.454,412.48,409.518,560.667,624.915,114.228,348.079,469.115,590.414,632.707,166.891,425.545,435.559,566.763,611.439,135.724
17,0.07041,0.06138,0.05776,0.07874,0.1145,0.1371,0.1174,0.1292,0.1146,0.1083,0.1215,0.1055,0.1039,0.1012,0.09297,0.09318,0.1059,0.1026,0.1035,0.1301,0.1113,0.1074,0.1049,0.119,0.2316,0.5441,0.4274,0.2818,0.1712,0.1039,0.1183,0.09742,0.08506,0.1161,0.1234,0.1288,0.1544,0.1514,0.1476,0.3125,0.3655,0.3807,0.3996,0.4137,0.4393,0.4786,0.4661,0.4401,0.3553,0.3552,0.4086,0.7854,0.6239,0.4123,0.2554,0.1642,0.1089,0.1622,0.1297,0.1141,0.1655,0.185,0.1958,0.233,0.2491,0.2546,0.4407,0.5214,0.5552,0.5798,0.6005,0.6152,0.6173,0.6285,0.625,0.6222,0.6271,0.6206,0.63,0.6351,0.6383,0.6415,0.6601,0.6753,0.6477,0.6438,0.6638,0.6802,0.683,0.6707,0.6784,0.6816,0.6843,0.6862,0.6878,0.6964,0.7022,0.7063,0.7068,0.7004,0.7075,0.7101,0.6982,0.695,0.6982,0.7003,0.7093,0.7119,0.7336,0.7393,0.7686,0.746,0.7077,0.7397,0.7307,0.7287,0.7269,0.5442,0.5685,0.5633,0.5496,0.5391,0.5119,1.11,0.9284,0.6434,0.422,476.376,500.525,593.251,630.633,172.093,449.067,480.348,586.231,608.072,145.653,434.034,453.402,604.253,654.411,109.741,436.478,462.214,573.157,638.202,143.556,407.018,456.217,566.114,638.924,125.307,416.564,412.42,563.887,628.591,115.314,353.203,472.317,592.298,636.982,168.258,432.978,438.635,569.484,616.275,136.79
18,0.07317,0.06431,0.06111,0.08254,0.118,0.1405,0.1198,0.131,0.1162,0.1102,0.1224,0.1067,0.1053,0.1025,0.09407,0.09412,0.1065,0.1033,0.1041,0.1301,0.102,0.1044,0.1039,0.1187,0.233,0.5516,0.4392,0.2909,0.1762,0.09985,0.1164,0.09662,0.084,0.1169,0.1251,0.1307,0.1564,0.1541,0.1502,0.3165,0.3703,0.3866,0.4054,0.4204,0.4452,0.4833,0.4715,0.447,0.3647,0.365,0.4164,0.799,0.6415,0.4247,0.2608,0.1652,0.1007,0.1602,0.1291,0.1134,0.1665,0.1861,0.1966,0.234,0.2497,0.255,0.4421,0.5223,0.5561,0.5809,0.6011,0.6154,0.6177,0.6287,0.6257,0.623,0.628,0.6215,0.631,0.6356,0.639,0.6419,0.6594,0.674,0.6483,0.6443,0.6647,0.6799,0.6829,0.6717,0.6789,0.6824,0.6854,0.6868,0.6887,0.6959,0.7025,0.7059,0.7063,0.7012,0.7075,0.7102,0.6984,0.695,0.6981,0.7006,0.7095,0.7119,0.7324,0.7377,0.7659,0.7439,0.7064,0.7372,0.73,0.7277,0.7261,0.546,0.568,0.5619,0.5477,0.5382,0.5144,1.122,0.9344,0.6469,0.4239,460.419,487.61,583.035,618.611,168.099,434.314,469.184,576.343,597.025,141.337,420.005,441.689,596.643,644.352,105.045,422.26,451.902,562.939,623.184,142.003,397.415,445.766,556.846,624.428,122.462,405.121,402.127,553.46,615.53,114.63,336.996,461.283,585.764,621.814,164.604,419.656,428.405,559.913,606.474,135.377
19,0.07899,0.06929,0.06552,0.08606,0.1224,0.1448,0.1247,0.1371,0.1218,0.1155,0.1288,0.1122,0.111,0.1076,0.09964,0.09947,0.1124,0.109,0.1097,0.1367,0.1174,0.1136,0.1108,0.1254,0.2378,0.5484,0.4315,0.2856,0.1765,0.1124,0.1243,0.1035,0.09121,0.1211,0.1282,0.1332,0.1587,0.1558,0.1514,0.3167,0.3693,0.3836,0.4027,0.4168,0.4425,0.4823,0.4694,0.443,0.3569,0.3571,0.411,0.786,0.6252,0.414,0.2583,0.169,0.1175,0.1679,0.1347,0.1182,0.1687,0.1879,0.1987,0.2362,0.2521,0.2577,0.4438,0.5245,0.5583,0.5834,0.604,0.6188,0.6206,0.6318,0.6285,0.6252,0.6303,0.6233,0.633,0.6383,0.6411,0.6448,0.663,0.6789,0.6513,0.6469,0.6672,0.6825,0.6859,0.6733,0.6812,0.684,0.6873,0.6887,0.6904,0.6988,0.7049,0.7086,0.7091,0.7032,0.71,0.7127,0.7003,0.6965,0.7002,0.7025,0.712,0.7143,0.7363,0.7419,0.7725,0.7495,0.7104,0.7429,0.7338,0.7314,0.7297,0.5459,0.5712,0.5653,0.5536,0.543,0.5149,1.109,0.9196,0.6356,0.4175,477.741,504.219,596.392,633.797,172.817,451.881,484.031,589.507,612.049,148.136,434.189,456.903,606.827,656.191,110.122,438.305,465.12,576.572,640.446,146.636,409.392,459.262,570.778,642.281,126.095,419.269,415.464,567.224,632.625,118.378,356.755,475.426,594.673,637.965,169.044,433.835,441.65,572.334,624.978,139.66
20,0.07296,0.06367,0.06042,0.08119,0.1171,0.1397,0.1199,0.1317,0.1168,0.1106,0.1234,0.1075,0.1061,0.1029,0.09481,0.09473,0.1076,0.1043,0.1052,0.1316,0.104,0.1057,0.1053,0.1202,0.233,0.5458,0.4298,0.2837,0.1726,0.1048,0.1191,0.09826,0.08563,0.1169,0.1242,0.1298,0.1554,0.1524,0.1485,0.3138,0.3665,0.3816,0.4007,0.4152,0.4401,0.4799,0.4673,0.4411,0.3564,0.3565,0.4098,0.7869,0.6293,0.4148,0.2563,0.1649,0.1086,0.162,0.1298,0.1139,0.1656,0.1853,0.1959,0.2331,0.2491,0.2548,0.4407,0.5214,0.5554,0.5798,0.6005,0.6149,0.6171,0.6284,0.6249,0.6219,0.6269,0.6204,0.6295,0.6348,0.6377,0.6407,0.6596,0.6747,0.6476,0.6436,0.6636,0.6793,0.6826,0.6702,0.6779,0.681,0.6838,0.6849,0.6874,0.6957,0.7017,0.7052,0.7057,0.7004,0.7071,0.7093,0.6975,0.6938,0.6966,0.6994,0.7085,0.7109,0.7323,0.738,0.7671,0.7442,0.7058,0.7377,0.7291,0.7276,0.7255,0.5423,0.5677,0.5615,0.5483,0.5377,0.5106,1.109,0.9222,0.6367,0.4171,474.027,499.25,592.231,630.645,171.856,446.462,479.916,585.496,607.465,147.326,431.675,452.237,603.58,653.828,111.085,434.383,461.232,572.275,637.139,144.852,405.892,455.176,566.3,638.023,125.058,415.089,411.533,563.387,628.069,117.488,351.455,471.246,591.821,637.104,168.301,430.77,437.615,568.537,619.668,138.135
21,0.07741,0.06826,0.06481,0.08585,0.1219,0.1442,0.1235,0.1356,0.1207,0.1142,0.1274,0.1106,0.109,0.1045,0.09654,0.09635,0.1093,0.1065,0.1073,0.1315,0.1016,0.1031,0.1027,0.1179,0.231,0.5443,0.4286,0.2821,0.1714,0.1023,0.1178,0.09767,0.08544,0.1167,0.1244,0.1298,0.1557,0.1531,0.1493,0.3149,0.3681,0.3834,0.4026,0.4174,0.4429,0.4822,0.4703,0.4446,0.3599,0.3602,0.4132,0.7915,0.6337,0.4201,0.2619,0.1707,0.1155,0.1668,0.1345,0.1184,0.1697,0.1888,0.1996,0.2365,0.2525,0.2576,0.4435,0.5239,0.5581,0.5826,0.6032,0.6168,0.6187,0.6282,0.625,0.6224,0.6273,0.6204,0.6308,0.6324,0.6339,0.6362,0.6543,0.67,0.6429,0.6389,0.6592,0.675,0.6784,0.6663,0.6742,0.6776,0.6807,0.6821,0.6849,0.6931,0.6996,0.7039,0.7045,0.6986,0.7062,0.7084,0.6972,0.6936,0.6967,0.6999,0.7092,0.7116,0.7333,0.7393,0.7696,0.7469,0.7089,0.7406,0.732,0.73,0.7286,0.5456,0.5702,0.5644,0.5513,0.5403,0.5132,1.112,0.9286,0.6415,0.4198,471.073,498.783,591.889,629.171,171.784,445.014,479.444,584.955,606.491,145.15,428.111,451.833,603.255,653.686,108.966,431.984,460.838,571.776,636.281,143.29,405.217,454.778,564.819,637.108,124.91,414.267,411.092,562.609,627.17,114.984,350.276,470.831,591.487,635.521,167.668,427.635,437.224,568.223,614.793,136.446
22,0.07575,0.06634,0.06074,0.08067,0.1157,0.1377,0.1174,0.1293,0.1145,0.108,0.1214,0.1056,0.1043,0.1013,0.09366,0.09358,0.1067,0.1037,0.1046,0.1315,0.1128,0.1095,0.107,0.1214,0.2342,0.5475,0.4316,0.2856,0.1752,0.1085,0.1217,0.101,0.08894,0.1198,0.1271,0.1326,0.1584,0.1559,0.1519,0.3178,0.3705,0.3859,0.405,0.4197,0.4448,0.4847,0.4724,0.4463,0.3616,0.362,0.4151,0.7923,0.635,0.4215,0.2633,0.1723,0.1183,0.1683,0.1357,0.1196,0.1707,0.1899,0.2009,0.2381,0.2546,0.2599,0.4465,0.527,0.561,0.5862,0.6064,0.6215,0.623,0.6346,0.6316,0.6282,0.6328,0.6264,0.6358,0.6415,0.6441,0.6478,0.6658,0.6807,0.6529,0.6485,0.6683,0.6837,0.6867,0.674,0.6816,0.6838,0.6843,0.6853,0.6877,0.6951,0.6988,0.7019,0.7021,0.6948,0.7013,0.7039,0.6917,0.6879,0.6913,0.6939,0.7031,0.7057,0.7274,0.7332,0.7635,0.7413,0.7028,0.7349,0.7266,0.7248,0.7234,0.5408,0.5655,0.5601,0.5468,0.5365,0.5097,1.109,0.9282,0.6425,0.4217,474.165,499.507,592.438,629.771,171.902,447.592,479.33,585.45,607.116,145.328,431.671,452.477,603.632,653.94,109.327,434.579,461.434,572.312,637.128,143.276,406.074,455.389,565.244,637.872,125.077,415.361,411.731,563.056,627.709,115.036,351.729,471.45,591.794,636.186,167.928,430.97,437.82,568.727,615.172,136.564
23,0.08013,0.07083,0.0675,0.08852,0.1249,0.1464,0.1253,0.1368,0.1199,0.113,0.125,0.1082,0.1063,0.1029,0.09447,0.0942,0.1041,0.09989,0.1005,0.1266,0.09815,0.09987,0.09968,0.1144,0.2275,0.5415,0.4246,0.2785,0.1677,0.09639,0.1144,0.09281,0.08012,0.1123,0.1202,0.1259,0.1513,0.1487,0.1443,0.3098,0.3631,0.3787,0.3976,0.4118,0.4373,0.4764,0.4636,0.4385,0.3543,0.3546,0.4073,0.7858,0.6281,0.4124,0.2521,0.1591,0.09909,0.1576,0.1257,0.1097,0.163,0.1827,0.1934,0.2305,0.2462,0.2518,0.4378,0.518,0.5523,0.5772,0.5974,0.6118,0.6143,0.6252,0.622,0.6188,0.6238,0.6173,0.6266,0.6322,0.635,0.6383,0.6563,0.6714,0.6445,0.6409,0.661,0.6766,0.6799,0.6677,0.6752,0.6788,0.6814,0.683,0.6854,0.693,0.6991,0.7029,0.7036,0.6981,0.7045,0.7073,0.6954,0.6917,0.6948,0.6977,0.7066,0.7088,0.7299,0.7356,0.7651,0.7425,0.7041,0.7357,0.7277,0.7255,0.7237,0.5418,0.566,0.5601,0.5464,0.536,0.5097,1.111,0.9309,0.6443,0.4219,471.162,496.072,589.659,625.981,171.18,443.383,476.812,582.618,604.618,142.34,429.107,449.246,601.509,652.334,106.236,431.307,458.542,569.385,632.822,141.511,403.633,452.517,562.168,633.679,124.29,412.368,408.913,559.919,624.032,114.016,348.051,468.523,589.979,631.616,166.653,428.296,434.936,566.142,610.414,135.546
24,0.08029,0.07093,0.06788,0.08926,0.1254,0.1477,0.1275,0.139,0.1241,0.1179,0.1305,0.1147,0.1132,0.1101,0.1021,0.1018,0.1145,0.1112,0.112,0.1383,0.11,0.112,0.1116,0.1267,0.2414,0.5579,0.4449,0.2966,0.1829,0.1132,0.1253,0.1047,0.09239,0.1237,0.1312,0.1365,0.1623,0.1598,0.1557,0.3222,0.3755,0.3909,0.4098,0.4246,0.4495,0.4883,0.4761,0.4509,0.3672,0.3674,0.4195,0.8005,0.6431,0.4282,0.2672,0.1737,0.1164,0.1673,0.1354,0.1194,0.1709,0.19,0.2009,0.238,0.254,0.2596,0.447,0.5273,0.5609,0.5855,0.6063,0.6208,0.6229,0.6339,0.6308,0.6283,0.6328,0.6262,0.6358,0.6409,0.6435,0.6469,0.6648,0.6798,0.6532,0.6496,0.6696,0.685,0.6878,0.6763,0.6839,0.687,0.6897,0.6907,0.6931,0.7011,0.7076,0.7106,0.711,0.7053,0.7118,0.7147,0.7029,0.6993,0.7021,0.705,0.7137,0.7157,0.7372,0.7426,0.7721,0.7499,0.7108,0.7429,0.7347,0.7324,0.7312,0.5498,0.5724,0.5664,0.5524,0.5429,0.5178,1.122,0.9323,0.6464,0.4255,464.641,492.539,587.029,619.937,169.371,438.781,473.672,580.374,596.71,143.28,422.645,446.009,600.01,645.377,104.262,425.537,455.609,567.017,626.415,143.416,400.679,449.469,561.077,627.52,123.495,408.753,405.739,557.542,617.973,115.846,341.296,465.435,588.683,624.011,164.303,421.961,431.932,563.638,611.005,136.49
25,0.08103,0.07128,0.0677,0.08864,0.1248,0.1473,0.1269,0.139,0.1238,0.1172,0.1306,0.1141,0.1129,0.1097,0.1016,0.1014,0.1141,0.1109,0.1115,0.1385,0.1194,0.1155,0.1126,0.1269,0.2395,0.552,0.4359,0.2891,0.1788,0.1135,0.1254,0.1044,0.09225,0.1225,0.1298,0.135,0.1604,0.158,0.1537,0.3192,0.372,0.3869,0.4055,0.4201,0.4453,0.4846,0.4715,0.4453,0.3585,0.359,0.4127,0.7884,0.6245,0.4093,0.2496,0.1605,0.1042,0.1587,0.1248,0.1048,0.1588,0.179,0.1896,0.2263,0.242,0.2472,0.4325,0.5125,0.5462,0.5708,0.5917,0.6058,0.6074,0.619,0.6156,0.6123,0.6169,0.6103,0.6199,0.6256,0.6282,0.6319,0.6496,0.6649,0.6376,0.6337,0.6544,0.6698,0.6727,0.6604,0.6684,0.6718,0.6746,0.6757,0.6784,0.6865,0.6924,0.6961,0.6971,0.6907,0.6979,0.7003,0.6889,0.6851,0.688,0.6911,0.6996,0.7027,0.7238,0.7295,0.7576,0.7351,0.6963,0.7289,0.7201,0.7187,0.7167,0.5335,0.5588,0.5538,0.5392,0.5297,0.5015,1.099,0.9095,0.6252,0.405,476.945,500.87,593.566,632.694,172.169,449.955,480.728,586.877,609.296,148.775,437.045,453.719,604.698,654.631,113.363,438.176,462.473,573.694,639.222,145.806,407.435,456.491,568.113,639.889,125.517,417.436,412.697,564.943,629.689,119.087,353.752,472.617,592.753,637.893,170.502,435.182,438.841,569.757,623.006,138.91
26,0.07805,0.06861,0.0653,0.08647,0.1223,0.145,0.1247,0.1366,0.1216,0.1152,0.1283,0.112,0.1109,0.1077,0.09967,0.09961,0.1122,0.109,0.1097,0.1364,0.1078,0.1097,0.1094,0.1243,0.2381,0.5521,0.436,0.2894,0.1779,0.1109,0.1236,0.1028,0.09033,0.1211,0.1286,0.1342,0.1597,0.1569,0.1527,0.3186,0.3719,0.3866,0.4058,0.4201,0.4452,0.4849,0.4719,0.446,0.3618,0.3619,0.4148,0.7925,0.6353,0.4211,0.2622,0.1705,0.1156,0.1665,0.1341,0.1181,0.1694,0.1887,0.1994,0.2366,0.2529,0.2584,0.4448,0.5254,0.5589,0.5842,0.6046,0.6193,0.621,0.6327,0.6294,0.6262,0.6309,0.6245,0.634,0.6391,0.6421,0.6454,0.6634,0.6785,0.6517,0.6476,0.6679,0.6834,0.6864,0.6746,0.6825,0.6849,0.6881,0.6897,0.6913,0.6994,0.7058,0.7093,0.7098,0.7039,0.7106,0.7139,0.7014,0.698,0.7009,0.7034,0.7125,0.7153,0.7362,0.7423,0.7713,0.7491,0.7107,0.7426,0.7338,0.7319,0.7296,0.5474,0.5714,0.5659,0.5523,0.5416,0.5151,1.115,0.932,0.6464,0.4252,471.047,498.156,591.453,628.416,171.656,444.505,478.978,584.464,607.035,143.676,428.131,451.239,602.867,653.355,107.716,431.875,460.343,571.279,635.119,143.427,404.864,454.265,564.515,636.136,124.757,413.834,410.675,562.074,626.499,115.303,349.866,470.304,591.144,633.94,167.291,427.828,436.711,567.734,614.675,136.915
27,0.07848,0.06872,0.06547,0.08602,0.1225,0.1449,0.1248,0.1356,0.1211,0.1148,0.1282,0.1121,0.1107,0.1076,0.09973,0.09968,0.1127,0.1091,0.1099,0.1369,0.1181,0.1141,0.1112,0.1249,0.2325,0.5448,0.4292,0.2837,0.1747,0.1104,0.1228,0.1025,0.09061,0.1211,0.1283,0.1336,0.1591,0.1565,0.1523,0.3179,0.3704,0.3855,0.4043,0.4185,0.4439,0.4835,0.4706,0.4444,0.3594,0.3593,0.413,0.7888,0.6282,0.4166,0.2606,0.1709,0.1178,0.1679,0.135,0.1189,0.1696,0.1891,0.1995,0.2371,0.2534,0.2591,0.4452,0.5258,0.5593,0.5845,0.6052,0.6195,0.6218,0.6331,0.6294,0.6267,0.6313,0.6246,0.634,0.6393,0.6424,0.6455,0.6643,0.6793,0.6517,0.6479,0.6677,0.6836,0.6869,0.6744,0.682,0.6852,0.688,0.6894,0.6918,0.6998,0.7061,0.71,0.7103,0.7044,0.7116,0.7141,0.7014,0.6981,0.7011,0.7039,0.7129,0.7152,0.7367,0.7426,0.7665,0.7421,0.739,0.7461,0.7288,0.7259,0.7232,0.5375,0.5635,0.5546,0.5412,0.5315,0.4974,1.093,0.8984,0.614,0.395,474.309,501.982,594.704,635.074,172.401,449.146,481.924,588.428,614.389,149.131,432.124,454.827,605.733,655.202,117.011,435.901,463.326,574.849,641.376,148.251,407.53,457.453,570.611,641.514,126.376,417.097,413.627,566.375,631.567,122.117,353.865,473.564,593.641,638.455,172.945,431.334,439.853,570.645,627.69,142.134
28,0.08326,0.07375,0.07049,0.09174,0.1281,0.1505,0.13,0.1416,0.1267,0.1201,0.1331,0.117,0.1155,0.1124,0.1044,0.104,0.1168,0.1135,0.1142,0.1407,0.1124,0.1143,0.1136,0.1288,0.2428,0.5588,0.445,0.2973,0.1845,0.1154,0.1274,0.107,0.09437,0.1256,0.1327,0.1383,0.164,0.1614,0.1573,0.3238,0.3769,0.392,0.4112,0.4256,0.4509,0.4899,0.4768,0.4515,0.368,0.3679,0.4202,0.8004,0.6428,0.4281,0.2681,0.1757,0.1195,0.1687,0.137,0.121,0.1722,0.1914,0.2024,0.2396,0.256,0.2619,0.4483,0.5289,0.5626,0.5873,0.6081,0.6221,0.6245,0.6361,0.6324,0.6298,0.634,0.6278,0.6372,0.6419,0.6452,0.6487,0.667,0.6813,0.6541,0.6505,0.6708,0.6862,0.6893,0.6777,0.6851,0.6881,0.6912,0.6926,0.6946,0.7019,0.7086,0.7119,0.7125,0.7068,0.7137,0.716,0.7041,0.7008,0.7038,0.706,0.7145,0.7169,0.7372,0.7425,0.7687,0.7456,0.7426,0.7485,0.7329,0.7288,0.7215,0.5357,0.5597,0.5534,0.5385,0.5291,0.5018,1.103,0.9123,0.6255,0.4049,473.842,494.921,588.66,626.486,170.831,443.894,475.644,582.243,606.334,144.144,433.015,448.071,601.109,651.801,108.269,433.2,457.576,568.65,632.089,144.472,403.331,451.5,563.371,632.933,124.012,412.322,407.957,559.702,623.952,116.827,347.603,467.536,589.592,632.581,166.667,430.974,433.898,565.207,616.906,137.444
29,0.07676,0.06754,0.06403,0.08533,0.1213,0.1439,0.1235,0.1355,0.1204,0.1142,0.127,0.1112,0.1097,0.1066,0.09859,0.09842,0.111,0.1079,0.1085,0.135,0.1066,0.1086,0.1083,0.1233,0.237,0.5519,0.4362,0.2894,0.1775,0.1089,0.1224,0.1015,0.08914,0.1205,0.1276,0.1332,0.1587,0.1562,0.1519,0.3178,0.371,0.3864,0.4052,0.4197,0.4449,0.484,0.4714,0.4456,0.3618,0.3618,0.4148,0.7933,0.6358,0.4213,0.2616,0.1691,0.1122,0.1645,0.1326,0.1167,0.1683,0.1878,0.1985,0.2356,0.2516,0.2574,0.444,0.5244,0.5579,0.5827,0.6035,0.618,0.62,0.6312,0.6278,0.6254,0.6297,0.623,0.6327,0.638,0.6407,0.644,0.6622,0.6773,0.6504,0.6464,0.6668,0.6821,0.6853,0.6732,0.6808,0.684,0.6853,0.6864,0.6854,0.6923,0.698,0.7016,0.7019,0.6961,0.7027,0.7055,0.6931,0.6888,0.6898,0.6922,0.7007,0.703,0.724,0.7298,0.7596,0.7363,0.6983,0.7297,0.7218,0.7191,0.7175,0.5352,0.5592,0.5533,0.5388,0.5292,0.5039,1.105,0.9106,0.6235,0.4022,468.374,495.971,589.792,627.329,171.196,442.31,476.825,583.17,605.589,144.855,425.793,449.212,601.948,652.526,107.686,429.199,458.457,569.699,632.915,144.334,403.229,452.437,564.038,633.866,124.265,411.799,408.829,560.719,624.807,116.678,347.223,468.471,590.259,632.848,166.814,425.249,434.866,566.207,616.897,137.333
30,0.08247,0.0734,0.07003,0.0913,0.1276,0.1499,0.1295,0.1412,0.1261,0.1198,0.1325,0.1167,0.1151,0.1121,0.1038,0.1037,0.1164,0.1129,0.1141,0.1402,0.1118,0.1138,0.1134,0.1284,0.243,0.5594,0.4455,0.2976,0.1846,0.1151,0.1272,0.1062,0.09373,0.125,0.1326,0.1378,0.1636,0.1612,0.1568,0.3236,0.3766,0.3922,0.411,0.4255,0.4508,0.4894,0.4772,0.4518,0.3686,0.3682,0.4203,0.8009,0.643,0.4284,0.2681,0.1752,0.1186,0.1683,0.1367,0.1207,0.1721,0.1915,0.2019,0.2395,0.2553,0.2612,0.448,0.5281,0.5621,0.5869,0.6076,0.6219,0.624,0.6354,0.6323,0.6292,0.6337,0.6272,0.6366,0.6419,0.6446,0.6481,0.6666,0.6812,0.6545,0.6502,0.6704,0.6862,0.6893,0.6774,0.6847,0.6879,0.6906,0.692,0.6939,0.702,0.7081,0.7115,0.7123,0.706,0.7133,0.7155,0.704,0.6999,0.7033,0.7061,0.7141,0.7171,0.7384,0.7433,0.7729,0.7511,0.7477,0.7527,0.7376,0.7342,0.7318,0.5501,0.5735,0.5674,0.5538,0.5431,0.5188,1.122,0.9288,0.6436,0.4239,467.542,493.969,588.048,625.981,170.63,440.331,475.291,581.822,606.879,143.702,425.234,447.361,600.725,651.482,108.248,428.219,456.873,568.046,631.3,144.894,401.966,450.822,563.103,632.15,123.85,410.35,407.324,559.182,623.364,117.283,343.79,466.77,589.243,632.008,166.582,424.875,433.28,564.641,617.144,137.586
31,0.07756,0.0678,0.06427,0.08525,0.1212,0.1437,0.1235,0.1351,0.1202,0.1139,0.1271,0.1109,0.1095,0.1067,0.09839,0.09856,0.1113,0.1078,0.1087,0.1356,0.1164,0.1128,0.1099,0.1238,0.236,0.5482,0.4318,0.2853,0.1757,0.11,0.1225,0.1017,0.08968,0.1203,0.1273,0.1325,0.1583,0.1554,0.1511,0.3167,0.3696,0.3842,0.4029,0.4177,0.4429,0.4824,0.4693,0.4434,0.3584,0.3583,0.4118,0.7878,0.6273,0.4154,0.2594,0.1685,0.1152,0.1657,0.1334,0.1174,0.1683,0.1875,0.1983,0.236,0.2517,0.2574,0.4435,0.524,0.558,0.5831,0.6035,0.6184,0.62,0.6316,0.6282,0.6247,0.6298,0.623,0.6328,0.6379,0.6406,0.6442,0.6627,0.6779,0.6502,0.6461,0.6664,0.6821,0.6856,0.6728,0.6808,0.684,0.6868,0.6879,0.6899,0.6986,0.7045,0.7083,0.7089,0.7026,0.7096,0.7122,0.7005,0.6968,0.6996,0.7026,0.7113,0.7141,0.7354,0.7413,0.769,0.7459,0.708,0.7402,0.7313,0.7289,0.728,0.545,0.5696,0.5647,0.5507,0.5406,0.5122,1.109,0.9202,0.6361,0.4177,475.557,501.412,594.051,633.299,172.282,449.2,481.305,587.325,609.866,148.998,432.748,454.265,605.05,654.909,113.981,436.132,462.889,574.174,639.915,145.994,407.362,456.96,568.562,640.586,125.699,416.853,413.175,565.372,630.215,119.38,353.637,473.075,593.083,638.166,171.054,432.016,439.337,570.198,623.602,139.113
32,0.08429,0.075,0.07196,0.0934,0.1296,0.1523,0.1313,0.1424,0.1277,0.1214,0.1341,0.118,0.1167,0.1137,0.1055,0.1054,0.1181,0.1147,0.1155,0.142,0.1136,0.1155,0.115,0.13,0.2447,0.5618,0.4486,0.3002,0.1864,0.1167,0.1284,0.1079,0.09541,0.1266,0.1344,0.1398,0.1656,0.1629,0.1589,0.3258,0.3791,0.3945,0.4138,0.428,0.4533,0.4917,0.4793,0.4543,0.3712,0.3708,0.4233,0.8046,0.647,0.4317,0.2709,0.1774,0.1207,0.1697,0.1379,0.122,0.1733,0.1925,0.2034,0.2408,0.2569,0.2623,0.4495,0.53,0.5635,0.589,0.6091,0.6236,0.6259,0.6369,0.6336,0.6308,0.6357,0.6292,0.6386,0.6438,0.6468,0.6496,0.6674,0.6825,0.6564,0.6523,0.6722,0.6878,0.6909,0.6789,0.6868,0.6898,0.6922,0.6934,0.696,0.7038,0.71,0.7132,0.7139,0.7078,0.7148,0.717,0.7058,0.7019,0.7048,0.7076,0.7162,0.7186,0.7394,0.7453,0.7746,0.752,0.7487,0.7546,0.7391,0.7355,0.7336,0.5522,0.5746,0.5689,0.555,0.5449,0.5206,1.125,0.9312,0.6454,0.4237,467.279,492.258,586.75,622.853,169.33,439.89,473.576,580.543,603.645,142.383,427.055,445.772,599.757,646.237,107.256,428.596,455.521,566.772,627.719,144.893,401.022,449.427,561.99,628.629,123.483,409.473,405.848,557.637,619.787,117.515,342.553,465.279,588.35,627.019,166.291,426.893,431.892,563.347,614.743,137.542
33,0.07659,0.06762,0.06437,0.08545,0.1214,0.1441,0.1237,0.1351,0.12,0.114,0.127,0.111,0.1098,0.1066,0.09866,0.09864,0.1114,0.1079,0.1088,0.1354,0.1071,0.1089,0.1085,0.1233,0.2365,0.5515,0.4384,0.2911,0.1785,0.1092,0.123,0.1021,0.08971,0.1209,0.1284,0.1337,0.1593,0.1568,0.1527,0.3185,0.372,0.3875,0.4061,0.4207,0.4459,0.4847,0.4726,0.447,0.363,0.363,0.4154,0.7952,0.6374,0.4227,0.2629,0.1704,0.1136,0.1649,0.1332,0.1173,0.1691,0.1883,0.1992,0.2363,0.2524,0.2582,0.4445,0.5254,0.5587,0.584,0.6043,0.6188,0.6211,0.6322,0.6289,0.6257,0.6308,0.6241,0.6339,0.6386,0.642,0.645,0.6633,0.6782,0.6514,0.647,0.6675,0.6833,0.6864,0.6742,0.6818,0.685,0.6877,0.6894,0.691,0.6994,0.7054,0.7092,0.7098,0.7036,0.7106,0.713,0.7014,0.6982,0.7009,0.7034,0.712,0.7148,0.7355,0.7414,0.7697,0.7472,0.709,0.7407,0.7323,0.7304,0.729,0.547,0.5712,0.5651,0.551,0.5412,0.5146,1.117,0.9318,0.6459,0.4247,472.402,495.719,589.405,626.457,171.089,443.948,476.538,582.511,604.765,143.565,431.663,448.921,601.338,652.197,107.166,432.668,458.298,569.252,632.469,143.188,403.687,452.256,562.86,633.593,124.213,412.686,408.707,560.037,624.248,115.393,348.164,468.28,589.931,632.383,166.602,430.365,434.663,565.906,613.36,136.852
34,0.06919,0.06008,0.0569,0.07796,0.1137,0.1365,0.1165,0.1275,0.1131,0.1068,0.1197,0.1041,0.1025,0.09964,0.09174,0.09168,0.1042,0.1012,0.102,0.1284,0.1002,0.102,0.102,0.1163,0.229,0.5446,0.4316,0.2845,0.1719,0.1007,0.1163,0.0954,0.08274,0.1146,0.1227,0.1282,0.1537,0.151,0.147,0.3124,0.3657,0.381,0.4003,0.4144,0.4398,0.479,0.4659,0.4408,0.3567,0.3569,0.4098,0.7891,0.6321,0.4163,0.2561,0.1624,0.1028,0.1595,0.1275,0.1115,0.1645,0.1844,0.1946,0.2321,0.248,0.2534,0.4399,0.52,0.5534,0.5788,0.5992,0.6133,0.6155,0.627,0.6237,0.6205,0.6253,0.6187,0.6286,0.6334,0.6365,0.6398,0.6579,0.6725,0.6459,0.6421,0.6617,0.6778,0.6815,0.669,0.6766,0.6797,0.6828,0.6839,0.6863,0.6942,0.7003,0.7041,0.7045,0.6985,0.7052,0.708,0.6964,0.6923,0.6959,0.6985,0.7074,0.7097,0.7307,0.7365,0.7583,0.737,0.735,0.7415,0.7255,0.7203,0.7182,0.5368,0.5605,0.5549,0.541,0.5308,0.5048,1.107,0.914,0.6278,0.4074,461.229,493.919,588.432,626.116,170.67,438.116,475.075,582.217,606.971,143.299,419.428,447.289,601.313,652.135,107.917,422.903,456.587,568.241,630.774,144.93,400.768,450.486,563.402,631.634,123.755,409.056,406.698,559.426,623.1,117.234,341.351,466.573,589.843,632.125,166.621,418.003,432.933,564.801,617.113,137.292
35,0.08069,0.07047,0.06653,0.08713,0.1231,0.1446,0.1222,0.1337,0.1185,0.1119,0.125,0.1085,0.1074,0.1026,0.09383,0.09083,0.1023,0.09818,0.09878,0.1251,0.1061,0.102,0.09908,0.1135,0.2254,0.537,0.4202,0.2743,0.1647,0.09367,0.1125,0.09112,0.0786,0.1101,0.1174,0.123,0.1484,0.1456,0.1413,0.3059,0.3591,0.3738,0.3928,0.407,0.4323,0.4719,0.4598,0.4335,0.3482,0.3488,0.402,0.7783,0.6206,0.4057,0.2469,0.1551,0.09425,0.1555,0.1236,0.1074,0.1602,0.1802,0.1908,0.228,0.2437,0.2491,0.4349,0.5153,0.5487,0.5736,0.5945,0.6087,0.6109,0.6217,0.6186,0.6156,0.6207,0.6132,0.6237,0.6286,0.632,0.6346,0.6535,0.669,0.6408,0.6369,0.6577,0.6735,0.6762,0.6639,0.6721,0.675,0.6782,0.679,0.6812,0.6894,0.696,0.699,0.6999,0.6941,0.7012,0.7038,0.6916,0.688,0.6912,0.6938,0.7032,0.7052,0.7272,0.7328,0.7626,0.7401,0.7366,0.7421,0.7267,0.723,0.7212,0.5379,0.5627,0.5568,0.5428,0.5332,0.5066,1.103,0.9127,0.6286,0.4094,473.629,500.207,593.076,632.279,172.058,447.765,480.091,586.554,610.657,147.678,430.599,453.149,604.416,654.376,113.382,434.27,461.939,573.211,638.665,146.194,406.393,455.954,567.934,639.285,125.367,415.65,412.238,564.523,629.261,119.59,352.075,472.067,592.474,637.642,170.28,430.17,438.4,569.301,623.338,139.16
36,0.07899,0.06949,0.06568,0.08681,0.123,0.1454,0.1251,0.1362,0.1212,0.1151,0.1283,0.1121,0.111,0.1079,0.0999,0.09976,0.1126,0.1093,0.1102,0.137,0.118,0.114,0.1113,0.1249,0.2352,0.5479,0.4321,0.2857,0.1764,0.1108,0.1236,0.1027,0.09044,0.1211,0.1282,0.1338,0.1591,0.1566,0.1523,0.318,0.3705,0.3856,0.4042,0.4187,0.4439,0.4833,0.4705,0.4444,0.3593,0.3594,0.4129,0.7892,0.6283,0.4168,0.2602,0.1703,0.1171,0.1667,0.1346,0.1182,0.1695,0.1884,0.1993,0.2366,0.2531,0.2586,0.4445,0.5253,0.5588,0.5839,0.6047,0.6188,0.621,0.6324,0.6288,0.6261,0.6307,0.624,0.6337,0.6386,0.6417,0.6454,0.6638,0.6783,0.6515,0.6472,0.6671,0.683,0.6861,0.6739,0.6811,0.6842,0.6877,0.6889,0.6904,0.6978,0.7039,0.7073,0.7071,0.701,0.7069,0.7086,0.6954,0.6909,0.6943,0.6943,0.7017,0.7043,0.724,0.7292,0.7544,0.7307,0.7285,0.7347,0.7178,0.7148,0.7136,0.5297,0.5557,0.5507,0.5371,0.5271,0.4972,1.094,0.901,0.6169,0.3982,471.883,501.173,594.1,634.176,172.261,453.267,481.083,587.832,613.529,148.741,445.485,454.017,605.32,654.918,116.279,443.89,462.657,574.228,640.199,147.795,410.879,456.735,569.931,640.576,125.648,422.815,412.927,565.806,630.8,121.351,354.384,472.845,593.268,638.176,172.44,436.371,439.06,570.091,626.88,141.21
37,0.07436,0.0652,0.06187,0.08317,0.1192,0.1418,0.1218,0.1331,0.1185,0.1123,0.1254,0.1095,0.1083,0.105,0.09733,0.09714,0.11,0.1065,0.1076,0.134,0.1058,0.1077,0.1074,0.1222,0.2346,0.5492,0.4338,0.2875,0.1761,0.1078,0.1215,0.1007,0.08843,0.1199,0.1271,0.1329,0.1584,0.1559,0.1521,0.3179,0.3709,0.3863,0.4053,0.4196,0.4451,0.4844,0.4713,0.4458,0.3619,0.3621,0.4152,0.7933,0.6361,0.4216,0.2625,0.1703,0.1141,0.1649,0.1334,0.1174,0.1689,0.1882,0.1992,0.2364,0.2526,0.2582,0.4447,0.5252,0.5589,0.5843,0.6043,0.6192,0.6215,0.6326,0.629,0.6262,0.6312,0.6243,0.634,0.6392,0.642,0.6455,0.664,0.6784,0.6518,0.6473,0.6679,0.6833,0.6866,0.6748,0.6824,0.6852,0.6884,0.6899,0.6919,0.6997,0.706,0.7098,0.71,0.7045,0.711,0.714,0.7018,0.6984,0.7013,0.7042,0.713,0.7157,0.7366,0.7422,0.7651,0.7428,0.7411,0.7479,0.7322,0.7294,0.7284,0.5466,0.5702,0.5647,0.5517,0.5414,0.5133,1.115,0.9236,0.6391,0.4195,469.104,496.756,590.277,628.778,171.391,443.618,477.58,583.937,608.517,145.484,429.17,449.923,602.355,652.715,110.615,431.524,459.093,570.322,634.618,145.52,403.887,453.099,565.196,635.387,124.472,412.915,409.528,561.601,626.2,118.321,348.401,469.109,590.586,635.275,167.57,428.606,435.553,566.723,620.096,138.276
38,0.07363,0.06413,0.06064,0.08142,0.1174,0.1398,0.1202,0.132,0.1171,0.1109,0.1241,0.1079,0.1064,0.1034,0.09527,0.09535,0.108,0.1047,0.1056,0.1323,0.1132,0.1097,0.1068,0.1212,0.234,0.5461,0.4299,0.2838,0.1733,0.1066,0.12,0.09951,0.08682,0.1177,0.1248,0.1302,0.1556,0.1526,0.1486,0.3137,0.3665,0.3814,0.4001,0.4146,0.4399,0.4792,0.4668,0.4403,0.3553,0.3556,0.4092,0.7854,0.6243,0.4129,0.2563,0.1656,0.1113,0.1632,0.1308,0.1147,0.1661,0.1854,0.1961,0.2338,0.2496,0.2552,0.4411,0.5217,0.5555,0.5804,0.6007,0.616,0.6176,0.629,0.6254,0.6223,0.6274,0.6206,0.6303,0.6353,0.6387,0.6417,0.6604,0.6759,0.6479,0.6441,0.664,0.68,0.6829,0.6709,0.6783,0.6815,0.6843,0.6857,0.6875,0.6962,0.7022,0.7063,0.7066,0.7002,0.7074,0.71,0.6982,0.6946,0.6973,0.7001,0.7089,0.7118,0.7332,0.7393,0.7688,0.7462,0.7077,0.7397,0.7309,0.7282,0.7259,0.5404,0.5659,0.56,0.545,0.5356,0.5095,1.106,0.9142,0.6286,0.4087,475.081,500.749,593.716,632.304,172.215,448.746,480.601,586.946,608.918,147.771,431.59,453.59,604.939,654.988,111.89,434.752,462.241,573.684,638.618,145.282,406.816,456.235,567.758,639.385,125.315,415.973,412.362,564.856,629.46,118.026,352.234,472.431,593.017,638.244,169.605,430.754,438.597,569.777,621.494,138.391
39,0.06805,0.05842,0.05489,0.07545,0.1111,0.1334,0.1135,0.1253,0.1107,0.1042,0.1172,0.1008,0.09969,0.09646,0.0883,0.08854,0.101,0.09787,0.0985,0.1249,0.1062,0.1025,0.0999,0.1141,0.2262,0.5381,0.4219,0.2757,0.1657,0.09555,0.1132,0.09221,0.07923,0.1109,0.1188,0.1242,0.1495,0.1467,0.1424,0.3073,0.3602,0.3751,0.3939,0.4086,0.4343,0.4733,0.4606,0.4349,0.3495,0.3499,0.4034,0.7795,0.622,0.4071,0.2484,0.1564,0.09687,0.1567,0.1243,0.1085,0.1611,0.181,0.1916,0.2288,0.2445,0.25,0.4358,0.5157,0.5498,0.5748,0.5952,0.6098,0.6113,0.623,0.6198,0.6164,0.6212,0.6145,0.6241,0.6295,0.6323,0.636,0.6541,0.6692,0.6423,0.6382,0.6583,0.6738,0.6772,0.6651,0.6724,0.6755,0.6786,0.6804,0.6824,0.6902,0.6962,0.7003,0.7009,0.6952,0.7018,0.7046,0.6924,0.689,0.6917,0.6947,0.7037,0.7062,0.7272,0.7332,0.763,0.74,0.7016,0.7339,0.725,0.7231,0.721,0.538,0.5632,0.5574,0.5438,0.5331,0.5063,1.104,0.9147,0.6305,0.4109,473.134,500.086,592.969,631.865,172.035,447.483,479.967,586.279,608.551,148.327,429.995,453.043,604.241,654.311,112.143,433.818,461.846,573.065,638.34,145.486,406.255,455.86,567.392,639.068,125.309,415.48,412.144,564.318,629.007,118.615,351.849,471.965,592.357,637.578,169.655,429.591,438.308,569.213,621.926,138.638
40,0.0764,0.067,0.06355,0.08482,0.121,0.1431,0.1213,0.1327,0.1185,0.1125,0.1259,0.1104,0.1093,0.1067,0.09893,0.09921,0.1122,0.1094,0.1104,0.1372,0.1065,0.1062,0.1055,0.1204,0.2332,0.5479,0.4327,0.2866,0.1756,0.1059,0.1211,0.1012,0.08915,0.1206,0.128,0.1338,0.1593,0.157,0.1525,0.3182,0.3711,0.3864,0.4056,0.4202,0.4428,0.4819,0.4691,0.4443,0.3605,0.3607,0.414,0.793,0.6359,0.4215,0.2626,0.1706,0.1129,0.1604,0.1273,0.1118,0.1641,0.1842,0.1948,0.2328,0.2489,0.2552,0.4415,0.5222,0.5565,0.5817,0.6023,0.6165,0.6188,0.6303,0.6272,0.624,0.6286,0.6219,0.6321,0.6363,0.6378,0.6407,0.6597,0.6741,0.6479,0.6443,0.6655,0.6812,0.6847,0.6728,0.6808,0.6841,0.6842,0.684,0.6849,0.693,0.6993,0.7036,0.7041,0.6989,0.7061,0.7087,0.6972,0.6941,0.6973,0.7004,0.7089,0.7117,0.7332,0.738,0.7656,0.7425,0.7399,0.7461,0.7296,0.7244,0.7224,0.5414,0.566,0.5607,0.5469,0.538,0.5106,1.111,0.9216,0.6343,0.4123,469.644,496.707,590.26,628.563,171.375,443.08,477.526,583.794,608.303,145.149,427.087,449.879,602.27,652.683,109.924,430.475,459.057,570.246,634.491,145.174,403.802,453.058,564.92,635.292,124.462,412.568,409.489,561.47,626.066,117.643,348.267,469.069,590.527,635.019,167.431,426.62,435.516,566.675,619.404,137.968
41,0.07909,0.06988,0.0666,0.0878,0.124,0.1463,0.1262,0.1379,0.1229,0.1167,0.1293,0.1134,0.1123,0.1089,0.1009,0.1009,0.1134,0.1103,0.1109,0.1375,0.1091,0.1109,0.1107,0.1256,0.2396,0.5547,0.4408,0.2935,0.1811,0.1125,0.1252,0.1042,0.09154,0.1226,0.1301,0.1355,0.1612,0.1587,0.1543,0.3206,0.3737,0.3892,0.4081,0.4223,0.4475,0.4866,0.4747,0.4486,0.3647,0.3648,0.4172,0.7965,0.6393,0.4242,0.2649,0.1723,0.1166,0.1674,0.1351,0.1189,0.1704,0.1897,0.2005,0.238,0.2539,0.2593,0.4464,0.5266,0.5605,0.5853,0.6058,0.6203,0.6227,0.6338,0.6304,0.6275,0.6324,0.6255,0.6351,0.6404,0.6435,0.6463,0.6642,0.68,0.6528,0.6492,0.6694,0.6847,0.6877,0.6756,0.6837,0.6862,0.6892,0.6903,0.693,0.701,0.707,0.7102,0.711,0.705,0.7119,0.7143,0.7028,0.6989,0.7018,0.7046,0.7138,0.7158,0.7374,0.7424,0.7717,0.7492,0.711,0.7429,0.7343,0.7324,0.7306,0.5487,0.5723,0.5659,0.5529,0.5423,0.5158,1.118,0.9375,0.6511,0.4289,472.8,495.914,589.569,625.823,171.141,444.015,476.703,582.524,604.466,142.215,431.168,449.094,601.471,652.311,106.084,432.482,458.443,569.288,632.614,141.46,403.778,452.399,562.132,633.465,124.251,412.599,408.775,559.805,623.838,113.963,348.294,468.432,589.936,631.409,166.61,429.848,434.793,566.046,610.185,135.494
42,0.07084,0.06153,0.05831,0.07883,0.1149,0.1376,0.1179,0.1295,0.115,0.1084,0.1219,0.1059,0.1048,0.1016,0.0936,0.09379,0.1065,0.1033,0.1041,0.1311,0.1122,0.1085,0.1056,0.1199,0.2312,0.5428,0.4269,0.2813,0.1712,0.1056,0.1191,0.09833,0.08619,0.1168,0.1242,0.1298,0.1551,0.1523,0.1482,0.3136,0.3663,0.3812,0.4001,0.4145,0.4399,0.4793,0.4666,0.4405,0.3555,0.3559,0.4092,0.7854,0.6239,0.4125,0.2564,0.1661,0.1123,0.1641,0.1315,0.1153,0.1668,0.186,0.1968,0.2342,0.2503,0.256,0.442,0.5227,0.5562,0.5814,0.602,0.6164,0.6187,0.6297,0.6265,0.6238,0.6285,0.6217,0.6314,0.6364,0.64,0.6432,0.6614,0.6763,0.6491,0.6451,0.6655,0.6814,0.684,0.6718,0.6798,0.6833,0.6856,0.687,0.6897,0.6974,0.704,0.7078,0.708,0.7017,0.7081,0.7095,0.6947,0.6891,0.6884,0.6901,0.6984,0.7005,0.7224,0.7273,0.7545,0.731,0.6933,0.7255,0.7173,0.716,0.7138,0.5314,0.5572,0.5514,0.5392,0.5296,0.5004,1.096,0.9092,0.6249,0.4051,474.523,501.711,594.306,633.182,172.34,449.751,481.619,587.429,609.888,148.164,435.11,454.565,605.077,655.03,113.168,437.379,463.133,574.372,639.955,145.449,407.67,457.237,568.278,640.793,125.738,417.748,413.447,565.425,630.27,118.084,354.009,473.329,593.171,638.286,170.774,433.525,439.613,570.423,621.895,138.804
43,0.07838,0.06876,0.06543,0.08641,0.1225,0.1449,0.1246,0.1363,0.1211,0.1149,0.1282,0.1119,0.1107,0.1076,0.09952,0.09941,0.1124,0.1089,0.1095,0.1366,0.1174,0.1137,0.1108,0.1248,0.2375,0.5503,0.4343,0.2878,0.1777,0.1111,0.1234,0.1029,0.09039,0.1212,0.1284,0.1339,0.1593,0.1567,0.1523,0.318,0.3708,0.3859,0.4048,0.4191,0.4446,0.4842,0.471,0.4451,0.3602,0.3602,0.4133,0.791,0.633,0.4191,0.2618,0.1704,0.1164,0.1663,0.1335,0.118,0.1691,0.1884,0.1992,0.2362,0.2528,0.2582,0.4447,0.5253,0.5588,0.5838,0.6046,0.619,0.6209,0.6326,0.6292,0.6258,0.6306,0.624,0.6334,0.639,0.6417,0.6453,0.6635,0.6781,0.6516,0.6474,0.6671,0.683,0.6862,0.6742,0.6819,0.6844,0.6879,0.6893,0.691,0.699,0.7058,0.7091,0.7095,0.704,0.7108,0.7131,0.701,0.6973,0.7008,0.703,0.7121,0.7151,0.7362,0.7419,0.7701,0.7476,0.7084,0.7411,0.7325,0.7307,0.729,0.5467,0.5707,0.5655,0.5517,0.5412,0.5132,1.112,0.9235,0.6389,0.4195,472.36,499.918,592.821,631.664,172.001,447.056,479.801,586.123,608.368,148.315,429.289,452.897,604.115,654.217,112.008,433.275,461.716,572.914,638.157,145.407,406.057,455.732,567.201,638.905,125.274,415.268,412.026,564.152,628.846,118.519,351.567,471.825,592.304,637.485,169.451,428.818,438.19,569.085,621.638,138.582
44,0.07974,0.07065,0.06745,0.08905,0.1251,0.1474,0.127,0.1386,0.1239,0.1173,0.1303,0.1143,0.1127,0.11,0.1016,0.1005,0.1127,0.107,0.1069,0.1327,0.1041,0.1063,0.1058,0.1204,0.2346,0.5513,0.4387,0.2908,0.1772,0.1008,0.1184,0.09866,0.08606,0.118,0.1243,0.1289,0.1543,0.1518,0.1477,0.3135,0.367,0.3829,0.4019,0.4161,0.4417,0.4803,0.468,0.4431,0.3601,0.3599,0.4119,0.7929,0.636,0.4197,0.259,0.1647,0.09491,0.1571,0.1264,0.1109,0.1638,0.1833,0.194,0.2311,0.2465,0.2521,0.4384,0.5186,0.5524,0.5772,0.5972,0.6116,0.614,0.625,0.6219,0.6188,0.6241,0.6174,0.6264,0.6322,0.6349,0.638,0.656,0.6709,0.6447,0.6403,0.6607,0.6763,0.6794,0.6681,0.675,0.6786,0.6812,0.6832,0.6851,0.6928,0.6988,0.7026,0.703,0.6977,0.704,0.7069,0.6953,0.6913,0.6945,0.6974,0.7062,0.7082,0.7297,0.7346,0.7627,0.7409,0.7378,0.7438,0.728,0.7251,0.723,0.5417,0.565,0.5589,0.5449,0.5351,0.5104,1.115,0.9237,0.6372,0.4165,461.886,491.133,585.837,622.998,169.599,437.086,472.326,579.631,603.09,142.405,420.982,444.789,599.116,648.9,106.695,423.997,454.548,565.867,627.549,143.844,399.536,448.396,560.643,628.574,123.146,407.561,404.733,556.777,619.884,116.202,339.76,464.242,587.881,627.817,165.743,420.697,430.914,562.613,613.024,136.631
45,0.06731,0.0579,0.05429,0.07488,0.1105,0.1329,0.1129,0.1248,0.11,0.1036,0.1167,0.1006,0.0989,0.09606,0.08782,0.08784,0.1006,0.09737,0.09805,0.1246,0.1057,0.1022,0.09936,0.1134,0.2253,0.5368,0.4204,0.2746,0.1648,0.09447,0.1128,0.0912,0.07848,0.1104,0.118,0.1237,0.1489,0.1462,0.142,0.3067,0.3595,0.3747,0.3936,0.4079,0.4331,0.4726,0.4596,0.4341,0.3491,0.3495,0.4027,0.7786,0.621,0.4061,0.2473,0.155,0.09519,0.1554,0.1233,0.1074,0.1603,0.1801,0.1909,0.2278,0.2437,0.2489,0.4349,0.5151,0.5489,0.5736,0.5947,0.6086,0.6108,0.6219,0.6185,0.6157,0.6205,0.6133,0.6232,0.6285,0.6317,0.6347,0.653,0.6685,0.6406,0.6371,0.6573,0.6731,0.676,0.6637,0.6718,0.6748,0.6773,0.6787,0.6808,0.689,0.6957,0.699,0.6993,0.6935,0.7005,0.7034,0.6916,0.6873,0.6912,0.6932,0.7025,0.705,0.7267,0.7316,0.7616,0.7389,0.7351,0.7418,0.7253,0.7219,0.7198,0.5368,0.5614,0.5559,0.5418,0.5323,0.5051,1.103,0.9108,0.6266,0.4078,473.131,500.005,592.916,630.113,171.864,448.56,479.889,586.445,610.333,145.045,434.335,452.958,604.371,652.713,107.849,436.147,461.806,573.105,635.577,146.315,406.573,455.816,567.863,637.171,125.15,416.544,412.111,563.978,627.824,118.321,352.338,471.909,592.403,633.351,167.972,433.037,438.259,569.154,621.509,139.076
46,0.07636,0.06673,0.06336,0.0842,0.1202,0.1427,0.1227,0.1347,0.1197,0.1134,0.1266,0.1102,0.1088,0.1059,0.09782,0.09768,0.1105,0.107,0.1078,0.1348,0.1156,0.1118,0.109,0.1237,0.2364,0.5491,0.4327,0.2863,0.1755,0.1094,0.1221,0.1012,0.08899,0.1196,0.1268,0.1321,0.1578,0.1551,0.1508,0.3162,0.3693,0.3842,0.4031,0.4172,0.4425,0.4818,0.4698,0.4434,0.3588,0.3587,0.412,0.7889,0.631,0.4175,0.2597,0.168,0.114,0.1647,0.1325,0.1167,0.1682,0.1871,0.198,0.2355,0.2514,0.2572,0.443,0.5237,0.5576,0.5823,0.6032,0.6178,0.6197,0.6313,0.6278,0.6245,0.6295,0.6223,0.6321,0.6373,0.6405,0.6436,0.6621,0.678,0.6502,0.6465,0.6664,0.6821,0.685,0.6725,0.6807,0.6837,0.6862,0.6874,0.6901,0.6981,0.7042,0.7079,0.7082,0.7022,0.7097,0.7124,0.6998,0.6963,0.6993,0.7022,0.7111,0.7135,0.7349,0.7404,0.7709,0.7477,0.7444,0.7505,0.7344,0.731,0.7285,0.5455,0.5705,0.5646,0.5506,0.5405,0.514,1.112,0.9176,0.6338,0.416,477.347,500.383,593.225,633.088,172.062,449.301,480.217,586.988,612.551,148.5,435.437,453.237,604.613,654.35,115.489,437.512,462.088,573.379,639.333,147.544,407.033,456.077,568.994,639.754,125.518,416.702,412.362,564.899,629.882,121.201,353.281,472.204,592.595,637.617,171.578,433.842,438.505,569.349,625.762,141.028
47,0.0701,0.06072,0.05753,0.07811,0.114,0.1368,0.1169,0.1291,0.1139,0.1079,0.1211,0.105,0.1036,0.1005,0.09244,0.09247,0.1053,0.102,0.1029,0.1294,0.1107,0.107,0.1041,0.1184,0.2307,0.543,0.4268,0.2806,0.1705,0.103,0.1174,0.09626,0.08391,0.1151,0.1229,0.1283,0.1535,0.151,0.1466,0.312,0.3648,0.3799,0.3988,0.4131,0.4385,0.4781,0.465,0.4397,0.3542,0.3544,0.4083,0.7848,0.6267,0.4126,0.255,0.1637,0.1075,0.1614,0.1288,0.1132,0.1651,0.1845,0.1952,0.2325,0.2485,0.2538,0.44,0.5203,0.5544,0.5792,0.6,0.6142,0.6161,0.6278,0.6244,0.6212,0.6262,0.6195,0.6292,0.634,0.6373,0.6407,0.6591,0.6739,0.6469,0.6431,0.6635,0.6786,0.682,0.67,0.6774,0.6805,0.6833,0.6846,0.6873,0.6952,0.7014,0.705,0.7056,0.7001,0.7071,0.7092,0.6973,0.6938,0.6965,0.6993,0.7085,0.7109,0.7325,0.7381,0.7623,0.7401,0.7027,0.7353,0.7269,0.7238,0.7179,0.5338,0.558,0.5517,0.5384,0.5272,0.499,1.097,0.9051,0.6183,0.3983,471.765,499.923,592.892,631.637,172.021,446.844,479.8,586.164,608.33,148.091,428.739,452.893,604.207,654.33,111.799,432.665,461.68,572.95,638.045,145.315,405.956,455.691,567.178,638.814,125.224,415.1,411.962,564.178,628.841,118.294,351.242,471.808,592.4,637.597,169.28,428.09,438.134,569.121,621.398,138.483
48,0.07901,0.07011,0.06692,0.08838,0.1244,0.147,0.1266,0.1383,0.1233,0.117,0.1298,0.114,0.1125,0.1096,0.1015,0.1012,0.1139,0.1107,0.1116,0.1379,0.1096,0.1113,0.1114,0.1239,0.2366,0.5521,0.4383,0.2903,0.1761,0.09826,0.1175,0.09702,0.08466,0.1164,0.1238,0.1296,0.1552,0.1525,0.1477,0.3131,0.3664,0.3821,0.4006,0.4157,0.4407,0.4791,0.4675,0.4425,0.3588,0.3592,0.4114,0.7921,0.6345,0.4197,0.2573,0.1635,0.09537,0.1582,0.1271,0.1107,0.1634,0.1831,0.1938,0.2308,0.2462,0.2517,0.4384,0.5184,0.5526,0.5772,0.5976,0.612,0.6143,0.6256,0.622,0.6194,0.6243,0.618,0.6274,0.6325,0.6356,0.6386,0.6568,0.6717,0.6453,0.6418,0.6619,0.6775,0.6805,0.6686,0.6762,0.6795,0.6826,0.6839,0.6858,0.6939,0.7,0.7039,0.7043,0.6986,0.7049,0.708,0.6959,0.6927,0.6962,0.6988,0.7075,0.7098,0.7308,0.7363,0.7662,0.7439,0.7052,0.7371,0.7288,0.7267,0.7252,0.5435,0.5666,0.5613,0.5468,0.5373,0.5121,1.116,0.9352,0.6476,0.4241,464.097,492.775,587.077,622.694,170.06,438.467,474.044,580.12,601.502,140.201,422.103,446.254,599.628,649.83,104.394,425.316,455.854,566.84,628.595,140.701,400.69,449.787,559.565,629.648,123.585,408.895,406.051,557.188,620.201,113.286,341.66,465.653,588.368,626.706,165.787,421.49,432.24,563.767,606.391,134.773
49,0.07605,0.06672,0.06327,0.08425,0.1202,0.1427,0.1226,0.1344,0.1196,0.1133,0.1262,0.1102,0.1088,0.1057,0.09753,0.09747,0.1103,0.1069,0.1078,0.1342,0.1066,0.1084,0.1081,0.1228,0.2358,0.5491,0.4331,0.2864,0.1756,0.1085,0.1218,0.1008,0.0883,0.1192,0.1268,0.132,0.1577,0.1549,0.1506,0.3161,0.3693,0.3841,0.4033,0.4176,0.4428,0.4822,0.4697,0.4437,0.3588,0.3593,0.4122,0.7895,0.6325,0.4179,0.2592,0.1678,0.1122,0.1646,0.1321,0.1162,0.1676,0.1871,0.1977,0.2351,0.2511,0.2567,0.4427,0.5231,0.5575,0.582,0.6029,0.617,0.6194,0.6303,0.6271,0.6242,0.6288,0.6223,0.6319,0.6366,0.64,0.6435,0.6615,0.6767,0.6494,0.644,0.6615,0.6755,0.6783,0.6663,0.6737,0.6761,0.6792,0.6808,0.6809,0.688,0.6937,0.697,0.6976,0.6915,0.6983,0.7005,0.6885,0.6849,0.688,0.6907,0.6999,0.7021,0.7232,0.7289,0.7583,0.7355,0.6969,0.7288,0.7198,0.7179,0.7163,0.5325,0.5582,0.5524,0.5378,0.5286,0.5018,1.1,0.9168,0.6303,0.4086,469.572,498.763,591.946,629.255,171.801,445.337,479.423,585.023,606.515,145.061,429.561,451.805,603.35,653.79,108.97,432.541,460.779,571.819,636.111,143.366,405.136,454.72,564.932,636.968,124.877,414.404,411.012,562.678,627.181,115.106,350.056,470.788,591.592,635.631,167.671,428.831,437.148,568.246,614.981,136.515
50,0.06821,0.0587,0.05496,0.07556,0.1113,0.1338,0.1138,0.1255,0.1109,0.1042,0.1173,0.1012,0.0997,0.09662,0.08863,0.08854,0.1011,0.09793,0.0986,0.1253,0.09764,0.09952,0.09893,0.1139,0.2264,0.539,0.4227,0.2764,0.1663,0.09524,0.1131,0.092,0.07896,0.111,0.1189,0.1244,0.1498,0.1469,0.1427,0.3076,0.3605,0.3757,0.3944,0.409,0.4343,0.4737,0.461,0.4354,0.3503,0.3509,0.4039,0.7806,0.6228,0.4079,0.249,0.156,0.09567,0.1561,0.1242,0.1081,0.1612,0.1807,0.1915,0.2284,0.2443,0.2497,0.4356,0.5156,0.5497,0.5746,0.595,0.6096,0.6115,0.6226,0.6195,0.6162,0.6214,0.6143,0.6243,0.6294,0.6322,0.6357,0.654,0.6689,0.6418,0.6378,0.6579,0.6734,0.6769,0.6648,0.6726,0.6751,0.6787,0.68,0.682,0.6899,0.696,0.6997,0.7006,0.6946,0.7015,0.7039,0.6923,0.6884,0.6913,0.6943,0.7035,0.7055,0.7273,0.7328,0.7627,0.7404,0.7013,0.7332,0.7247,0.7226,0.7206,0.538,0.5629,0.557,0.543,0.5333,0.5068,1.105,0.9151,0.63,0.4103,471.693,498.975,592.103,627.963,171.151,445.849,479.655,585.449,603.744,146.476,429.883,451.993,603.736,651.062,107.072,433.11,460.985,572.217,633.48,145.376,405.478,454.925,566.506,635.173,124.919,414.699,411.243,562.881,625.627,117.315,350.726,471.005,591.849,631.609,167.575,429.854,437.367,568.375,618.333,138.272
51,0.07167,0.06246,0.0593,0.08008,0.1162,0.1386,0.1188,0.1308,0.1162,0.1097,0.1228,0.1068,0.1055,0.1025,0.0943,0.0943,0.107,0.1038,0.1045,0.1313,0.1035,0.1056,0.105,0.1203,0.2338,0.5469,0.4307,0.2844,0.1734,0.1049,0.1192,0.09837,0.08571,0.1171,0.1246,0.1302,0.1556,0.1532,0.1487,0.3143,0.3674,0.3829,0.4017,0.4158,0.4415,0.4805,0.4677,0.4428,0.3582,0.3582,0.411,0.789,0.6311,0.4171,0.2583,0.1659,0.1095,0.1624,0.1307,0.1147,0.1667,0.1861,0.1966,0.234,0.2501,0.2556,0.4417,0.5224,0.556,0.5816,0.6015,0.6165,0.6186,0.6297,0.6265,0.6233,0.6282,0.6214,0.6313,0.6362,0.6396,0.6426,0.661,0.6764,0.6492,0.645,0.665,0.6807,0.6843,0.672,0.6797,0.6823,0.6855,0.687,0.689,0.6966,0.7036,0.7068,0.7075,0.7015,0.7083,0.7113,0.6993,0.6955,0.6984,0.7016,0.7103,0.7125,0.7343,0.7396,0.7694,0.7474,0.7434,0.7495,0.734,0.73,0.7285,0.5439,0.5684,0.5607,0.5447,0.5324,0.5061,1.102,0.9072,0.6213,0.4017,472.085,498.254,591.51,630.458,171.669,445.125,478.922,585.166,609.938,146.887,429.499,451.321,603.248,653.376,112.106,432.705,460.428,571.588,636.583,146.105,405.041,454.353,566.653,637.253,124.869,414.045,410.784,563.009,627.651,119.351,350.145,470.407,591.401,636.658,168.768,429.029,436.81,567.789,622.317,138.868
52,0.07146,0.06224,0.05904,0.07978,0.1161,0.1384,0.1188,0.1307,0.1162,0.1099,0.123,0.1073,0.106,0.1031,0.09491,0.0952,0.1079,0.1049,0.1057,0.1326,0.1136,0.1099,0.1074,0.1215,0.2346,0.5474,0.4312,0.2848,0.1745,0.1078,0.121,0.1004,0.08814,0.1188,0.1263,0.1319,0.1574,0.1548,0.1506,0.3161,0.3692,0.3841,0.4031,0.4178,0.4429,0.4824,0.4677,0.4413,0.3547,0.3538,0.4063,0.782,0.6227,0.4059,0.2463,0.1527,0.09118,0.1553,0.1229,0.1069,0.1603,0.1806,0.1913,0.2285,0.2441,0.2499,0.4355,0.516,0.5497,0.5747,0.5956,0.6099,0.6118,0.6235,0.6205,0.6176,0.6223,0.6154,0.6259,0.6306,0.6341,0.6374,0.6554,0.6711,0.6444,0.6401,0.6605,0.6765,0.6793,0.6672,0.6755,0.6788,0.6814,0.6831,0.6849,0.6936,0.7,0.7034,0.7041,0.6984,0.7056,0.7081,0.6965,0.6927,0.6957,0.6988,0.708,0.7108,0.732,0.7375,0.7677,0.7447,0.7067,0.7383,0.7297,0.7276,0.7258,0.5436,0.5683,0.5624,0.5487,0.5382,0.5117,1.107,0.922,0.633,0.4088,474.173,499.957,592.811,630.259,171.995,447.928,479.798,585.814,607.58,145.494,431.727,452.907,603.931,654.178,109.655,434.796,461.767,572.709,637.661,143.388,406.345,455.763,565.642,638.36,125.183,415.672,412.032,563.475,628.122,115.143,352.108,471.829,592.071,636.731,168.118,431.209,438.193,569.088,615.651,136.655
53,0.08048,0.071,0.06787,0.08914,0.1252,0.1477,0.1271,0.1392,0.1243,0.1178,0.1308,0.1146,0.1131,0.1103,0.1021,0.102,0.1146,0.1113,0.1121,0.1385,0.1102,0.1121,0.1116,0.1267,0.2407,0.5558,0.4395,0.2929,0.181,0.1131,0.1258,0.1048,0.09256,0.1234,0.131,0.1364,0.1619,0.1596,0.1552,0.3215,0.3747,0.3899,0.409,0.4233,0.4486,0.4879,0.4748,0.4497,0.3655,0.3655,0.4184,0.7976,0.6397,0.4251,0.2657,0.1738,0.118,0.1681,0.1361,0.1198,0.1712,0.1905,0.2011,0.2383,0.2547,0.2599,0.4471,0.5273,0.5612,0.5863,0.6064,0.6214,0.6235,0.6344,0.6315,0.6283,0.6334,0.6263,0.6363,0.6413,0.6443,0.6474,0.6654,0.6809,0.6539,0.6494,0.6697,0.6858,0.6888,0.6767,0.6841,0.6874,0.6901,0.6914,0.6932,0.7015,0.7078,0.7111,0.7116,0.7057,0.713,0.7155,0.7037,0.6998,0.7024,0.7055,0.7145,0.7168,0.7381,0.7432,0.7728,0.7506,0.7119,0.7436,0.7353,0.7334,0.7315,0.5494,0.5732,0.5671,0.5534,0.5432,0.5176,1.119,0.9321,0.6473,0.4262,470.217,496.202,589.825,626.301,170.918,443.396,476.978,582.871,605.17,142.608,428.696,449.383,601.734,650.634,105.842,431.224,458.652,569.704,631.667,143.593,403.623,452.637,563.388,633.09,124.32,412.464,409.049,560.373,623.654,115.725,348.086,468.647,590.169,630.125,166.664,428.509,435.07,566.279,613.633,137.112
54,0.08122,0.07177,0.06817,0.08904,0.1254,0.148,0.1276,0.1396,0.1242,0.118,0.1311,0.1149,0.1135,0.1104,0.1021,0.1021,0.1149,0.1116,0.1121,0.139,0.12,0.1163,0.1133,0.1277,0.2404,0.5535,0.4369,0.2902,0.1797,0.1143,0.1258,0.1051,0.09287,0.1233,0.1305,0.1359,0.1614,0.1586,0.1545,0.3203,0.3733,0.3883,0.407,0.4214,0.4465,0.4863,0.4737,0.4475,0.3624,0.3623,0.4153,0.7921,0.6348,0.4193,0.2606,0.1688,0.1156,0.1677,0.1347,0.1185,0.1707,0.19,0.2011,0.2381,0.2538,0.2597,0.4458,0.526,0.5598,0.5848,0.6044,0.6191,0.6208,0.6319,0.6282,0.6249,0.63,0.6232,0.6327,0.6379,0.6411,0.6428,0.6591,0.674,0.6465,0.6427,0.6631,0.6756,0.6775,0.6649,0.6729,0.6762,0.6789,0.6785,0.6803,0.6878,0.6935,0.6968,0.697,0.6916,0.6982,0.7007,0.6886,0.685,0.688,0.6908,0.7,0.7025,0.724,0.7298,0.756,0.733,0.6956,0.7282,0.7196,0.7179,0.7169,0.5343,0.559,0.5539,0.5398,0.5302,0.5017,1.099,0.9159,0.6302,0.4096,475.847,500.148,592.933,631.072,172.024,448.623,479.982,586.048,608.076,146.668,433.667,453.057,604.014,654.248,110.86,436.049,461.918,572.939,637.943,144.355,406.691,455.907,566.483,638.85,125.256,416.139,412.178,563.927,628.593,116.491,352.679,472.01,592.186,637.516,168.533,432.389,438.332,569.202,618.436,138.01
55,0.08111,0.07142,0.06786,0.08883,0.1249,0.1475,0.127,0.1394,0.1243,0.1176,0.1307,0.1146,0.113,0.11,0.1017,0.1015,0.1143,0.1111,0.1117,0.1387,0.1196,0.1156,0.1127,0.1274,0.2404,0.5535,0.4366,0.29,0.1794,0.1136,0.1256,0.1047,0.09243,0.1229,0.1299,0.1353,0.1608,0.1582,0.154,0.3198,0.3723,0.3875,0.4062,0.4206,0.4462,0.4854,0.4724,0.4467,0.3621,0.3616,0.4153,0.792,0.6345,0.4204,0.263,0.1716,0.1184,0.1677,0.1351,0.1193,0.1701,0.1894,0.2,0.2376,0.2536,0.2593,0.4456,0.5263,0.5596,0.5849,0.6057,0.6201,0.6221,0.6333,0.6298,0.627,0.6318,0.6246,0.6345,0.6394,0.6431,0.6456,0.6642,0.6799,0.6522,0.6485,0.6689,0.684,0.6871,0.6749,0.6825,0.6854,0.6882,0.6897,0.6917,0.7,0.7059,0.7099,0.7103,0.7045,0.711,0.714,0.7015,0.6981,0.7012,0.7038,0.7128,0.7151,0.7369,0.7424,0.7724,0.7502,0.7111,0.7433,0.7346,0.7321,0.7301,0.5473,0.5719,0.5657,0.5527,0.5421,0.5153,1.114,0.9244,0.6399,0.4208,476.185,500.074,592.906,631.545,172.013,448.735,479.907,586.184,608.403,148.114,433.855,452.97,604.197,654.246,111.705,436.305,461.845,573.002,638.09,145.39,406.693,455.823,567.264,638.855,125.248,416.165,412.094,564.212,628.894,118.369,352.66,471.944,592.343,637.514,169.07,432.729,438.245,569.148,621.577,138.562
56,0.08074,0.07113,0.06772,0.08884,0.125,0.1475,0.127,0.1386,0.1235,0.117,0.1296,0.113,0.1114,0.108,0.09888,0.09681,0.1091,0.1058,0.1052,0.1311,0.09932,0.1005,0.09954,0.1137,0.2259,0.5393,0.4222,0.2758,0.1659,0.09247,0.1127,0.09088,0.07826,0.1107,0.1186,0.1239,0.1495,0.1465,0.1423,0.3076,0.3604,0.3754,0.3945,0.4091,0.4344,0.4733,0.4604,0.4353,0.3501,0.3509,0.4039,0.7811,0.6237,0.4077,0.2477,0.1549,0.09226,0.1552,0.1235,0.1071,0.1605,0.1805,0.1913,0.2282,0.2442,0.2494,0.4351,0.5153,0.5494,0.5737,0.5947,0.6083,0.6106,0.6219,0.6188,0.6156,0.6207,0.6134,0.6237,0.6283,0.6318,0.6348,0.6529,0.6679,0.6406,0.6372,0.6572,0.6731,0.6759,0.664,0.6719,0.675,0.6775,0.6788,0.6811,0.6895,0.6955,0.6989,0.6999,0.6935,0.7005,0.7031,0.6918,0.6876,0.691,0.6938,0.7024,0.705,0.7262,0.7319,0.7599,0.7369,0.6992,0.731,0.7223,0.7201,0.7192,0.5365,0.5609,0.5555,0.5419,0.5317,0.5041,1.104,0.921,0.6347,0.4129,469.542,497.339,590.784,627.941,171.51,444.166,478.141,583.842,606.289,143.755,429.556,450.466,602.382,653.028,108.182,431.931,459.653,570.606,634.416,143.274,404.3,453.565,563.878,635.415,124.569,413.39,409.962,561.433,625.864,115.219,348.953,469.588,590.739,634.126,167.157,428.918,435.998,567.179,614.178,136.726
57,0.06896,0.05982,0.0565,0.07724,0.1132,0.1357,0.1157,0.1272,0.1124,0.1063,0.1195,0.1034,0.1022,0.09909,0.09117,0.09125,0.1039,0.1007,0.1016,0.1283,0.1005,0.1024,0.102,0.1164,0.2283,0.5412,0.4253,0.2795,0.169,0.09963,0.1157,0.0947,0.08234,0.1138,0.1213,0.127,0.1523,0.1496,0.1455,0.3106,0.3635,0.3787,0.3976,0.412,0.4374,0.4768,0.464,0.4385,0.3533,0.3535,0.4067,0.7835,0.6261,0.4119,0.2529,0.161,0.1031,0.1594,0.1274,0.1115,0.1633,0.183,0.1938,0.2309,0.2468,0.2523,0.4382,0.5189,0.5527,0.5774,0.598,0.6124,0.6145,0.6255,0.6222,0.6196,0.6244,0.6178,0.6271,0.6324,0.6355,0.639,0.6571,0.6721,0.6447,0.6411,0.6615,0.6771,0.6798,0.668,0.6753,0.679,0.6811,0.6829,0.6853,0.6931,0.6993,0.7034,0.7036,0.698,0.7046,0.7076,0.6952,0.6916,0.6946,0.6977,0.7067,0.7086,0.7302,0.736,0.7654,0.7422,0.704,0.7357,0.7273,0.7251,0.7235,0.5415,0.5657,0.5597,0.5461,0.5357,0.5088,1.107,0.9265,0.6406,0.4188,472.721,499.208,592.244,629.007,171.856,446.332,479.867,585.248,606.749,144.408,431.36,452.212,603.52,653.847,107.726,434.163,461.19,572.095,636.186,143.094,405.817,455.138,564.998,637.079,124.979,415.117,411.477,562.702,627.21,114.78,351.206,471.199,591.673,634.287,167.56,430.976,437.566,568.535,614.157,136.468
58,0.08046,0.07082,0.06744,0.08852,0.1247,0.1472,0.1269,0.1388,0.1237,0.1172,0.1305,0.1142,0.1126,0.1099,0.1015,0.1015,0.1142,0.1108,0.1116,0.1384,0.1097,0.1115,0.1111,0.1263,0.24,0.5542,0.438,0.2912,0.1801,0.1131,0.1257,0.1046,0.09216,0.1231,0.1303,0.1357,0.1612,0.1585,0.1546,0.3204,0.3732,0.3886,0.4072,0.4217,0.447,0.4863,0.4736,0.4477,0.3631,0.3632,0.4161,0.7949,0.6365,0.4227,0.2644,0.1726,0.118,0.1679,0.1355,0.1196,0.1703,0.1898,0.2007,0.238,0.2541,0.2596,0.4461,0.5266,0.5609,0.5856,0.6057,0.6206,0.6229,0.6341,0.6304,0.6274,0.6325,0.6255,0.6352,0.6405,0.6435,0.6465,0.6649,0.6801,0.653,0.6492,0.6689,0.6845,0.6879,0.6756,0.6837,0.6863,0.6889,0.6905,0.6928,0.7011,0.7066,0.7109,0.711,0.7048,0.7123,0.7147,0.7028,0.6991,0.702,0.7046,0.714,0.7159,0.7375,0.7426,0.7723,0.7494,0.7114,0.7433,0.7344,0.7327,0.7303,0.5487,0.5726,0.5664,0.5525,0.5427,0.5161,1.116,0.9293,0.644,0.4239,470.183,498.219,591.524,629.44,171.678,444.123,479.057,584.65,607.477,145.475,427.368,451.307,602.99,653.432,109.81,431.218,460.378,571.433,635.799,144.347,404.762,454.307,565.26,636.773,124.801,413.73,410.723,562.521,627.103,116.578,349.644,470.35,591.305,635.934,167.65,426.903,436.763,567.795,617.782,137.621
59,0.07721,0.06755,0.06392,0.08495,0.121,0.1436,0.1233,0.1356,0.1204,0.1141,0.1271,0.1109,0.1097,0.1065,0.09843,0.09818,0.1113,0.1078,0.1085,0.1352,0.1163,0.1123,0.1096,0.124,0.2367,0.5489,0.4322,0.2858,0.1757,0.1101,0.1227,0.1019,0.08949,0.12,0.1272,0.1326,0.158,0.1553,0.1508,0.3163,0.3693,0.3841,0.403,0.4174,0.4426,0.4821,0.4698,0.4434,0.3586,0.3586,0.4118,0.7883,0.627,0.4154,0.2587,0.1684,0.115,0.1655,0.133,0.1167,0.1679,0.1818,0.1908,0.2267,0.2414,0.2464,0.4312,0.5118,0.5453,0.5706,0.5902,0.6051,0.6068,0.6184,0.6151,0.6118,0.6163,0.6099,0.6196,0.6244,0.6279,0.6315,0.6499,0.6653,0.638,0.634,0.6543,0.6698,0.6727,0.6605,0.6688,0.6716,0.6746,0.6759,0.6781,0.6868,0.6926,0.6961,0.6965,0.691,0.6981,0.7007,0.6886,0.6849,0.6887,0.6909,0.7001,0.7026,0.7244,0.73,0.7604,0.7376,0.6992,0.7308,0.7222,0.7201,0.7179,0.5348,0.5603,0.5543,0.5406,0.5305,0.5036,1.1,0.9187,0.633,0.4118,473.726,501.149,593.862,627.811,171.584,448.494,481.033,586.728,604.676,143.638,430.482,454.047,604.772,652.405,105.346,434.651,462.701,573.804,634.832,143.752,407.05,456.772,566.549,637.229,125.409,416.461,412.984,563.819,626.586,115.08,353.143,472.856,592.734,630.073,167.866,430.581,439.152,570.015,613.893,136.995
60,0.0678,0.05807,0.05416,0.07455,0.1103,0.1327,0.1127,0.1249,0.1099,0.1036,0.1167,0.1006,0.09908,0.09628,0.08822,0.0881,0.101,0.09764,0.09863,0.1253,0.1064,0.1028,0.1,0.1145,0.2262,0.5369,0.4202,0.2751,0.1659,0.09816,0.1139,0.09312,0.08076,0.1117,0.1192,0.1247,0.15,0.1472,0.1429,0.3077,0.3601,0.3753,0.3937,0.4086,0.4339,0.4735,0.4605,0.4345,0.3492,0.3495,0.4033,0.7783,0.6173,0.4053,0.2496,0.1591,0.1032,0.1597,0.1269,0.1107,0.1626,0.1821,0.1929,0.23,0.2462,0.2516,0.4372,0.5178,0.5519,0.5767,0.5974,0.6119,0.6139,0.6254,0.6218,0.6189,0.6237,0.6171,0.6266,0.632,0.6351,0.6382,0.6573,0.6727,0.6446,0.6409,0.6612,0.677,0.6799,0.6675,0.6755,0.6785,0.6814,0.6831,0.6849,0.6933,0.6998,0.7037,0.7036,0.6977,0.7047,0.7078,0.6956,0.6916,0.6953,0.6979,0.7072,0.7096,0.7313,0.7368,0.7663,0.7435,0.7399,0.7461,0.7302,0.7266,0.7251,0.5411,0.5663,0.5607,0.549,0.5388,0.5103,1.106,0.9119,0.6291,0.4113,475.028,502.906,595.348,635.643,172.579,449.769,482.865,588.947,614.79,148.743,431.698,455.698,606.2,655.635,116.879,436.269,464.065,575.584,642.115,148.029,408.172,458.23,570.772,642.279,126.654,417.794,414.391,567.018,632.054,121.789,354.799,474.339,594.065,638.88,173.061,431.256,440.567,571.352,627.506,141.665
61,0.07977,0.06973,0.0662,0.0868,0.1231,0.1456,0.1255,0.1371,0.1219,0.1156,0.1291,0.1125,0.1112,0.1081,0.1001,0.09984,0.1127,0.1094,0.1101,0.1373,0.118,0.114,0.1112,0.125,0.2357,0.5469,0.4302,0.2842,0.1754,0.1123,0.1237,0.1034,0.09098,0.1211,0.1279,0.1332,0.1586,0.1558,0.1515,0.3166,0.3693,0.3835,0.4027,0.4168,0.4425,0.4825,0.4688,0.4426,0.3566,0.3569,0.4108,0.7856,0.6247,0.4134,0.2585,0.1688,0.1176,0.1677,0.1342,0.1181,0.1689,0.188,0.1988,0.2361,0.2522,0.2579,0.4439,0.5244,0.5582,0.5833,0.6039,0.6185,0.6204,0.6315,0.6281,0.6253,0.6298,0.6229,0.6327,0.6381,0.6411,0.6444,0.6628,0.678,0.6506,0.6464,0.6663,0.6824,0.6849,0.6728,0.681,0.6838,0.687,0.688,0.69,0.6979,0.7044,0.7081,0.7077,0.7011,0.708,0.7102,0.6985,0.6941,0.6969,0.6986,0.7019,0.7036,0.7234,0.7278,0.7496,0.7266,0.6897,0.7221,0.7138,0.7125,0.7109,0.5269,0.5536,0.548,0.5358,0.5265,0.4956,1.089,0.9026,0.6178,0.3982,477.421,504.503,596.571,636.209,172.874,452.56,483.667,589.673,612.747,149.229,434.292,457.187,606.794,656.322,116.081,438.526,465.359,576.69,643.116,146.579,409.473,459.516,570.575,643.703,126.974,419.368,415.712,567.846,632.873,119.739,356.877,475.665,594.739,639.556,173.246,433.438,441.906,572.547,625.065,140.116
62,0.08211,0.07256,0.06895,0.09032,0.1262,0.1488,0.1283,0.1405,0.1255,0.1189,0.1321,0.1157,0.1144,0.1112,0.1031,0.1028,0.1157,0.1124,0.1129,0.1399,0.1113,0.1129,0.1127,0.1279,0.2417,0.556,0.4397,0.293,0.1813,0.115,0.1269,0.1059,0.09365,0.1244,0.1316,0.1371,0.1625,0.1598,0.1558,0.322,0.3748,0.39,0.4089,0.4233,0.4485,0.4878,0.4751,0.4494,0.3649,0.3652,0.418,0.7959,0.6386,0.4239,0.2659,0.1741,0.1203,0.1689,0.1367,0.1209,0.1716,0.1909,0.2014,0.2387,0.2549,0.2609,0.4474,0.5279,0.5616,0.5864,0.6073,0.622,0.6237,0.6354,0.6318,0.6289,0.6336,0.6268,0.6365,0.6419,0.6444,0.6481,0.6658,0.6813,0.6547,0.6501,0.6702,0.6857,0.6887,0.6769,0.6844,0.6872,0.6899,0.6907,0.6926,0.7004,0.7068,0.7105,0.7103,0.7041,0.7111,0.7111,0.6994,0.6954,0.6983,0.7009,0.7095,0.7124,0.7319,0.7377,0.7679,0.7416,0.7017,0.7339,0.7232,0.7203,0.7184,0.5352,0.559,0.5536,0.5391,0.5292,0.5035,1.102,0.9124,0.627,0.4069,473.248,498.107,591.377,627.349,170.996,445.48,478.914,584.607,604.99,144.513,431.07,451.15,603.06,650.554,106.761,433.588,460.308,571.408,632.84,144.863,405.166,454.214,565.526,634.391,124.732,414.255,410.628,562.159,624.858,116.974,350.384,470.275,591.235,630.97,167.269,430.438,436.65,567.651,617.002,137.876
63,0.07986,0.07015,0.06679,0.08782,0.124,0.1466,0.1261,0.137,0.1222,0.1158,0.1289,0.1132,0.1117,0.1086,0.1007,0.1006,0.1135,0.1099,0.1107,0.1375,0.1096,0.1115,0.1108,0.125,0.236,0.5499,0.434,0.2881,0.1769,0.111,0.1237,0.1026,0.09067,0.1216,0.1289,0.1343,0.1599,0.1571,0.1532,0.319,0.3719,0.387,0.4057,0.4203,0.4456,0.4848,0.472,0.4464,0.3617,0.362,0.415,0.7925,0.6349,0.4208,0.2624,0.1711,0.1162,0.1665,0.1341,0.1182,0.1694,0.1889,0.1993,0.2368,0.2531,0.2584,0.4448,0.5254,0.5592,0.584,0.6045,0.6191,0.6212,0.6325,0.6294,0.626,0.6306,0.6242,0.6337,0.6391,0.6418,0.6451,0.6635,0.6778,0.6513,0.6472,0.6671,0.6828,0.6867,0.6741,0.6817,0.6842,0.6878,0.6892,0.6909,0.6989,0.7053,0.7093,0.7091,0.7035,0.7104,0.7128,0.7011,0.6972,0.7006,0.7032,0.7119,0.7144,0.7358,0.7416,0.7635,0.7407,0.7042,0.737,0.7284,0.7271,0.7259,0.5447,0.569,0.5636,0.5501,0.5402,0.5105,1.11,0.9301,0.6443,0.4234,470.792,498.501,591.662,628.825,171.734,445.725,479.147,584.724,606.172,144.834,431.848,451.551,603.109,653.584,108.7,433.638,460.6,571.54,635.833,143.063,405.227,454.525,564.532,636.66,124.825,414.667,410.825,562.336,626.843,114.852,350.223,470.582,591.349,635.117,167.535,430.452,436.95,568.011,614.203,136.204
64,0.07529,0.06615,0.06284,0.0841,0.12,0.1426,0.1222,0.1337,0.1188,0.1128,0.1257,0.1095,0.1084,0.1052,0.09718,0.09714,0.1099,0.1065,0.1076,0.134,0.1053,0.1074,0.107,0.122,0.2355,0.5509,0.4374,0.29,0.1771,0.1071,0.1214,0.1002,0.08754,0.1194,0.1269,0.1325,0.158,0.1555,0.1513,0.3174,0.3705,0.3859,0.405,0.4193,0.4444,0.4837,0.4707,0.4454,0.3615,0.3618,0.4145,0.7938,0.636,0.4212,0.2607,0.1679,0.1104,0.1632,0.1316,0.1156,0.1676,0.1871,0.1979,0.2351,0.2511,0.2567,0.4431,0.5235,0.5576,0.5819,0.6025,0.6172,0.619,0.6307,0.6275,0.6242,0.629,0.6227,0.6318,0.6373,0.6399,0.6435,0.6614,0.6766,0.6495,0.6456,0.6657,0.6813,0.6845,0.6725,0.68,0.6831,0.6864,0.6873,0.6896,0.6973,0.7041,0.7071,0.7076,0.7018,0.7088,0.7113,0.6994,0.6958,0.6988,0.7016,0.7107,0.7132,0.734,0.7396,0.7681,0.7454,0.7067,0.7388,0.7307,0.7287,0.7271,0.545,0.5691,0.5633,0.5493,0.5393,0.5129,1.115,0.9266,0.6406,0.4202,468.981,495.02,588.886,626.479,170.916,441.978,475.88,582.267,604.592,144.811,426.722,448.324,601.17,651.938,107.837,429.484,457.727,568.817,632.175,144,402.76,451.691,563.119,633.11,124.077,411.294,408.174,559.792,624.04,116.438,346.683,467.678,589.709,632.523,166.558,426.062,434.136,565.425,615.754,137.099
65,0.0694,0.06014,0.05662,0.07758,0.1133,0.1356,0.1162,0.128,0.1132,0.1069,0.1201,0.1039,0.1025,0.09956,0.09146,0.09138,0.104,0.1008,0.1016,0.1282,0.1093,0.1057,0.1028,0.1172,0.2296,0.542,0.4257,0.2799,0.1693,0.1007,0.116,0.09496,0.08258,0.1139,0.1215,0.1264,0.1523,0.1494,0.1452,0.3102,0.3632,0.3785,0.3971,0.4115,0.4367,0.476,0.4633,0.4376,0.3526,0.3526,0.4061,0.7827,0.625,0.4107,0.2523,0.1607,0.1026,0.1592,0.1266,0.111,0.1632,0.1827,0.1935,0.2308,0.2465,0.252,0.4381,0.5184,0.5522,0.5767,0.5975,0.6121,0.6142,0.6256,0.6219,0.6187,0.6239,0.6171,0.6263,0.6322,0.6352,0.6382,0.6564,0.6716,0.6448,0.6403,0.6605,0.6763,0.6791,0.6676,0.675,0.6782,0.6806,0.6828,0.6843,0.6928,0.6985,0.7024,0.7031,0.6972,0.7039,0.7069,0.6946,0.6912,0.694,0.6966,0.706,0.7081,0.7299,0.7352,0.7644,0.7416,0.7035,0.7353,0.7267,0.725,0.7229,0.54,0.5652,0.559,0.5455,0.535,0.5084,1.106,0.9184,0.6329,0.4136,475.383,499.878,592.726,631.401,171.977,448.289,479.717,586.043,608.147,147.908,433.065,452.804,604.01,654.151,111.651,435.562,461.695,572.811,637.944,145.193,406.447,455.674,566.925,638.736,125.232,415.81,411.952,563.994,628.669,118.185,352.285,471.784,592.209,637.421,169.106,431.947,438.103,569.001,620.894,138.434
66,0.07988,0.07016,0.06642,0.08717,0.1234,0.1459,0.1257,0.1377,0.1226,0.116,0.1293,0.1131,0.1116,0.1085,0.1001,0.1002,0.113,0.1097,0.1103,0.1375,0.1181,0.1142,0.1113,0.126,0.2383,0.5497,0.4324,0.2866,0.177,0.1131,0.1245,0.1039,0.09147,0.1216,0.1284,0.1337,0.159,0.1562,0.1521,0.3173,0.3697,0.3845,0.4031,0.4178,0.4428,0.483,0.4699,0.4437,0.3579,0.3578,0.4117,0.787,0.6256,0.4148,0.2591,0.1693,0.1176,0.1679,0.1348,0.1181,0.1689,0.188,0.1986,0.2361,0.2521,0.2576,0.4439,0.5245,0.5583,0.5834,0.604,0.6185,0.6205,0.6317,0.6284,0.6252,0.63,0.6234,0.633,0.6383,0.6411,0.6448,0.663,0.6783,0.651,0.6468,0.6669,0.6823,0.6857,0.673,0.6812,0.6839,0.6872,0.6886,0.6902,0.6987,0.705,0.7084,0.7087,0.7022,0.7087,0.7111,0.6988,0.6952,0.6978,0.7002,0.7084,0.7051,0.7258,0.731,0.7593,0.7351,0.6962,0.7276,0.7189,0.7163,0.7141,0.5296,0.5557,0.5499,0.5369,0.5278,0.4995,1.093,0.9077,0.6227,0.402,480.648,503.74,595.899,630.997,172.208,452.593,483.582,588.816,609.665,144.259,438.134,456.346,606.334,654.336,106.379,440.429,464.701,575.98,637.418,145.186,409.56,458.851,569.253,639.988,125.944,419.755,414.955,566.01,629.78,116.48,357.104,474.971,594.233,633.335,168.707,436.622,441.125,571.869,618.822,138.893
67,0.07329,0.06417,0.06084,0.08206,0.1179,0.1408,0.1206,0.1324,0.1176,0.1115,0.1244,0.1085,0.1073,0.1043,0.09629,0.09631,0.1091,0.1057,0.1067,0.1332,0.1049,0.1069,0.1063,0.1215,0.2348,0.5492,0.4339,0.2871,0.1756,0.1067,0.1209,0.1002,0.08779,0.1192,0.1267,0.1321,0.158,0.1553,0.1513,0.3174,0.3703,0.3856,0.4048,0.4191,0.4444,0.4836,0.4708,0.4454,0.361,0.3617,0.4146,0.793,0.6357,0.4212,0.2617,0.1692,0.1129,0.1645,0.1328,0.1167,0.1684,0.1878,0.1988,0.2359,0.2519,0.2578,0.4443,0.5251,0.5583,0.5835,0.6041,0.6187,0.6206,0.6316,0.6286,0.6254,0.6307,0.6239,0.6337,0.6385,0.6419,0.6449,0.6633,0.6782,0.6513,0.6471,0.6673,0.6833,0.6865,0.6742,0.682,0.6851,0.6876,0.6896,0.6911,0.6995,0.7053,0.7096,0.71,0.7038,0.7107,0.7131,0.7017,0.698,0.701,0.7041,0.7123,0.715,0.7362,0.7419,0.7699,0.7473,0.7441,0.7502,0.7342,0.7308,0.7291,0.5473,0.5712,0.5654,0.5519,0.5414,0.5151,1.116,0.9249,0.6404,0.421,468.732,496.284,589.976,628.236,171.279,443.153,477.165,583.547,607.993,145.004,428.391,449.545,602.082,652.536,109.681,430.96,458.761,569.965,634.028,145.113,403.535,452.761,564.673,634.837,124.371,412.49,409.186,561.174,625.711,117.488,347.94,468.76,590.353,634.642,167.315,428.017,435.211,566.414,619.089,137.886
68,0.07081,0.06133,0.05794,0.07873,0.1146,0.1373,0.1174,0.1293,0.1146,0.1084,0.1216,0.1056,0.104,0.1012,0.09313,0.09316,0.106,0.1027,0.1034,0.1303,0.1112,0.1078,0.105,0.1189,0.2312,0.5428,0.427,0.2811,0.171,0.1042,0.1183,0.09731,0.08497,0.1159,0.1231,0.1287,0.154,0.1513,0.1472,0.3123,0.3651,0.3798,0.3987,0.4134,0.4388,0.4784,0.4653,0.4399,0.3542,0.3544,0.4082,0.7841,0.6226,0.4114,0.2544,0.1641,0.1091,0.1624,0.1301,0.1137,0.1655,0.1849,0.1957,0.2328,0.2491,0.2542,0.4407,0.521,0.5547,0.5797,0.6006,0.6151,0.617,0.6284,0.6248,0.6222,0.6267,0.6198,0.6298,0.6349,0.6379,0.6408,0.6599,0.6754,0.6476,0.6439,0.6636,0.6792,0.6828,0.6703,0.6779,0.6812,0.6841,0.6855,0.6873,0.696,0.7023,0.7061,0.7059,0.7005,0.7075,0.7097,0.6982,0.6941,0.6974,0.7002,0.709,0.7119,0.7334,0.7389,0.7678,0.745,0.7067,0.7391,0.7302,0.7279,0.7262,0.5435,0.5682,0.5627,0.5491,0.5387,0.5111,1.108,0.9199,0.6363,0.4169,476.175,501.474,594.096,633.077,172.292,449.831,481.358,587.294,609.705,148.399,435.089,454.311,605,654.931,113.277,437.445,462.943,574.183,639.765,145.615,407.622,457.009,568.262,640.53,125.673,417.474,413.213,565.29,630.117,118.765,353.995,473.125,593.069,638.187,170.72,433.87,439.372,570.22,622.428,138.836
69,0.07864,0.06937,0.06603,0.08718,0.1232,0.1459,0.1258,0.1365,0.1219,0.1155,0.1288,0.1127,0.1113,0.1086,0.1003,0.1005,0.113,0.1096,0.1107,0.1372,0.1088,0.1106,0.11,0.1247,0.235,0.5495,0.434,0.2882,0.1772,0.1104,0.1236,0.1028,0.09091,0.1216,0.129,0.1347,0.1603,0.1577,0.1536,0.3195,0.3724,0.3878,0.4067,0.4209,0.4465,0.4858,0.4727,0.4471,0.3627,0.363,0.4162,0.7944,0.6363,0.4223,0.2637,0.1718,0.117,0.1667,0.1349,0.1189,0.1701,0.1892,0.2001,0.2377,0.2535,0.2592,0.4457,0.5263,0.5599,0.5849,0.6057,0.6197,0.6221,0.6333,0.63,0.6271,0.632,0.6248,0.6348,0.6396,0.6432,0.6459,0.6643,0.6794,0.6521,0.6483,0.6689,0.6843,0.6871,0.6748,0.6831,0.6859,0.6884,0.6901,0.6925,0.7003,0.7061,0.7104,0.7107,0.7046,0.7118,0.7142,0.7023,0.6987,0.7016,0.7044,0.7134,0.7156,0.737,0.7423,0.7688,0.7452,0.7068,0.74,0.7312,0.7297,0.7286,0.5467,0.5704,0.5651,0.552,0.5414,0.5122,1.113,0.9235,0.6386,0.4196,470.454,497.695,591.067,629.488,171.571,443.951,478.528,584.514,607.443,146.685,427.723,450.809,602.837,653.157,110.855,431.296,459.959,571.071,635.617,145.137,404.49,453.879,565.6,636.399,124.699,413.385,410.306,562.329,626.933,117.737,349.302,469.914,591.072,636.032,167.764,427.228,436.338,567.441,619.983,137.965
70,0.07746,0.0677,0.06419,0.08525,0.1212,0.1436,0.1235,0.1354,0.1203,0.1141,0.1272,0.111,0.1097,0.1066,0.09835,0.09848,0.1113,0.1077,0.1086,0.1354,0.1164,0.1126,0.1098,0.1239,0.2364,0.5488,0.4323,0.2858,0.1759,0.11,0.1226,0.1017,0.08964,0.1202,0.1272,0.1328,0.1581,0.1555,0.151,0.3166,0.3694,0.3841,0.4029,0.4174,0.4429,0.4823,0.4698,0.4433,0.3587,0.3585,0.4119,0.788,0.6273,0.4156,0.2589,0.1682,0.115,0.1656,0.133,0.1169,0.1683,0.1876,0.1982,0.2359,0.2517,0.2573,0.4432,0.5238,0.558,0.5829,0.6031,0.6181,0.6201,0.6313,0.6279,0.6244,0.6296,0.6228,0.6326,0.6378,0.6407,0.6437,0.6625,0.6781,0.6502,0.6466,0.6664,0.6822,0.6852,0.6726,0.6809,0.6838,0.6864,0.6876,0.6897,0.6984,0.7045,0.708,0.7087,0.7024,0.7099,0.7119,0.7003,0.6965,0.6995,0.7023,0.7111,0.7139,0.735,0.741,0.7696,0.7464,0.7084,0.7404,0.7315,0.7289,0.7279,0.545,0.5701,0.5644,0.5502,0.54,0.508,1.1,0.913,0.6238,0.4017,474.693,501.114,593.81,631.666,172.229,449.22,480.989,586.803,608.814,146.275,433.989,453.995,604.686,654.78,110.846,436.446,462.658,573.733,639.064,144.01,407.241,456.715,566.836,639.796,125.47,416.975,412.91,564.594,629.261,115.704,353.339,472.817,592.735,638.04,168.901,432.919,439.074,569.988,617.64,136.99
71,0.07749,0.06746,0.06401,0.08462,0.1208,0.1433,0.1231,0.1357,0.1202,0.1141,0.1272,0.111,0.1096,0.1064,0.09834,0.09842,0.1114,0.1079,0.1085,0.1355,0.1165,0.1125,0.1098,0.124,0.2367,0.5471,0.4301,0.2842,0.1751,0.1114,0.1233,0.1025,0.09026,0.1205,0.127,0.1323,0.1578,0.1549,0.1506,0.3159,0.3681,0.3829,0.4016,0.4158,0.4415,0.4812,0.4679,0.4415,0.3559,0.356,0.41,0.7844,0.6235,0.413,0.2579,0.1685,0.1169,0.1669,0.1337,0.1179,0.1683,0.1876,0.1982,0.2358,0.252,0.2574,0.4433,0.524,0.5581,0.5827,0.6039,0.6185,0.6201,0.6316,0.6281,0.6248,0.6299,0.6227,0.6323,0.638,0.6406,0.6444,0.6628,0.6779,0.6506,0.6463,0.6663,0.6822,0.6856,0.6727,0.6809,0.6843,0.6868,0.6879,0.6901,0.6983,0.705,0.7081,0.7088,0.7027,0.7097,0.7125,0.7008,0.6963,0.7,0.7023,0.7118,0.7143,0.736,0.7417,0.7702,0.7471,0.7441,0.7504,0.7339,0.7303,0.7286,0.5447,0.5702,0.5649,0.5531,0.5427,0.5134,1.108,0.9138,0.6313,0.4139,477.734,504.752,596.985,638.263,172.928,452.785,483.946,590.571,617.477,149.845,434.797,457.416,607.446,656.476,119.219,438.814,465.542,577.166,644.297,149.789,409.635,459.715,573.072,644.055,127.708,419.549,415.921,568.806,634.29,123.691,357.116,475.881,595.238,639.708,173.288,433.685,442.113,572.742,630.753,144.476
72,0.0721,0.06299,0.05972,0.08055,0.1164,0.1392,0.1192,0.1308,0.1164,0.1099,0.1227,0.1069,0.1056,0.1025,0.09441,0.09405,0.1069,0.1038,0.1044,0.1309,0.1025,0.1043,0.104,0.1192,0.2324,0.5462,0.4306,0.2841,0.1725,0.1039,0.1185,0.09724,0.08498,0.1164,0.1239,0.1294,0.1552,0.1524,0.148,0.3138,0.3665,0.3822,0.401,0.4152,0.4406,0.4799,0.4676,0.4419,0.3575,0.3573,0.4107,0.7884,0.6308,0.4161,0.2565,0.1638,0.1066,0.1615,0.129,0.1132,0.1653,0.1849,0.1957,0.2329,0.2489,0.2541,0.4406,0.5209,0.5549,0.5792,0.6003,0.6147,0.6164,0.6281,0.6248,0.6214,0.6263,0.6198,0.6291,0.6347,0.6373,0.6406,0.6588,0.674,0.6474,0.6431,0.6633,0.6787,0.6818,0.6703,0.6775,0.6804,0.6837,0.6852,0.6869,0.6951,0.7016,0.7047,0.705,0.6996,0.7064,0.709,0.6967,0.6935,0.6964,0.699,0.7081,0.7108,0.7318,0.7372,0.765,0.7424,0.7044,0.7365,0.7283,0.7258,0.7249,0.5423,0.5666,0.5607,0.547,0.5375,0.5093,1.11,0.9299,0.6438,0.421,469.61,497.283,590.716,627.367,171.494,443.39,478.079,583.688,605.919,143.032,426.999,450.425,602.318,652.971,107.421,430.505,459.618,570.467,634.38,141.886,404.142,453.53,563.261,635.21,124.565,412.985,409.933,561.117,625.481,114.369,348.735,469.54,590.669,633.37,167.048,426.433,435.974,567.129,612.119,135.851
73,0.06696,0.05723,0.05374,0.07389,0.1096,0.1324,0.1129,0.1252,0.1102,0.1039,0.1174,0.1012,0.09987,0.09691,0.08885,0.08887,0.1018,0.09856,0.09929,0.1265,0.1074,0.1035,0.1006,0.1149,0.2257,0.5338,0.4172,0.2719,0.1648,0.1009,0.1149,0.09409,0.08192,0.112,0.119,0.1244,0.1497,0.1465,0.142,0.3065,0.3588,0.3731,0.3916,0.4063,0.4316,0.4718,0.4588,0.432,0.3458,0.3457,0.4004,0.7725,0.6113,0.401,0.2471,0.1585,0.1062,0.1606,0.1274,0.1109,0.1622,0.1815,0.1924,0.2295,0.2458,0.251,0.4362,0.5173,0.5509,0.5759,0.5971,0.6111,0.6132,0.6249,0.621,0.6181,0.6227,0.6157,0.6257,0.6308,0.6343,0.6372,0.6566,0.6719,0.6436,0.64,0.6604,0.6759,0.6792,0.6665,0.6742,0.6772,0.68,0.6818,0.6841,0.6928,0.6987,0.7023,0.7031,0.6967,0.704,0.7067,0.6944,0.6906,0.6939,0.6968,0.7058,0.7086,0.7311,0.7361,0.7656,0.7421,0.7035,0.7358,0.7269,0.725,0.723,0.5388,0.5654,0.5597,0.5482,0.5378,0.5067,1.098,0.915,0.6316,0.4121,480.93,508.14,599.107,639.982,173.586,455.909,487.41,592.375,616.262,149.205,437.281,460.599,609.099,658.058,118.555,441.912,468.257,579.683,646.609,147.597,412.154,462.636,573.024,647.001,128.411,422.586,418.677,570.631,636.03,120.259,360.939,478.752,596.739,641.264,173.714,436.153,444.978,575.317,626.726,141.112
74,0.06835,0.05888,0.05529,0.07582,0.1117,0.1342,0.1146,0.127,0.1119,0.1056,0.119,0.103,0.1014,0.09856,0.09052,0.09052,0.1035,0.1001,0.1009,0.1278,0.1088,0.1053,0.1024,0.1169,0.229,0.5394,0.423,0.2778,0.168,0.1018,0.1162,0.09568,0.08325,0.1142,0.1213,0.1265,0.152,0.1495,0.1451,0.3098,0.3627,0.3775,0.3964,0.4106,0.4361,0.4759,0.4631,0.4369,0.3518,0.3518,0.4056,0.7806,0.6195,0.4081,0.2522,0.1618,0.1076,0.1618,0.129,0.1127,0.1643,0.1834,0.1945,0.2318,0.248,0.2535,0.439,0.5198,0.5533,0.5784,0.5993,0.6142,0.6155,0.6276,0.624,0.6205,0.6256,0.6185,0.6286,0.634,0.6368,0.6404,0.6586,0.6742,0.6468,0.6426,0.6633,0.6783,0.6815,0.6694,0.6771,0.6799,0.6831,0.6843,0.6871,0.6952,0.7011,0.7052,0.7053,0.6995,0.7071,0.7094,0.6973,0.6935,0.6966,0.6995,0.7082,0.7112,0.7329,0.7385,0.7677,0.7448,0.7417,0.7481,0.7318,0.7279,0.7259,0.5428,0.568,0.5624,0.5505,0.54,0.5114,1.107,0.9154,0.6318,0.4135,475.746,503.135,595.509,635.584,172.615,450.173,483.095,588.927,613.735,148.999,432.416,455.915,606.21,655.695,116.492,436.908,464.253,575.685,642.19,147.573,408.413,458.44,570.503,642.48,126.654,418.103,414.601,567.061,632.065,121.27,355.256,474.539,594.106,638.939,173.078,431.906,440.777,571.514,626.747,141.196
75,0.07737,0.06808,0.06482,0.08569,0.122,0.1443,0.1241,0.1362,0.1214,0.115,0.128,0.1117,0.11,0.1073,0.09907,0.09899,0.1116,0.1084,0.1091,0.1358,0.1073,0.1091,0.1085,0.124,0.2376,0.5518,0.4361,0.2893,0.1775,0.1094,0.1232,0.102,0.08949,0.1205,0.1282,0.1335,0.1593,0.1567,0.1523,0.3184,0.3716,0.3867,0.4055,0.4199,0.4449,0.4845,0.472,0.4461,0.3621,0.3621,0.4148,0.7929,0.6356,0.4213,0.262,0.1698,0.1142,0.165,0.1334,0.117,0.1688,0.1882,0.1989,0.2362,0.2524,0.2578,0.4443,0.525,0.5583,0.5837,0.6039,0.6188,0.6206,0.6318,0.6288,0.6255,0.6307,0.6235,0.6336,0.6385,0.6417,0.6444,0.6631,0.678,0.6513,0.6467,0.6671,0.6829,0.6862,0.6737,0.6816,0.6845,0.6872,0.6888,0.6908,0.6989,0.7051,0.7086,0.7094,0.7032,0.7104,0.7124,0.7009,0.6975,0.7002,0.7029,0.7087,0.7076,0.7266,0.7303,0.7584,0.7351,0.7317,0.7376,0.7215,0.7177,0.7159,0.5324,0.5578,0.5518,0.5376,0.528,0.5016,1.101,0.9089,0.6238,0.4036,469.947,497.103,590.562,629.068,171.455,443.426,477.935,584.163,608.792,145.525,427.321,450.253,602.532,652.863,110.791,430.817,459.478,570.598,635.041,145.532,404.078,453.392,565.389,635.805,124.565,412.894,409.824,561.881,626.507,118.199,348.689,469.408,590.757,635.589,167.669,426.867,435.853,566.981,620.233,138.327
76,0.07864,0.06922,0.06576,0.0867,0.1228,0.1454,0.1252,0.137,0.122,0.1157,0.1288,0.1125,0.1111,0.1081,0.09987,0.1,0.1126,0.109,0.11,0.1368,0.1078,0.11,0.1096,0.1246,0.2384,0.5526,0.4362,0.2902,0.1786,0.1113,0.1241,0.1031,0.09067,0.1214,0.1288,0.1343,0.1598,0.157,0.1528,0.3187,0.3719,0.3865,0.4058,0.4203,0.4451,0.4847,0.4717,0.446,0.3615,0.3618,0.4145,0.7927,0.6357,0.4212,0.2626,0.1703,0.1153,0.1661,0.1338,0.1176,0.1693,0.1884,0.1994,0.2362,0.2527,0.2583,0.4445,0.5253,0.5587,0.584,0.6043,0.6188,0.621,0.6321,0.629,0.6256,0.6309,0.6236,0.6338,0.6387,0.6418,0.6446,0.6635,0.6779,0.651,0.6468,0.667,0.683,0.6862,0.6739,0.6815,0.6845,0.6875,0.6889,0.6906,0.699,0.7052,0.709,0.7093,0.7032,0.71,0.7126,0.7009,0.697,0.6989,0.7015,0.7101,0.7098,0.7291,0.7324,0.7595,0.7364,0.6978,0.7294,0.7203,0.7179,0.7161,0.532,0.5578,0.552,0.5371,0.5279,0.5008,1.1,0.9143,0.6279,0.4069,467.492,497.355,591.015,628.364,171.575,442.737,478.23,584.118,606.512,144.229,424.768,450.542,602.686,653.352,108.569,428.736,459.53,570.812,634.379,143.647,403.86,453.527,564.358,635.471,124.555,412.499,409.885,561.759,626.084,115.678,347.941,469.6,591.084,634.665,167.225,423.872,435.949,567.323,615.46,137.18
