real_name,obd_irr_paddy_20160531,obd_irr_paddy_20160630,obd_irr_paddy_20160731,obd_irr_paddy_20160831,obd_irr_paddy_20160930,obd_irr_paddy_20170531,obd_irr_paddy_20170630,obd_irr_paddy_20170731,obd_irr_paddy_20170831,obd_irr_paddy_20170930,obd_irr_paddy_20180531,obd_irr_paddy_20180630,obd_irr_paddy_20180731,obd_irr_paddy_20180831,obd_irr_paddy_20180930,obd_irr_paddy_20190531,obd_irr_paddy_20190630,obd_irr_paddy_20190731,obd_irr_paddy_20190831,obd_irr_paddy_20190930,obd_irr_paddy_20200531,obd_irr_paddy_20200630,obd_irr_paddy_20200731,obd_irr_paddy_20200831,obd_irr_paddy_20200930,obd_irr_paddy_20210531,obd_irr_paddy_20210630,obd_irr_paddy_20210731,obd_irr_paddy_20210831,obd_irr_paddy_20210930,obd_irr_paddy_20220531,obd_irr_paddy_20220630,obd_irr_paddy_20220731,obd_irr_paddy_20220831,obd_irr_paddy_20220930
0,430.057,469.274,632.839,534.833,178.416,447.894,463.334,620.096,537.814,159.297,431.128,430.18,645.053,567.661,167.905,430.981,460.668,639.955,566.873,170.659,401.189,441.669,601.717,567.099,174.779,420.695,421.496,588.802,525.698,146.2,436.348,466.991,622.802,600.289,182.502
1,429.957,469.172,632.756,534.762,178.382,447.794,463.23,620.021,537.734,159.267,431.041,430.069,644.961,567.573,167.875,430.891,460.573,639.865,566.789,170.625,401.1,441.57,601.638,567.014,174.748,420.609,421.42,588.728,525.629,146.173,436.235,466.888,622.726,600.172,182.461
2,429.794,469.007,632.624,534.652,178.333,447.631,463.061,619.902,537.621,159.227,430.899,429.89,644.814,567.443,167.831,430.745,460.418,639.722,566.67,170.585,400.956,441.409,601.528,566.879,174.702,420.47,421.295,588.608,525.527,146.138,436.051,466.722,622.605,600.01,182.408
3,430.023,469.239,632.801,534.795,178.393,447.86,463.298,620.061,537.743,159.265,431.098,430.142,645.014,567.602,167.887,430.95,460.636,639.917,566.797,170.604,401.159,441.634,601.641,567.061,174.76,420.666,421.469,588.776,525.647,146.168,436.309,466.951,622.767,600.181,182.451
4,429.854,469.068,632.666,534.683,178.343,447.691,463.124,619.939,537.632,159.227,430.951,429.956,644.863,567.47,167.842,430.799,460.475,639.77,566.68,170.569,401.01,441.468,601.533,566.923,174.713,420.521,421.34,588.652,525.545,146.135,436.119,466.78,622.643,600.021,182.401
5,430.01,469.226,632.784,534.779,178.382,447.847,463.285,620.044,537.703,159.247,431.087,430.128,644.996,567.571,167.878,430.939,460.623,639.901,566.754,170.57,401.147,441.621,601.598,567.046,174.751,420.655,421.458,588.766,525.62,146.148,436.295,466.934,622.75,600.118,182.42
6,429.892,469.107,632.697,534.709,178.355,447.729,463.163,619.967,537.66,159.237,430.984,429.998,644.897,567.502,167.852,430.833,460.511,639.803,566.709,170.58,401.043,441.505,601.561,566.954,174.724,420.554,421.369,588.679,525.569,146.144,436.162,466.819,622.671,600.062,182.415
7,430.054,469.271,632.836,534.829,178.414,447.891,463.331,620.093,537.806,159.293,431.126,430.177,645.05,567.655,167.903,430.978,460.666,639.952,566.865,170.653,401.187,441.666,601.709,567.096,174.777,420.693,421.494,588.8,525.693,146.197,436.345,466.987,622.799,600.277,182.497
8,429.494,468.704,632.379,534.447,178.239,447.331,462.752,619.682,537.401,159.147,430.637,429.56,644.541,567.196,167.747,430.477,460.132,639.457,566.439,170.502,400.691,441.113,601.313,566.629,174.615,420.213,421.066,588.387,525.333,146.068,435.713,466.416,622.379,599.696,182.302
9,430.395,469.616,633.113,535.061,178.519,448.232,463.683,620.343,538.048,159.38,431.423,430.551,645.359,567.931,167.997,431.283,460.99,640.252,567.118,170.74,401.488,442.002,601.945,567.379,174.875,420.984,421.754,589.051,525.908,146.272,436.729,467.334,623.053,600.622,182.611
10,429.745,468.958,632.571,534.601,178.302,447.582,463.011,619.853,537.525,159.184,430.857,429.837,644.758,567.363,167.807,430.702,460.372,639.669,566.567,170.511,400.913,441.36,601.425,566.827,174.677,420.428,421.256,588.571,525.458,146.095,435.996,466.666,622.555,599.864,182.339
11,429.952,469.167,632.736,534.739,178.363,447.789,463.225,620.001,537.66,159.231,431.036,430.064,644.943,567.524,167.862,430.887,460.568,639.849,566.709,170.553,401.096,441.564,601.556,566.997,174.734,420.605,421.413,588.723,525.582,146.134,436.229,466.875,622.706,600.056,182.399
12,429.986,469.202,632.767,534.764,178.377,447.823,463.26,620.029,537.698,159.247,431.066,430.102,644.977,567.559,167.874,430.917,460.601,639.882,566.749,170.576,401.126,441.598,601.594,567.027,174.746,420.634,421.44,588.749,525.612,146.15,436.268,466.911,622.735,600.114,182.422
13,430.082,469.299,632.855,534.844,178.419,447.919,463.359,620.11,537.812,159.294,431.15,430.207,645.072,567.668,167.908,431.003,460.692,639.974,566.871,170.646,401.211,441.693,601.713,567.116,174.782,420.716,421.515,588.82,525.701,146.195,436.376,467.014,622.817,600.283,182.494
14,430.095,469.313,632.853,534.837,178.408,447.932,463.373,620.106,537.763,159.268,431.161,430.222,645.073,567.64,167.901,431.015,460.705,639.975,566.817,170.59,401.223,441.706,601.656,567.116,174.775,420.728,421.523,588.829,525.674,146.167,436.391,467.021,622.814,600.204,182.448
15,429.738,468.952,632.563,534.595,178.297,447.575,463.004,619.845,537.508,159.176,430.851,429.829,644.75,567.35,167.803,430.696,460.365,639.66,566.549,170.498,400.907,441.353,601.408,566.82,174.673,420.422,421.251,588.566,525.447,146.087,435.988,466.658,622.547,599.839,182.327
16,429.776,468.99,632.594,534.62,178.31,447.613,463.044,619.874,537.539,159.188,430.884,429.871,644.785,567.383,167.814,430.73,460.401,639.695,566.582,170.511,400.941,441.391,601.438,566.852,174.684,420.455,421.28,588.594,525.473,146.098,436.031,466.697,622.576,599.884,182.343
17,429.562,468.773,632.431,534.488,178.256,447.399,462.823,619.728,537.433,159.157,430.697,429.635,644.6,567.24,167.763,430.538,460.198,639.514,566.472,170.503,400.752,441.18,601.342,566.683,174.631,420.272,421.118,588.437,525.366,146.075,435.79,466.484,622.427,599.739,182.311
18,430.605,469.828,633.281,535.2,178.581,448.441,463.899,620.494,538.19,159.43,431.605,430.777,645.547,568.097,168.053,431.47,461.189,640.435,567.267,170.787,401.673,442.208,602.082,567.552,174.934,421.163,421.913,589.205,526.037,146.315,436.966,467.546,623.208,600.825,182.676
19,429.821,469.035,632.643,534.666,178.338,447.659,463.09,619.92,537.626,159.227,430.923,429.921,644.836,567.456,167.836,430.77,460.445,639.744,566.674,170.578,400.981,441.436,601.53,566.899,174.707,420.494,421.316,588.628,525.535,146.137,436.082,466.749,622.622,600.015,182.405
20,429.609,468.821,632.464,534.513,178.265,447.446,462.871,619.757,537.444,159.157,430.738,429.687,644.638,567.263,167.772,430.581,460.242,639.552,566.483,170.492,400.793,441.227,601.349,566.718,174.641,420.312,421.153,588.471,525.381,146.073,435.843,466.529,622.457,599.752,182.307
21,429.85,469.065,632.654,534.67,178.332,447.688,463.12,619.927,537.587,159.205,430.948,429.952,644.851,567.441,167.834,430.796,460.472,639.76,566.633,170.526,401.006,441.464,601.485,566.913,174.705,420.518,421.336,588.648,525.517,146.112,436.115,466.772,622.631,599.952,182.364
22,429.944,469.159,632.729,534.734,178.36,447.781,463.217,619.995,537.651,159.227,431.03,430.055,644.936,567.515,167.859,430.88,460.561,639.842,566.7,170.547,401.089,441.556,601.547,566.99,174.731,420.598,421.407,588.717,525.575,146.131,436.22,466.866,622.7,600.043,182.393
23,431.136,470.365,633.709,535.556,178.741,448.973,464.448,620.879,538.553,159.558,432.068,431.352,646.026,568.519,168.198,431.945,461.695,640.9,567.647,170.908,402.143,442.733,602.433,567.991,175.083,421.618,422.318,589.597,526.364,146.425,437.565,468.086,623.602,601.343,182.841
24,429.75,468.963,632.586,534.62,178.317,447.587,463.016,619.868,537.581,159.212,430.86,429.842,644.772,567.402,167.817,430.706,460.376,639.681,566.627,170.565,400.917,441.365,601.488,566.841,174.688,420.432,421.261,588.575,525.494,146.124,436.001,466.676,622.57,599.952,182.386
25,430.744,469.969,633.381,535.278,178.609,448.581,464.043,620.582,538.228,159.435,431.727,430.928,645.663,568.171,168.082,431.595,461.322,640.547,567.306,170.762,401.796,442.346,602.111,567.656,174.962,421.283,422.018,589.307,526.088,146.313,437.123,467.682,623.299,600.872,182.67
26,429.766,468.98,632.593,534.622,178.315,447.603,463.033,619.874,537.563,159.201,430.875,429.86,644.782,567.395,167.816,430.721,460.392,639.691,566.608,170.54,400.932,441.381,601.466,566.849,174.687,420.446,421.273,588.587,525.485,146.112,436.02,466.69,622.576,599.923,182.367
27,429.88,469.095,632.679,534.691,178.342,447.717,463.151,619.95,537.613,159.214,430.974,429.985,644.879,567.467,167.843,430.823,460.5,639.787,566.659,170.538,401.032,441.493,601.51,566.938,174.714,420.544,421.359,588.67,525.539,146.121,436.148,466.802,622.654,599.989,182.378
28,429.384,468.593,632.298,534.896,178.439,447.221,462.639,619.706,538.204,159.236,430.542,429.44,644.696,568.152,167.759,430.38,460.028,639.392,566.896,170.544,400.595,441.004,601.192,567.329,174.695,420.12,420.981,585.992,525.275,146.13,435.527,462.999,616.5,595.75,181.841
29,429.878,469.093,632.687,534.701,178.352,447.715,463.149,619.958,537.654,159.235,430.973,429.983,644.885,567.493,167.849,430.821,460.498,639.792,566.704,170.58,401.031,441.492,601.556,566.944,174.721,420.542,421.359,588.67,525.563,146.143,436.146,466.805,622.662,600.054,182.414
30,429.981,469.197,632.761,534.759,178.373,447.818,463.255,620.023,537.685,159.24,431.062,430.096,644.97,567.549,167.87,430.913,460.596,639.875,566.735,170.564,401.122,441.592,601.58,567.022,174.743,420.63,421.436,588.745,525.603,146.143,436.262,466.905,622.729,600.092,182.412
31,430.075,469.292,632.836,534.823,178.401,447.912,463.352,620.091,537.75,159.263,431.144,430.199,645.055,567.624,167.896,430.997,460.685,639.958,566.803,170.586,401.204,441.685,601.643,567.099,174.77,420.71,421.507,588.814,525.661,146.163,436.368,467,622.799,600.185,182.442
32,429.635,468.847,632.495,534.545,178.284,447.472,462.898,619.787,537.508,159.187,430.761,429.716,644.67,567.315,167.787,430.604,460.267,639.582,566.552,170.545,400.816,441.252,601.419,566.748,174.656,420.334,421.175,588.49,525.427,146.104,435.872,466.561,622.486,599.85,182.355
33,429.554,468.764,632.428,534.488,178.258,447.391,462.814,619.726,537.445,159.163,430.69,429.626,644.595,567.245,167.764,430.531,460.19,639.51,566.485,170.519,400.744,441.172,601.356,566.679,174.632,420.265,421.112,588.431,525.371,146.082,435.78,466.477,622.424,599.758,182.323
34,429.996,469.212,632.772,534.77,178.377,447.833,463.271,620.034,537.692,159.242,431.075,430.113,644.984,567.56,167.874,430.927,460.611,639.888,566.742,170.564,401.135,441.608,601.587,567.034,174.747,420.643,421.447,588.756,525.61,146.144,436.279,466.92,622.74,600.102,182.414
35,429.793,469.007,632.608,534.632,178.315,447.63,463.061,619.886,537.549,159.191,430.898,429.889,644.8,567.396,167.818,430.745,460.417,639.709,566.593,170.514,400.956,441.407,601.448,566.866,174.689,420.469,421.292,588.606,525.483,146.1,436.05,466.714,622.589,599.898,182.347
36,430.026,469.242,632.797,534.79,178.387,447.863,463.301,620.056,537.717,159.252,431.101,430.145,645.011,567.586,167.883,430.953,460.639,639.915,566.769,170.576,401.161,441.637,601.612,567.059,174.756,420.668,421.47,588.778,525.631,146.153,436.313,466.951,622.763,600.139,182.427
37,430.018,469.234,632.801,534.797,178.396,447.855,463.293,620.061,537.757,159.273,431.094,430.136,645.012,567.609,167.889,430.946,460.631,639.915,566.812,170.62,401.154,441.629,601.657,567.06,174.762,420.661,421.465,588.772,525.654,146.176,436.304,466.947,622.767,600.202,182.464
38,429.948,469.163,632.737,534.739,178.366,447.785,463.221,620.002,537.674,159.238,431.033,430.06,644.943,567.53,167.863,430.883,460.565,639.848,566.724,170.569,401.092,441.56,601.571,566.996,174.736,420.601,421.411,588.72,525.589,146.143,436.225,466.873,622.707,600.079,182.412
39,430.114,469.331,632.868,534.85,178.413,447.951,463.392,620.119,537.775,159.272,431.178,430.242,645.09,567.655,167.906,431.032,460.722,639.992,566.83,170.595,401.239,441.724,601.668,567.132,174.781,420.743,421.537,588.843,525.685,146.171,436.412,467.04,622.827,600.222,182.453
40,429.581,468.793,632.441,534.493,178.255,447.418,462.842,619.735,537.42,159.149,430.714,429.656,644.613,567.238,167.764,430.556,460.216,639.527,566.458,170.482,400.769,441.199,601.326,566.693,174.632,420.288,421.132,588.45,525.361,146.065,435.811,466.501,622.435,599.718,182.295
41,430.022,469.238,632.794,534.787,178.385,447.859,463.297,620.053,537.713,159.25,431.098,430.141,645.007,567.582,167.882,430.949,460.635,639.911,566.764,170.574,401.158,441.633,601.607,567.056,174.755,420.665,421.467,588.775,525.628,146.152,436.308,466.947,622.759,600.132,182.425
42,438.166,477.472,639.404,540.532,180.921,456.001,471.7,626.015,543.627,161.355,438.186,438.947,652.413,574.272,170.137,438.45,468.375,647.085,572.92,172.719,408.357,450.688,607.288,573.844,177.097,427.625,427.827,594.772,530.855,147.988,445.419,475.235,628.862,608.57,185.218
43,429.689,468.901,632.538,534.58,178.3,447.526,462.953,619.825,537.541,159.198,430.808,429.775,644.718,567.355,167.801,430.652,460.318,639.629,566.586,170.553,400.864,441.305,601.449,566.791,174.671,420.38,421.215,588.53,525.457,146.113,435.933,466.615,622.525,599.896,182.368
44,429.874,469.089,632.685,534.699,178.352,447.711,463.145,619.956,537.655,159.236,430.969,429.979,644.883,567.493,167.849,430.818,460.495,639.789,566.705,170.583,401.028,441.488,601.557,566.941,174.721,420.539,421.356,588.667,525.563,146.144,436.142,466.802,622.66,600.056,182.416
45,430.237,469.456,632.982,534.951,178.468,448.074,463.519,620.225,537.928,159.336,431.285,430.377,645.214,567.798,167.952,431.142,460.84,640.111,566.993,170.692,401.348,441.846,601.827,567.246,174.828,420.849,421.633,588.934,525.803,146.233,436.551,467.172,622.934,600.451,182.552
46,429.656,468.868,632.507,534.552,178.285,447.493,462.919,619.797,537.501,159.181,430.779,429.739,644.685,567.317,167.789,430.622,460.287,639.597,566.543,170.529,400.834,441.273,601.408,566.761,174.658,420.352,421.19,588.506,525.426,146.097,435.896,466.58,622.497,599.837,182.343
47,429.678,468.891,632.514,534.554,178.279,447.515,462.942,619.801,537.465,159.161,430.798,429.763,644.696,567.302,167.786,430.642,460.308,639.608,566.505,170.482,400.854,441.294,601.366,566.771,174.656,420.371,421.205,588.522,525.409,146.074,435.921,466.597,622.502,599.778,182.306
48,431.202,470.432,633.754,535.589,178.751,449.039,464.516,620.917,538.558,159.554,432.125,431.423,646.078,568.545,168.208,432.004,461.757,640.951,567.652,170.884,402.201,442.797,602.432,568.038,175.094,421.674,422.366,589.644,526.38,146.417,437.639,468.148,623.642,601.345,182.828
49,430.32,469.54,633.036,534.99,178.478,448.157,463.605,620.271,537.926,159.327,431.357,430.469,645.278,567.824,167.964,431.216,460.918,640.174,566.988,170.652,401.421,441.927,601.816,567.303,174.841,420.92,421.694,588.994,525.818,146.219,436.644,467.25,622.982,600.438,182.527
50,430.2,469.418,632.937,534.908,178.44,448.036,463.481,620.182,537.836,159.294,431.252,430.336,645.168,567.725,167.93,431.108,460.804,640.067,566.894,170.617,401.315,441.808,601.728,567.203,174.805,420.817,421.602,588.906,525.739,146.19,436.509,467.127,622.892,600.309,182.483
51,430.134,469.352,632.892,534.87,178.427,447.971,463.413,620.142,537.821,159.293,431.195,430.265,645.115,567.692,167.918,431.05,460.742,640.015,566.879,170.632,401.257,441.745,601.718,567.153,174.792,420.761,421.554,588.858,525.717,146.192,436.435,467.065,622.85,600.293,182.488
52,429.846,469.06,632.657,534.673,178.338,447.683,463.115,619.931,537.614,159.218,430.944,429.947,644.853,567.456,167.838,430.792,460.467,639.761,566.66,170.555,401.002,441.46,601.514,566.914,174.709,420.514,421.334,588.645,525.532,146.126,436.11,466.77,622.634,599.994,182.388
53,430.711,469.935,633.352,535.255,178.597,448.547,464.009,620.556,538.198,159.424,431.697,430.892,645.631,568.14,168.071,431.565,461.29,640.517,567.274,170.747,401.766,442.312,602.081,567.628,174.952,421.254,421.992,589.282,526.062,146.302,437.085,467.647,623.273,600.827,182.653
54,429.594,468.805,632.444,534.496,178.252,447.431,462.855,619.738,537.402,159.138,430.725,429.67,644.618,567.232,167.762,430.567,460.228,639.533,566.439,170.458,400.78,441.211,601.304,566.7,174.631,420.299,421.14,588.459,525.353,146.053,435.825,466.51,622.439,599.688,182.276
55,430.432,469.653,633.14,535.081,178.526,448.269,463.721,620.367,538.06,159.382,431.455,430.591,645.39,567.952,168.005,431.316,461.025,640.282,567.13,170.736,401.52,442.038,601.955,567.407,174.882,421.016,421.781,589.078,525.923,146.273,436.771,467.371,623.078,600.638,182.611
56,429.706,468.918,632.536,534.572,178.287,447.542,462.97,619.821,537.485,159.168,430.822,429.793,644.72,567.324,167.794,430.667,460.334,639.632,566.525,170.49,400.878,441.321,601.385,566.793,174.664,420.395,421.226,588.541,525.426,146.08,435.951,466.624,622.523,599.806,182.316
57,429.978,469.194,632.762,534.761,178.377,447.815,463.252,620.026,537.701,159.249,431.059,430.093,644.971,567.558,167.873,430.91,460.593,639.876,566.752,170.582,401.119,441.59,601.599,567.022,174.746,420.627,421.434,588.743,525.612,146.152,436.259,466.904,622.731,600.119,182.427
58,431.289,470.52,633.824,535.649,178.777,449.126,464.606,620.98,538.618,159.575,432.201,431.517,646.157,568.615,168.232,432.082,461.84,641.027,567.714,170.904,402.277,442.883,602.49,568.11,175.119,421.748,422.433,589.709,526.435,146.435,437.738,468.237,623.706,601.43,182.855
59,429.538,468.749,632.399,534.458,178.235,447.375,462.798,619.697,537.362,159.124,430.676,429.609,644.568,567.186,167.747,430.517,460.175,639.484,566.397,170.443,400.73,441.156,601.266,566.654,174.615,420.251,421.098,588.418,525.318,146.041,435.763,466.453,622.397,599.631,182.257
60,429.748,468.961,632.583,534.615,178.314,447.585,463.014,619.865,537.569,159.206,430.859,429.84,644.769,567.393,167.815,430.705,460.375,639.678,566.615,170.554,400.916,441.364,601.475,566.837,174.685,420.431,421.26,588.574,525.486,146.118,436,466.674,622.566,599.934,182.376
61,429.964,469.18,632.746,534.748,178.366,447.801,463.238,620.01,537.666,159.233,431.047,430.078,644.954,567.533,167.864,430.898,460.58,639.86,566.716,170.553,401.107,441.576,601.562,567.007,174.737,420.616,421.423,588.732,525.588,146.136,436.244,466.887,622.715,600.065,182.401
62,429.856,469.071,632.658,534.674,178.333,447.693,463.126,619.931,537.591,159.206,430.954,429.959,644.857,567.446,167.835,430.801,460.477,639.765,566.636,170.527,401.012,441.47,601.488,566.918,174.706,420.523,421.341,588.653,525.521,146.113,436.122,466.778,622.635,599.957,182.365
63,429.896,469.111,632.693,534.702,178.348,447.733,463.167,619.962,537.628,159.22,430.988,430.003,644.894,567.482,167.848,430.837,460.515,639.801,566.675,170.546,401.047,441.509,601.525,566.952,174.719,420.557,421.371,588.682,525.551,146.126,436.166,466.819,622.666,600.012,182.386
64,431.298,470.529,633.835,535.657,178.784,449.135,464.615,620.99,538.64,159.585,432.209,431.527,646.168,568.631,168.237,432.09,461.848,641.038,567.738,170.922,402.285,442.892,602.513,568.119,175.124,421.756,422.44,589.715,526.45,146.446,437.748,468.248,623.716,601.465,182.872
65,430.237,469.456,632.98,534.948,178.466,448.074,463.519,620.223,537.92,159.332,431.285,430.377,645.212,567.792,167.951,431.141,460.839,640.11,566.984,170.684,401.348,441.846,601.818,567.244,174.826,420.849,421.632,588.934,525.798,146.229,436.551,467.171,622.932,600.438,182.545
66,429.477,468.687,632.35,534.417,178.216,447.314,462.735,619.653,537.319,159.108,430.623,429.542,644.513,567.138,167.73,430.463,460.117,639.43,566.351,170.427,400.677,441.096,601.223,566.603,174.597,420.199,421.052,588.373,525.279,146.027,435.694,466.391,622.351,599.57,182.236
67,430.101,469.319,632.862,534.844,178.414,447.938,463.379,620.115,537.785,159.278,431.167,430.228,645.082,567.656,167.906,431.02,460.711,639.984,566.84,170.61,401.228,441.712,601.679,567.124,174.78,420.733,421.528,588.834,525.688,146.178,436.398,467.029,622.822,600.238,182.465
68,430.203,469.422,632.947,534.916,178.447,448.04,463.484,620.191,537.865,159.308,431.255,430.34,645.176,567.744,167.936,431.111,460.807,640.075,566.926,170.645,401.318,441.812,601.76,567.21,174.811,420.82,421.606,588.909,525.758,146.205,436.513,467.134,622.9,600.356,182.507
69,430.139,469.357,632.889,534.867,178.421,447.976,463.418,620.138,537.795,159.28,431.2,430.27,645.113,567.677,167.914,431.054,460.746,640.014,566.851,170.604,401.261,441.748,601.688,567.153,174.788,420.765,421.556,588.861,525.702,146.177,436.44,467.066,622.847,600.251,182.464
70,430.056,469.273,632.821,534.81,178.395,447.893,463.333,620.077,537.734,159.257,431.128,430.179,645.038,567.608,167.891,430.98,460.668,639.941,566.787,170.579,401.188,441.667,601.628,567.084,174.764,420.694,421.493,588.8,525.648,146.158,436.347,466.981,622.785,600.162,182.434
71,430.016,469.232,632.805,534.804,178.403,447.853,463.291,620.066,537.783,159.286,431.092,430.134,645.016,567.626,167.893,430.944,460.629,639.919,566.841,170.648,401.152,441.628,601.687,567.065,174.766,420.66,421.465,588.771,525.671,146.19,436.301,466.948,622.772,600.244,182.487
72,429.851,469.066,632.661,534.677,178.339,447.688,463.121,619.934,537.616,159.219,430.949,429.954,644.858,567.459,167.839,430.797,460.473,639.765,566.663,170.555,401.007,441.465,601.517,566.918,174.71,420.519,421.338,588.649,525.535,146.127,436.116,466.776,622.638,599.998,182.389
73,429.942,469.158,632.727,534.733,178.359,447.779,463.215,619.993,537.648,159.226,431.028,430.054,644.934,567.513,167.858,430.878,460.559,639.84,566.697,170.545,401.088,441.555,601.544,566.989,174.731,420.597,421.406,588.716,525.573,146.13,436.219,466.865,622.698,600.039,182.391
74,429.557,468.768,632.427,534.485,178.255,447.394,462.818,619.725,537.432,159.157,430.693,429.63,644.596,567.238,167.762,430.534,460.193,639.51,566.471,170.504,400.748,441.176,601.341,566.679,174.63,420.268,421.115,588.433,525.364,146.075,435.785,466.479,622.424,599.737,182.311
75,429.917,469.132,632.721,534.732,178.368,447.754,463.189,619.99,537.698,159.253,431.006,430.026,644.923,567.536,167.863,430.855,460.535,639.829,566.75,170.606,401.065,441.53,601.601,566.979,174.735,420.575,421.389,588.698,525.598,146.16,436.19,466.846,622.694,600.119,182.441
76,429.846,469.061,632.65,534.668,178.33,447.683,463.116,619.924,537.584,159.204,430.945,429.948,644.848,567.437,167.832,430.793,460.468,639.756,566.629,170.524,401.003,441.46,601.482,566.91,174.704,420.515,421.333,588.645,525.515,146.11,436.11,466.767,622.628,599.947,182.362
77,429.601,468.812,632.45,534.501,178.254,447.438,462.862,619.744,537.408,159.14,430.731,429.678,644.625,567.238,167.764,430.573,460.234,639.539,566.445,170.46,400.786,441.217,601.31,566.706,174.633,420.305,421.146,588.464,525.358,146.056,435.833,466.517,622.444,599.696,182.279
78,430.138,469.356,632.888,534.866,178.421,447.975,463.417,620.138,537.795,159.28,431.199,430.269,645.113,567.676,167.914,431.053,460.745,640.014,566.851,170.604,401.261,441.748,601.688,567.152,174.788,420.764,421.556,588.86,525.702,146.177,436.44,467.065,622.846,600.251,182.464
79,430.748,469.973,633.387,535.282,178.612,448.585,464.047,620.587,538.241,159.441,431.73,430.933,645.668,568.179,168.084,431.599,461.326,640.553,567.319,170.773,401.8,442.35,602.124,567.661,174.965,421.286,422.021,589.31,526.096,146.319,437.128,467.687,623.304,600.891,182.68
80,429.551,468.761,632.427,534.488,178.259,447.388,462.811,619.726,537.452,159.167,430.687,429.623,644.594,567.249,167.764,430.528,460.187,639.509,566.492,170.526,400.742,441.169,601.363,566.678,174.633,420.262,421.11,588.429,525.375,146.086,435.777,466.475,622.424,599.769,182.329
81,430.56,469.783,633.247,535.173,178.57,448.397,463.853,620.464,538.169,159.424,431.566,430.729,645.508,568.067,168.043,431.43,461.147,640.397,567.245,170.786,401.633,442.165,602.063,567.516,174.922,421.125,421.879,589.172,526.015,146.311,436.915,467.502,623.177,600.796,182.67
82,429.541,468.752,632.401,534.46,178.235,447.378,462.8,619.699,537.363,159.124,430.679,429.612,644.571,567.188,167.747,430.519,460.177,639.486,566.397,170.442,400.733,441.159,601.266,566.656,174.615,420.254,421.1,588.42,525.319,146.041,435.766,466.456,622.399,599.632,182.256
83,429.688,468.901,632.522,534.56,178.282,447.525,462.953,619.808,537.473,159.164,430.807,429.774,644.705,567.31,167.789,430.651,460.318,639.617,566.513,170.486,400.863,441.304,601.374,566.779,174.659,420.38,421.213,588.529,525.415,146.076,435.932,466.607,622.51,599.789,182.31
84,429.577,468.788,632.431,534.485,178.247,447.414,462.838,619.726,537.389,159.133,430.71,429.652,644.603,567.217,167.757,430.552,460.212,639.518,566.425,170.452,400.765,441.194,601.291,566.686,174.626,420.285,421.128,588.447,525.342,146.049,435.807,466.493,622.426,599.668,182.268
85,429.838,469.052,632.661,534.684,178.348,447.674,463.107,619.936,537.658,159.241,430.937,429.938,644.854,567.483,167.844,430.785,460.46,639.762,566.709,170.603,400.995,441.452,601.565,566.917,174.716,420.507,421.329,588.64,525.559,146.151,436.101,466.767,622.638,600.064,182.428
86,430.069,469.286,632.832,534.819,178.4,447.906,463.345,620.087,537.747,159.262,431.138,430.192,645.05,567.62,167.894,430.991,460.679,639.953,566.8,170.587,401.199,441.679,601.641,567.095,174.768,420.705,421.503,588.809,525.658,146.162,436.361,466.994,622.794,600.181,182.441
87,429.841,469.055,632.652,534.669,178.335,447.678,463.11,619.926,537.607,159.215,430.94,429.942,644.848,567.449,167.836,430.788,460.463,639.756,566.653,170.55,400.998,441.455,601.507,566.909,174.707,420.51,421.33,588.642,525.527,146.124,436.104,466.765,622.629,599.984,182.384
88,430.14,469.357,632.909,535.085,178.532,447.977,463.419,620.169,538.186,159.368,431.2,430.271,645.168,568.129,167.947,431.055,460.747,640.028,567.14,170.725,401.262,441.75,601.771,567.462,174.847,420.766,421.559,588.868,525.952,146.246,436.441,467.074,622.927,600.9,182.617
89,429.948,469.164,632.734,534.737,178.362,447.785,463.221,619.999,537.659,159.231,431.033,430.06,644.94,567.521,167.861,430.883,460.565,639.846,566.708,170.553,401.093,441.561,601.555,566.995,174.733,420.602,421.411,588.72,525.58,146.134,436.225,466.871,622.704,600.055,182.399
90,429.874,469.088,632.673,534.687,178.34,447.711,463.144,619.945,537.606,159.212,430.968,429.978,644.873,567.461,167.84,430.817,460.494,639.781,566.653,170.534,401.027,441.487,601.504,566.933,174.712,420.538,421.354,588.665,525.533,146.118,436.141,466.796,622.649,599.98,182.374
91,429.972,469.188,632.77,534.775,178.39,447.809,463.246,620.034,537.754,159.276,431.054,430.086,644.976,567.592,167.881,430.905,460.587,639.88,566.81,170.638,401.114,441.585,601.659,567.028,174.754,420.622,421.431,588.739,525.644,146.181,436.252,466.904,622.739,600.202,182.474
92,429.955,469.171,632.739,534.742,178.365,447.792,463.228,620.004,537.664,159.232,431.04,430.068,644.947,567.527,167.863,430.89,460.571,639.852,566.713,170.555,401.099,441.567,601.56,567,174.735,420.608,421.416,588.726,525.585,146.136,436.233,466.878,622.71,600.062,182.401
93,431.086,470.315,633.659,535.511,178.714,448.923,464.397,620.832,538.472,159.522,432.025,431.298,645.973,568.449,168.176,431.901,461.647,640.849,567.561,170.85,402.098,442.683,602.348,567.942,175.061,421.575,422.278,589.559,526.305,146.389,437.509,468.03,623.555,601.22,182.786
94,429.77,468.984,632.588,534.616,178.307,447.607,463.038,619.869,537.53,159.184,430.879,429.865,644.779,567.376,167.811,430.725,460.396,639.689,566.572,170.505,400.936,441.385,601.429,566.847,174.682,420.45,421.275,588.589,525.466,146.094,436.025,466.69,622.571,599.87,182.337
95,430.166,469.384,632.912,534.886,178.431,448.003,463.446,620.159,537.82,159.289,431.223,430.3,645.139,567.702,167.922,431.078,460.772,640.039,566.878,170.616,401.285,441.775,601.713,567.176,174.797,420.788,421.577,588.881,525.723,146.186,436.471,467.094,622.868,600.287,182.478
96,429.694,468.906,632.529,534.565,178.286,447.531,462.958,619.815,537.487,159.17,430.812,429.78,644.712,567.32,167.792,430.656,460.323,639.623,566.527,170.497,400.868,441.31,601.388,566.784,174.662,420.384,421.217,588.533,525.424,146.083,435.938,466.614,622.516,599.81,182.321
97,429.582,468.793,632.435,534.488,178.249,447.419,462.843,619.73,537.395,159.136,430.714,429.657,644.608,567.223,167.759,430.556,460.216,639.522,566.432,170.456,400.769,441.199,601.298,566.69,174.628,420.288,421.131,588.45,525.347,146.052,435.812,466.498,622.43,599.678,182.273
98,429.871,469.085,632.669,534.684,178.337,447.708,463.141,619.941,537.599,159.209,430.966,429.975,644.869,567.456,167.839,430.814,460.491,639.777,566.645,170.528,401.024,441.484,601.496,566.93,174.71,420.535,421.351,588.663,525.529,146.115,436.138,466.792,622.645,599.969,182.368
99,429.882,469.097,632.68,534.692,178.342,447.719,463.153,619.951,537.612,159.214,430.976,429.987,644.88,567.468,167.843,430.824,460.502,639.788,566.659,170.536,401.034,441.495,601.509,566.939,174.714,420.545,421.36,588.671,525.539,146.12,436.15,466.804,622.654,599.988,182.377
100,429.989,469.205,632.781,534.782,178.391,447.826,463.264,620.043,537.751,159.273,431.069,430.105,644.989,567.596,167.883,430.92,460.604,639.893,566.806,170.627,401.129,441.602,601.654,567.04,174.756,420.637,421.444,588.752,525.645,146.177,436.272,466.92,622.749,600.196,182.467
101,429.748,468.961,632.586,534.621,178.318,447.585,463.015,619.869,537.586,159.214,430.859,429.84,644.772,567.405,167.818,430.705,460.375,639.681,566.633,170.571,400.916,441.364,601.493,566.841,174.688,420.431,421.261,588.574,525.496,146.127,436,466.675,622.57,599.96,182.391
102,429.705,468.918,632.549,534.589,178.303,447.542,462.97,619.835,537.547,159.199,430.822,429.793,644.731,567.364,167.804,430.666,460.333,639.642,566.592,170.552,400.878,441.321,601.455,566.803,174.675,420.394,421.227,588.542,525.464,146.113,435.951,466.63,622.536,599.903,182.369
103,429.684,468.897,632.518,534.558,178.28,447.521,462.949,619.804,537.467,159.161,430.804,429.77,644.701,567.305,167.787,430.648,460.314,639.613,566.506,170.481,400.86,441.3,601.368,566.775,174.657,420.376,421.209,588.526,525.411,146.074,435.928,466.602,622.506,599.78,182.306
104,430.513,469.735,633.195,535.122,178.54,448.349,463.804,620.415,538.074,159.381,431.525,430.678,645.454,567.988,168.019,431.388,461.102,640.345,567.144,170.713,401.591,442.117,601.962,567.465,174.898,421.084,421.841,589.136,525.947,146.268,436.862,467.447,623.128,600.652,182.601
105,430.067,469.284,632.83,534.818,178.398,447.904,463.344,620.085,537.74,159.259,431.137,430.191,645.048,567.616,167.893,430.99,460.678,639.95,566.793,170.581,401.198,441.678,601.634,567.093,174.767,420.704,421.501,588.808,525.654,146.159,436.359,466.992,622.792,600.171,182.436
106,429.709,468.922,632.539,534.574,178.288,447.546,462.974,619.823,537.486,159.168,430.825,429.797,644.723,567.326,167.794,430.67,460.337,639.635,566.526,170.489,400.882,441.325,601.386,566.796,174.664,420.397,421.228,588.544,525.427,146.08,435.956,466.628,622.525,599.807,182.316
107,429.832,469.046,632.639,534.659,178.327,447.669,463.101,619.914,537.576,159.201,430.933,429.932,644.835,567.427,167.829,430.78,460.455,639.744,566.621,170.523,400.99,441.446,601.475,566.898,174.7,420.503,421.323,588.635,525.507,146.109,436.094,466.753,622.618,599.937,182.36
108,429.879,469.094,632.686,534.7,178.351,447.716,463.15,619.958,537.649,159.233,430.973,429.984,644.885,567.491,167.849,430.822,460.499,639.792,566.698,170.575,401.032,441.493,601.551,566.944,174.72,420.543,421.359,588.67,525.56,146.14,436.147,466.805,622.661,600.047,182.409
109,431.854,471.092,634.285,536.035,178.955,449.691,465.19,621.396,539.031,159.724,432.693,432.128,646.671,569.08,168.39,432.587,462.378,641.526,568.145,171.059,402.777,443.441,602.891,568.581,175.283,422.231,422.864,590.125,526.8,146.566,438.376,468.813,624.13,602.03,183.056
110,429.242,468.449,632.159,534.257,178.144,447.079,462.491,619.481,537.154,159.05,430.418,429.283,644.3,566.95,167.666,430.252,459.893,639.223,566.177,170.369,400.469,440.864,601.063,566.409,174.53,419.998,420.872,588.2,525.132,145.976,435.428,465.781,622.176,599.334,182.159
111,429.849,469.063,632.653,534.67,178.332,447.686,463.118,619.926,537.588,159.205,430.947,429.951,644.85,567.441,167.833,430.795,460.47,639.758,566.633,170.528,401.005,441.462,601.486,566.912,174.705,420.517,421.335,588.647,525.517,146.112,436.113,466.77,622.63,599.954,182.365
112,429.722,468.935,632.55,534.583,178.293,447.559,462.987,619.833,537.498,159.173,430.836,429.811,644.735,567.337,167.798,430.681,460.35,639.646,566.538,170.495,400.893,441.337,601.398,566.806,174.668,420.408,421.238,588.553,525.437,146.084,435.97,466.641,622.535,599.825,182.322
113,429.628,468.839,632.488,534.539,178.281,447.465,462.89,619.781,537.5,159.184,430.754,429.708,644.663,567.307,167.784,430.597,460.26,639.575,566.543,170.54,400.81,441.245,601.41,566.741,174.654,420.328,421.169,588.485,525.42,146.1,435.864,466.553,622.48,599.837,182.35
114,429.677,468.889,632.513,534.553,178.279,447.514,462.941,619.8,537.465,159.161,430.797,429.762,644.694,567.301,167.786,430.641,460.307,639.606,566.504,170.482,400.853,441.293,601.366,566.769,174.655,420.37,421.204,588.52,525.408,146.074,435.919,466.595,622.501,599.777,182.307
115,431.187,470.417,633.745,535.582,178.75,449.024,464.501,620.91,538.564,159.558,432.112,431.407,646.067,568.543,168.207,431.99,461.743,640.941,567.658,170.896,402.188,442.783,602.438,568.028,175.093,421.661,422.356,589.634,526.38,146.422,437.623,468.135,623.634,601.355,182.837
116,429.765,468.978,632.583,534.612,178.304,447.602,463.032,619.865,537.524,159.181,430.874,429.858,644.773,567.368,167.809,430.72,460.39,639.683,566.565,170.501,400.931,441.38,601.422,566.84,174.68,420.445,421.271,588.584,525.461,146.091,436.018,466.684,622.565,599.858,182.333
117,430.002,469.219,632.777,534.774,178.379,447.839,463.277,620.038,537.696,159.244,431.081,430.12,644.989,567.565,167.876,430.932,460.616,639.894,566.747,170.566,401.141,441.614,601.591,567.039,174.749,420.648,421.452,588.76,525.614,146.146,436.287,466.926,622.744,600.108,182.416
118,429.854,469.068,632.672,534.692,178.351,447.69,463.124,619.946,537.66,159.241,430.951,429.956,644.867,567.489,167.847,430.799,460.475,639.774,566.711,170.597,401.009,441.468,601.565,566.928,174.718,420.521,421.341,588.652,525.563,146.15,436.119,466.782,622.648,600.066,182.425
119,430.593,469.816,633.259,535.176,178.563,448.43,463.887,620.472,538.123,159.398,431.595,430.765,645.526,568.049,168.04,431.46,461.179,640.415,567.195,170.725,401.663,442.197,602.009,567.531,174.919,421.154,421.903,589.196,525.993,146.281,436.953,467.529,623.187,600.721,182.621
120,430.036,469.252,632.817,534.811,178.403,447.872,463.311,620.075,537.775,159.28,431.11,430.156,645.03,567.628,167.895,430.962,460.648,639.932,566.832,170.631,401.17,441.647,601.676,567.077,174.768,420.677,421.479,588.786,525.669,146.183,436.324,466.966,622.781,600.23,182.475
121,430.806,470.032,633.429,535.319,178.626,448.643,464.107,620.625,538.263,159.446,431.78,430.995,645.717,568.216,168.097,431.65,461.381,640.6,567.343,170.769,401.851,442.406,602.144,567.706,174.978,421.335,422.064,589.352,526.121,146.322,437.193,467.744,623.343,600.919,182.683
122,430.642,469.865,633.314,535.229,178.596,448.478,463.937,620.524,538.23,159.446,431.637,430.817,645.583,568.136,168.066,431.503,461.224,640.469,567.309,170.81,401.705,442.245,602.123,567.585,174.946,421.195,421.942,589.233,526.069,146.33,437.007,467.586,623.239,600.884,182.699
123,429.826,469.041,632.643,534.664,178.335,447.663,463.095,619.919,537.612,159.219,430.927,429.926,644.837,567.448,167.834,430.775,460.449,639.745,566.659,170.562,400.985,441.441,601.514,566.9,174.705,420.498,421.319,588.631,525.527,146.129,436.088,466.752,622.622,599.994,182.392
124,429.798,469.012,632.622,534.648,178.328,447.635,463.066,619.9,537.6,159.217,430.902,429.895,644.813,567.431,167.828,430.749,460.422,639.721,566.647,170.563,400.96,441.413,601.504,566.878,174.699,420.473,421.298,588.61,525.515,146.127,436.056,466.724,622.602,599.978,182.39
125,429.744,468.957,632.58,534.613,178.313,447.581,463.01,619.862,537.569,159.207,430.855,429.835,644.765,567.392,167.814,430.701,460.37,639.675,566.615,170.557,400.912,441.359,601.475,566.835,174.685,420.427,421.257,588.57,525.485,146.119,435.994,466.669,622.564,599.935,182.378
126,429.724,468.936,632.563,534.6,178.307,447.561,462.989,619.848,537.555,159.201,430.838,429.813,644.747,567.376,167.809,430.683,460.351,639.657,566.6,170.551,400.894,441.339,601.461,566.818,174.679,420.41,421.241,588.556,525.472,146.114,435.972,466.649,622.549,599.914,182.371
127,429.643,468.855,632.496,534.542,178.28,447.48,462.906,619.787,537.487,159.175,430.768,429.725,644.673,567.304,167.785,430.611,460.275,639.585,566.529,170.52,400.823,441.26,601.394,566.749,174.654,420.341,421.18,588.496,525.415,146.091,435.882,466.566,622.486,599.816,182.335
128,429.697,468.909,632.536,534.573,178.292,447.534,462.961,619.822,537.509,159.181,430.814,429.783,644.718,567.336,167.797,430.659,460.326,639.629,566.551,170.518,400.871,441.313,601.413,566.791,174.666,420.387,421.22,588.535,525.438,146.094,435.941,466.619,622.523,599.845,182.339
129,429.8,469.014,632.613,534.637,178.317,447.637,463.068,619.891,537.552,159.192,430.905,429.897,644.806,567.401,167.82,430.751,460.424,639.715,566.596,170.514,400.962,441.414,601.451,566.871,174.691,420.475,421.298,588.611,525.486,146.101,436.058,466.721,622.594,599.903,182.348
130,430.437,469.658,633.143,535.084,178.527,448.274,463.726,620.369,538.061,159.382,431.459,430.596,645.394,567.954,168.005,431.32,461.03,640.286,567.131,170.734,401.525,442.043,601.955,567.41,174.884,421.02,421.785,589.082,525.924,146.272,436.777,467.375,623.081,600.639,182.611
131,429.901,469.116,632.696,534.705,178.348,447.738,463.173,619.965,537.626,159.219,430.993,430.008,644.898,567.483,167.848,430.842,460.52,639.805,566.673,170.542,401.051,441.514,601.523,566.956,174.72,420.562,421.375,588.686,525.551,146.124,436.172,466.824,622.669,600.008,182.384
132,429.748,468.961,632.57,534.601,178.3,447.585,463.014,619.852,537.514,159.178,430.859,429.839,644.758,567.358,167.805,430.704,460.374,639.669,566.555,170.499,400.916,441.363,601.413,566.828,174.675,420.43,421.258,588.573,525.452,146.089,435.999,466.667,622.554,599.847,182.329
133,431.205,470.436,633.768,535.607,178.766,449.042,464.519,620.933,538.615,159.582,432.128,431.427,646.091,568.583,168.219,432.007,461.761,640.963,567.713,170.939,402.204,442.801,602.495,568.051,175.105,421.677,422.371,589.648,526.416,146.447,437.643,468.158,623.657,601.434,182.876
134,430.465,469.687,633.168,535.105,178.538,448.302,463.755,620.392,538.088,159.393,431.484,430.627,645.421,567.982,168.014,431.346,461.057,640.312,567.16,170.748,401.55,442.071,601.982,567.435,174.893,421.044,421.807,589.103,525.947,146.282,436.809,467.405,623.103,600.679,182.626
135,429.414,468.623,632.308,534.384,178.207,447.251,462.669,619.617,537.318,159.114,430.568,429.473,644.464,567.115,167.72,430.406,460.057,639.382,566.35,170.455,400.621,441.034,601.228,566.558,174.587,420.145,421.005,588.327,525.266,146.036,435.623,466.332,622.314,599.574,182.252
136,429.894,469.109,632.703,534.716,178.361,447.731,463.165,619.973,537.681,159.247,430.986,430,644.902,567.517,167.857,430.835,460.513,639.809,566.733,170.6,401.045,441.507,601.585,566.96,174.729,420.555,421.371,588.681,525.584,146.155,436.164,466.823,622.677,600.095,182.433
137,431.149,470.379,633.71,535.554,178.733,448.986,464.462,620.877,538.515,159.537,432.079,431.366,646.029,568.499,168.193,431.957,461.707,640.903,567.607,170.864,402.154,442.745,602.389,567.994,175.078,421.629,422.326,589.606,526.344,146.402,437.58,468.094,623.601,601.282,182.805
138,429.997,469.213,632.774,534.77,178.378,447.834,463.272,620.035,537.695,159.244,431.076,430.114,644.985,567.561,167.874,430.928,460.612,639.89,566.745,170.567,401.136,441.609,601.59,567.035,174.747,420.644,421.448,588.757,525.612,146.146,436.281,466.921,622.741,600.106,182.416
139,430.612,469.835,633.273,535.188,178.568,448.449,463.907,620.485,538.133,159.401,431.612,430.786,645.543,568.062,168.045,431.477,461.196,640.431,567.206,170.727,401.679,442.215,602.018,567.546,174.924,421.169,421.917,589.21,526.003,146.283,436.974,467.547,623.2,600.735,182.625
140,429.949,469.165,632.734,534.737,178.362,447.786,463.222,619.999,537.659,159.23,431.034,430.061,644.941,567.521,167.861,430.884,460.565,639.847,566.707,170.552,401.094,441.561,601.554,566.995,174.733,420.602,421.411,588.721,525.58,146.134,436.226,466.872,622.704,600.054,182.398
141,429.824,469.038,632.633,534.653,178.325,447.661,463.093,619.909,537.573,159.2,430.925,429.923,644.828,567.422,167.827,430.772,460.447,639.737,566.618,170.524,400.983,441.438,601.472,566.892,174.698,420.496,421.316,588.629,525.503,146.108,436.085,466.745,622.612,599.933,182.359
142,429.85,469.064,632.654,534.67,178.332,447.687,463.12,619.927,537.588,159.205,430.948,429.952,644.851,567.441,167.834,430.796,460.471,639.759,566.634,170.528,401.006,441.464,601.486,566.913,174.705,420.518,421.336,588.648,525.518,146.112,436.115,466.771,622.631,599.954,182.365
143,429.73,468.943,632.562,534.595,178.302,447.567,462.996,619.846,537.53,159.188,430.844,429.82,644.748,567.361,167.805,430.689,460.358,639.658,566.572,170.524,400.9,441.346,601.432,566.817,174.675,420.415,421.245,588.56,525.458,146.1,435.979,466.652,622.547,599.875,182.348
144,430.793,470.018,633.419,535.311,178.622,448.63,464.093,620.616,538.256,159.444,431.769,430.981,645.705,568.206,168.094,431.638,461.368,640.589,567.335,170.767,401.839,442.394,602.136,567.696,174.975,421.324,422.054,589.343,526.114,146.32,437.178,467.731,623.333,600.909,182.68
145,429.646,468.858,632.571,535.337,178.643,447.483,462.909,620.103,538.907,159.399,430.77,429.728,645.225,568.843,167.862,430.613,460.277,639.726,567.471,170.737,400.826,441.263,601.518,567.913,174.833,420.344,420.772,583.042,521.854,146.051,435.772,463.19,616.038,597.099,182.494
146,429.58,468.791,632.433,534.487,178.247,447.417,462.841,619.728,537.39,159.134,430.712,429.655,644.606,567.22,167.758,430.554,460.214,639.52,566.426,170.452,400.767,441.197,601.292,566.688,174.626,420.287,421.13,588.449,525.343,146.049,435.81,466.496,622.428,599.67,182.269
147,429.68,468.892,632.515,534.555,178.279,447.517,462.944,619.801,537.464,159.161,430.8,429.765,644.696,567.302,167.786,430.644,460.309,639.609,566.503,170.48,400.856,441.296,601.365,566.771,174.656,420.373,421.206,588.523,525.408,146.073,435.922,466.598,622.503,599.776,182.305
148,430.536,469.759,633.211,535.137,178.543,448.373,463.829,620.428,538.074,159.379,431.546,430.704,645.473,567.998,168.023,431.409,461.124,640.364,567.144,170.702,401.612,442.141,601.961,567.483,174.902,421.105,421.859,589.154,525.952,146.264,436.889,467.47,623.143,600.65,182.595
149,429.808,469.022,632.632,534.657,178.333,447.645,463.076,619.909,537.615,159.223,430.911,429.906,644.824,567.444,167.832,430.758,460.432,639.732,566.663,170.573,400.969,441.423,601.52,566.888,174.703,420.482,421.306,588.618,525.526,146.133,436.067,466.735,622.612,600,182.399
150,429.787,469,632.601,534.627,178.312,447.623,463.054,619.88,537.54,159.187,430.893,429.882,644.793,567.388,167.815,430.739,460.411,639.703,566.583,170.508,400.95,441.401,601.438,566.86,174.686,420.463,421.287,588.601,525.476,146.096,436.043,466.706,622.582,599.884,182.341
151,430.507,469.729,633.188,535.117,178.535,448.344,463.798,620.408,538.059,159.374,431.52,430.671,645.447,567.977,168.016,431.383,461.096,640.338,567.127,170.7,401.586,442.111,601.946,567.459,174.894,421.079,421.836,589.132,525.936,146.26,436.855,467.44,623.122,600.629,182.59
152,430.071,469.289,632.843,534.831,178.411,447.909,463.349,620.099,537.788,159.283,431.141,430.196,645.06,567.649,167.902,430.994,460.682,639.962,566.845,170.628,401.202,441.683,601.687,567.104,174.776,420.707,421.506,588.812,525.685,146.185,436.364,467.002,622.805,600.247,182.477
153,429.659,468.871,632.499,534.54,178.274,447.496,462.922,619.787,537.455,159.158,430.781,429.741,644.678,567.288,167.781,430.625,460.289,639.591,566.494,170.481,400.837,441.275,601.357,566.755,174.65,420.354,421.19,588.507,525.399,146.071,435.899,466.577,622.488,599.765,182.303
154,430.269,469.489,632.995,534.955,178.462,448.106,463.553,620.234,537.89,159.314,431.313,430.413,645.232,567.784,167.95,431.171,460.87,640.129,566.951,170.64,401.376,441.877,601.781,567.261,174.826,420.876,421.656,588.957,525.786,146.208,436.587,467.199,622.945,600.388,182.51
155,430.085,469.302,632.848,534.832,178.409,447.922,463.362,620.103,537.773,159.274,431.152,430.21,645.067,567.643,167.902,431.006,460.695,639.969,566.828,170.606,401.213,441.695,601.668,567.11,174.775,420.719,421.515,588.821,525.678,146.174,436.379,467.012,622.81,600.222,182.46
156,430.064,469.281,632.827,534.816,178.398,447.901,463.341,620.083,537.741,159.26,431.134,430.187,645.045,567.615,167.893,430.987,460.675,639.948,566.794,170.583,401.195,441.674,601.635,567.09,174.766,420.701,421.499,588.805,525.654,146.16,436.356,466.989,622.79,600.173,182.438
157,429.847,469.062,632.652,534.669,178.331,447.684,463.117,619.925,537.587,159.205,430.945,429.949,644.849,567.44,167.833,430.793,460.469,639.757,566.632,170.527,401.004,441.461,601.485,566.911,174.704,420.516,421.334,588.646,525.516,146.112,436.111,466.769,622.629,599.953,182.365
158,430.007,469.224,632.787,534.782,178.386,447.844,463.282,620.047,537.724,159.257,431.085,430.125,644.998,567.584,167.881,430.936,460.621,639.902,566.776,170.592,401.145,441.619,601.621,567.047,174.754,420.652,421.457,588.764,525.632,146.16,436.292,466.934,622.753,600.152,182.439
159,429.451,468.66,632.337,534.408,178.218,447.287,462.707,619.643,537.339,159.121,430.6,429.513,644.496,567.141,167.73,430.439,460.092,639.413,566.373,170.46,400.653,441.07,601.248,566.587,174.597,420.176,421.032,588.354,525.286,146.042,435.664,466.369,622.34,599.604,182.261
160,429.893,469.108,632.706,534.721,178.365,447.73,463.164,619.976,537.697,159.255,430.985,429.999,644.905,567.527,167.859,430.834,460.512,639.811,566.749,170.616,401.044,441.507,601.603,566.963,174.731,420.555,421.371,588.681,525.593,146.163,436.163,466.824,622.68,600.119,182.446
161,429.978,469.194,632.767,534.768,178.383,447.815,463.252,620.031,537.724,159.26,431.059,430.092,644.975,567.574,167.877,430.91,460.593,639.88,566.777,170.605,401.119,441.59,601.625,567.026,174.75,420.627,421.435,588.743,525.626,146.165,436.259,466.906,622.736,600.155,182.447
162,429.758,468.971,632.593,534.625,178.32,447.595,463.025,619.874,537.586,159.213,430.867,429.851,644.78,567.408,167.819,430.713,460.384,639.689,566.633,170.567,400.924,441.373,601.493,566.848,174.69,420.439,421.268,588.581,525.498,146.126,436.01,466.684,622.576,599.96,182.388
163,430.154,469.371,632.9,534.877,178.425,447.99,463.433,620.148,537.803,159.282,431.212,430.286,645.126,567.687,167.917,431.067,460.76,640.027,566.86,170.605,401.274,441.763,601.696,567.165,174.792,420.778,421.567,588.872,525.71,146.179,436.457,467.08,622.857,600.262,182.467
164,429.617,468.828,632.474,534.523,178.271,447.453,462.879,619.767,537.468,159.168,430.744,429.695,644.648,567.281,167.777,430.587,460.249,639.561,566.508,170.513,400.8,441.234,601.374,566.727,174.646,420.318,421.159,588.477,525.397,146.085,435.851,466.539,622.466,599.788,182.325
165,430.175,469.394,632.919,534.891,178.433,448.012,463.456,620.165,537.821,159.289,431.231,430.31,645.147,567.707,167.924,431.087,460.781,640.046,566.879,170.613,401.294,441.785,601.714,567.183,174.799,420.796,421.584,588.888,525.725,146.186,436.482,467.103,622.874,600.289,182.477
166,429.605,468.817,632.454,534.504,178.256,447.442,462.867,619.747,537.412,159.142,430.735,429.683,644.629,567.242,167.766,430.577,460.238,639.543,566.449,170.462,400.79,441.222,601.314,566.709,174.634,420.308,421.149,588.467,525.361,146.057,435.838,466.522,622.448,599.702,182.281
167,429.941,469.156,632.727,534.732,178.36,447.778,463.213,619.993,537.652,159.228,431.027,430.052,644.933,567.515,167.859,430.877,460.558,639.839,566.701,170.55,401.086,441.553,601.548,566.988,174.731,420.595,421.405,588.715,525.575,146.132,436.217,466.863,622.698,600.045,182.395
168,429.741,468.954,632.564,534.596,178.298,447.578,463.007,619.847,537.508,159.176,430.853,429.832,644.752,567.352,167.803,430.698,460.368,639.663,566.55,170.497,400.91,441.356,601.408,566.822,174.673,420.425,421.253,588.568,525.447,146.087,435.992,466.66,622.549,599.839,182.326
169,429.57,468.781,632.441,534.498,178.263,447.407,462.831,619.738,537.455,159.167,430.704,429.644,644.61,567.258,167.768,430.545,460.205,639.524,566.496,170.522,400.759,441.188,601.366,566.693,174.636,420.279,421.125,588.443,525.381,146.085,435.799,466.494,622.436,599.773,182.328
170,430.057,469.274,632.837,534.829,178.412,447.894,463.334,620.093,537.801,159.291,431.128,430.18,645.051,567.652,167.902,430.981,460.669,639.953,566.859,170.647,401.189,441.669,601.703,567.097,174.776,420.695,421.496,588.802,525.69,146.194,436.348,466.989,622.8,600.269,182.492
171,430.038,469.254,632.809,534.799,178.395,447.875,463.314,620.068,537.746,159.267,431.111,430.159,645.022,567.6,167.891,430.964,460.65,639.926,566.799,170.605,401.172,441.649,601.644,567.065,174.763,420.678,421.48,588.781,525.65,146.17,436.326,466.966,622.77,600.176,182.452
172,431.34,470.572,633.878,535.699,178.808,449.177,464.658,621.031,538.713,159.617,432.245,431.572,646.213,568.694,168.256,432.127,461.889,641.082,567.815,170.975,402.322,442.934,602.589,568.163,175.144,421.792,422.473,589.747,526.503,146.478,437.795,468.295,623.757,601.574,182.923
173,431.317,470.548,633.846,535.668,178.786,449.153,464.634,621,538.638,159.582,432.225,431.547,646.182,568.637,168.24,432.107,461.866,641.051,567.735,170.91,402.302,442.91,602.508,568.133,175.127,421.772,422.454,589.729,526.452,146.441,437.769,468.265,623.727,601.458,182.865
174,430.103,469.32,632.859,534.842,178.41,447.939,463.38,620.111,537.767,159.269,431.168,430.23,645.08,567.646,167.903,431.021,460.712,639.982,566.821,170.591,401.229,441.713,601.66,567.122,174.777,420.734,421.528,588.834,525.678,146.168,436.399,467.029,622.819,600.21,182.449
175,429.804,469.018,632.617,534.639,178.318,447.641,463.073,619.894,537.555,159.193,430.908,429.902,644.81,567.404,167.821,430.755,460.428,639.719,566.599,170.515,400.966,441.419,601.454,566.875,174.692,420.479,421.301,588.614,525.488,146.102,436.063,466.725,622.596,599.906,182.349
176,429.613,468.824,632.476,534.528,178.276,447.45,462.875,619.769,537.486,159.178,430.741,429.691,644.649,567.293,167.78,430.584,460.246,639.562,566.528,170.533,400.797,441.23,601.396,566.728,174.649,420.315,421.157,588.474,525.408,146.095,435.847,466.537,622.468,599.817,182.342
177,429.672,468.885,632.509,534.55,178.276,447.509,462.936,619.796,537.459,159.158,430.793,429.757,644.69,567.296,167.784,430.637,460.302,639.602,566.498,170.479,400.849,441.288,601.36,566.765,174.653,420.366,421.2,588.517,525.404,146.071,435.914,466.59,622.497,599.768,182.302
178,431.003,470.231,633.605,535.471,178.705,448.84,464.311,620.786,538.476,159.533,431.952,431.209,645.909,568.423,168.164,431.826,461.568,640.786,567.567,170.892,402.025,442.602,602.36,567.884,175.048,421.504,422.217,589.499,526.291,146.405,437.416,467.953,623.506,601.234,182.812
179,429.552,468.763,632.425,534.485,178.256,447.389,462.812,619.724,537.438,159.16,430.689,429.625,644.593,567.24,167.762,430.53,460.188,639.508,566.478,170.512,400.743,441.171,601.348,566.677,174.63,420.263,421.111,588.43,525.367,146.079,435.779,466.475,622.422,599.748,182.318
180,429.709,468.921,632.539,534.574,178.288,447.545,462.974,619.823,537.487,159.169,430.825,429.796,644.723,567.326,167.794,430.669,460.337,639.635,566.527,170.491,400.881,441.324,601.387,566.795,174.664,420.397,421.228,588.544,525.428,146.08,435.955,466.627,622.525,599.809,182.317
181,429.661,468.873,632.5,534.542,178.274,447.498,462.925,619.788,537.454,159.157,430.783,429.744,644.68,567.288,167.781,430.627,460.292,639.593,566.493,170.479,400.839,441.278,601.355,566.756,174.651,420.357,421.192,588.509,525.398,146.07,435.902,466.58,622.49,599.762,182.302
182,429.885,469.099,632.682,534.694,178.343,447.722,463.156,619.952,537.613,159.214,430.978,429.99,644.883,567.469,167.843,430.826,460.505,639.79,566.659,170.536,401.037,441.498,601.51,566.942,174.715,420.548,421.362,588.674,525.54,146.12,436.154,466.807,622.657,599.989,182.377
183,429.666,468.878,632.515,534.558,178.288,447.502,462.929,619.804,537.507,159.184,430.787,429.749,644.693,567.324,167.792,430.631,460.296,639.605,566.55,170.53,400.843,441.282,601.414,566.768,174.661,420.36,421.197,588.513,525.431,146.098,435.907,466.589,622.504,599.845,182.346
184,430.115,469.332,632.879,534.862,178.426,447.951,463.393,620.131,537.824,159.297,431.178,430.243,645.1,567.687,167.915,431.032,460.723,640.001,566.884,170.645,401.24,441.725,601.724,567.14,174.789,420.744,421.539,588.843,525.715,146.197,436.413,467.046,622.839,600.3,182.496
185,430.145,469.363,632.906,534.885,178.437,447.982,463.425,620.155,537.853,159.308,431.205,430.277,645.129,567.717,167.925,431.06,460.752,640.029,566.914,170.659,401.267,441.756,601.753,567.168,174.8,420.77,421.563,588.867,525.739,146.208,436.448,467.078,622.863,600.342,182.512
186,429.913,469.128,632.705,534.713,178.351,447.75,463.185,619.973,537.633,159.221,431.003,430.021,644.908,567.492,167.851,430.852,460.531,639.815,566.68,170.543,401.062,441.526,601.529,566.965,174.723,420.572,421.384,588.694,525.558,146.126,436.186,466.835,622.678,600.017,182.386
187,430.35,469.57,633.07,535.021,178.498,448.187,463.636,620.302,537.988,159.355,431.383,430.502,645.312,567.876,167.98,431.242,460.947,640.207,567.055,170.701,401.448,441.957,601.883,567.335,174.857,420.945,421.718,589.017,525.862,146.248,436.678,467.285,623.013,600.534,182.572
188,430.436,469.657,633.148,535.091,178.533,448.273,463.725,620.374,538.085,159.394,431.458,430.595,645.398,567.97,168.01,431.32,461.029,640.289,567.157,170.759,401.524,442.043,601.982,567.415,174.888,421.019,421.785,589.081,525.939,146.285,436.776,467.377,623.086,600.676,182.631
189,429.995,469.211,632.771,534.769,178.376,447.832,463.269,620.033,537.691,159.242,431.074,430.111,644.982,567.559,167.874,430.925,460.609,639.887,566.741,170.564,401.134,441.606,601.586,567.033,174.746,420.642,421.447,588.755,525.61,146.144,436.278,466.919,622.739,600.101,182.413
190,429.89,469.104,632.695,534.707,178.354,447.727,463.161,619.965,537.656,159.235,430.982,429.996,644.894,567.499,167.852,430.831,460.509,639.801,566.705,170.577,401.041,441.503,601.557,566.952,174.723,420.552,421.368,588.678,525.567,146.142,436.159,466.816,622.669,600.056,182.412
191,430.02,469.236,632.791,534.785,178.384,447.856,463.295,620.051,537.709,159.249,431.096,430.138,645.005,567.579,167.881,430.947,460.633,639.909,566.761,170.571,401.156,441.631,601.604,567.053,174.754,420.663,421.465,588.773,525.626,146.15,436.306,466.944,622.757,600.127,182.422
192,430.165,469.383,632.909,534.884,178.429,448.002,463.445,620.157,537.81,159.285,431.222,430.298,645.136,567.696,167.921,431.077,460.771,640.037,566.867,170.607,401.284,441.774,601.703,567.174,174.795,420.787,421.576,588.88,525.717,146.181,436.47,467.092,622.865,600.273,182.47
193,429.822,469.036,632.633,534.652,178.325,447.659,463.09,619.908,537.577,159.202,430.923,429.921,644.827,567.423,167.828,430.77,460.445,639.736,566.622,170.529,400.981,441.436,601.476,566.89,174.699,420.494,421.315,588.627,525.505,146.111,436.083,466.743,622.611,599.939,182.363
194,430.058,469.275,632.826,534.814,178.4,447.895,463.335,620.082,537.751,159.266,431.129,430.181,645.042,567.619,167.894,430.982,460.669,639.945,566.805,170.596,401.19,441.669,601.646,567.087,174.767,420.696,421.495,588.802,525.658,146.167,436.349,466.985,622.789,600.189,182.448
195,429.94,469.156,632.726,534.731,178.359,447.777,463.213,619.994,537.649,159.227,431.026,430.051,644.932,567.511,167.858,430.877,460.557,639.838,566.697,170.547,401.086,441.553,601.544,566.986,174.73,420.595,421.404,588.714,525.572,146.131,436.216,466.863,622.696,600.038,182.392
196,429.565,468.775,632.422,534.476,178.244,447.402,462.825,619.718,537.387,159.133,430.699,429.638,644.593,567.211,167.755,430.541,460.2,639.508,566.422,170.455,400.754,441.182,601.29,566.676,174.623,420.274,421.118,588.438,525.338,146.05,435.793,466.481,622.418,599.666,182.27
197,429.826,469.04,632.648,534.671,178.34,447.663,463.095,619.924,537.633,159.23,430.927,429.925,644.841,567.462,167.838,430.774,460.449,639.749,566.683,170.584,400.985,441.441,601.538,566.904,174.709,420.497,421.32,588.631,525.541,146.14,436.087,466.753,622.626,600.027,182.41
198,429.628,468.839,632.481,534.528,178.273,447.465,462.89,619.773,537.467,159.167,430.754,429.707,644.657,567.285,167.779,430.597,460.26,639.57,566.507,170.507,400.809,441.245,601.373,566.734,174.648,420.328,421.168,588.485,525.399,146.082,435.864,466.549,622.473,599.785,182.322
base,429.841,469.055,632.646,534.664,178.329,447.678,463.11,619.92,537.58,159.202,430.94,429.942,644.843,567.433,167.831,430.788,460.462,639.751,566.626,170.524,400.998,441.455,601.478,566.905,174.702,420.51,421.329,588.641,525.511,146.11,436.104,466.762,622.623,599.943,182.361
gml,417.08138,456.12226,622.10515,525.74015,174.29565,434.90688,448.90657,610.32007,527.75105,155.74873,419.81428,415.84375,633.09075,556.41406,164.19448,419.18444,448.30299,628.30658,556.48501,166.82907,390.12775,428.42169,592.18356,556.0465,170.9233,409.59102,411.19856,578.53355,517.13718,142.88175,421.65156,452.72097,612.87929,585.67967,177.64673
