real_name,alpha,awc,canmx,cn2,cn3_swf,epco,esco,lat_len,latq_co,perco,petco,revap_co,surlag,ns,pbias,rsq,rmse
1,57.1352,34.0731,23.3523,199.0,193.138,199.0,38.9666,76.1078,135.025,170.068,58.7007,89.4664,29.8108,0.8707500580303387,6.628010695702448,0.8743879259677778,2.136138003989465
2,74.73,42.5534,14.748,58.8289,191.736,199.0,9.7656,99.3675,44.8404,167.629,54.9068,101.067,163.733,0.8687947115736918,7.69675033725188,0.871849328050096,2.152235538588588
4,112.008,22.922,55.5846,19.2808,16.1443,56.9873,138.949,99.2593,17.0693,171.357,73.1946,174.243,55.4926,0.8822416208197549,2.5400643187512033,0.8832691862935543,2.0389662535813318
5,67.721,18.5639,175.572,199.0,128.565,49.5235,15.1807,67.8822,39.8101,154.505,62.9092,199.0,159.826,0.8664462813398582,12.398665687030256,0.8742311436417053,2.171411435784154
6,96.7207,13.2118,56.1142,198.651,160.324,130.74,29.8955,59.1782,81.315,128.969,68.8005,113.75,100.074,0.871070269648844,13.133602331855846,0.8780529591874843,2.133490264351979
7,64.8334,28.2837,15.6799,192.279,103.188,193.952,73.8212,100.311,4.60835,115.396,54.8899,23.8779,36.7577,0.8674387840201311,10.681309019078821,0.8747286166009474,2.1633279821863542
8,95.474,46.4224,20.5977,128.052,31.4551,45.6065,58.1754,110.253,81.6224,99.3559,50.7033,40.1966,9.37154,0.8715250976665699,6.094017633455386,0.8727973605989243,2.129723761244216
9,165.324,57.4743,20.1253,23.7221,49.7054,199.0,26.5008,131.488,71.6271,134.694,39.1877,144.139,21.9951,0.8493798133330775,18.916484390055885,0.8686460646649442,2.3059809699654377
10,92.9156,62.7625,96.7441,60.8632,184.919,199.0,149.991,68.2451,15.5827,140.079,47.7464,4.53366,45.7174,0.8661008259053843,8.650505877818464,0.8703152993551772,2.1742179522869307
11,173.061,49.898,159.935,125.924,85.7384,93.1814,61.6774,189.942,7.25454,103.4,56.2992,14.1537,121.376,0.8532449447027263,0.2325573328194227,0.8533688570826251,2.276201281018446
13,99.0174,35.6976,31.8448,199.0,174.778,14.804,128.26,184.894,111.231,144.591,62.1053,137.923,199.0,0.8731127490081934,9.819020524185774,0.8778518457124351,2.1165236346086784
14,38.1284,55.2579,158.375,199.0,128.523,165.455,22.051,64.7662,26.2741,154.765,55.3936,96.2424,199.0,0.8620428587811865,6.557543360955867,0.8666897957952044,2.2069181243812603
15,179.979,43.7025,169.109,199.0,104.752,27.7616,9.30064,143.736,110.185,106.295,60.9579,102.27,26.2675,0.8629992362750217,3.426526787434957,0.8651138832673982,2.1992551737148935
16,122.171,18.5477,102.49,196.653,142.952,189.286,19.1715,50.4374,121.689,101.764,51.8271,44.8693,199.0,0.8521305908343431,-1.3148535363268459,0.8773231026269714,2.284826867403319
17,82.0643,31.4867,47.0238,199.0,117.906,34.3773,35.0055,121.555,56.6681,136.083,60.3548,154.124,185.286,0.8716202090558759,9.53390730391212,0.8765390633083974,2.1289352862755355
18,47.5727,33.4298,34.383,194.221,98.2837,82.6339,126.172,30.9999,48.2849,60.4203,36.4874,7.0312,199.0,0.8727734416042592,1.3994950857583348,0.8788137229702923,2.1193516282602762
19,116.664,66.9238,27.8045,41.811,88.5657,27.7929,66.306,33.3461,112.294,145.032,51.0042,77.4306,39.9762,0.8693481777518903,8.37448689535556,0.8740432239211972,2.147691329836304
21,136.515,76.6405,152.834,198.869,27.9377,52.6924,3.49167,7.97977,26.735,142.913,57.1848,135.965,194.658,0.8734033659946938,9.021340817113126,0.8782053251394367,2.1140984487927477
22,181.502,45.5993,179.112,140.504,65.0579,43.8261,113.696,42.3978,9.40336,95.7134,46.2656,178.663,70.1491,0.8641122609337293,9.440090817113125,0.8669623841476191,2.1903033360019415
23,125.937,77.4408,42.7005,36.9095,98.3649,168.64,69.3363,157.654,99.907,115.454,46.2414,95.4167,69.304,0.8621384779857072,10.332361726729621,0.8704052195298599,2.206153175456275
24,182.85,70.5947,34.623,199.0,105.188,16.5613,116.518,118.839,27.718,110.79,60.0548,105.45,79.9219,0.8759804150078568,4.383625457698976,0.8780347762877622,2.092470120029767
25,146.869,46.0117,155.278,98.0691,169.614,129.348,10.2842,79.484,42.1535,100.198,51.7895,43.2631,196.405,0.7504675301433268,-8.59845153208711,0.8229651541775683,2.9680940672783773
26,77.5301,54.5628,55.2744,199.0,25.3217,43.8616,3.49896,167.914,10.2462,107.697,59.8998,15.1703,145.45,0.8720376284651206,8.570347369435343,0.8764826597894025,2.1254714138257436
27,134.453,33.9722,92.9588,10.7784,66.8406,199.0,37.7184,161.409,102.874,106.885,48.189,21.4319,197.411,0.8411042405502532,8.403626662169977,0.8453894430662702,2.3684830538470374
28,65.2216,2.80767,195.202,77.1372,93.8289,199.0,140.207,185.146,23.9094,117.994,54.7791,73.7902,195.659,0.8526422369392589,19.011411158219303,0.8701653181014867,2.280870552952669
29,85.6149,26.4254,43.0998,132.719,66.6599,66.6784,46.366,132.927,74.759,119.476,53.1251,88.6653,18.4453,0.8631295197599966,14.297836770090576,0.8749009129530931,2.198209213194363
30,63.8919,8.06083,121.84,83.1024,85.2836,60.347,12.0678,39.7594,75.0879,99.2988,48.7998,59.4427,83.2347,0.8346288514759643,7.0160515031798045,0.8387733035135687,2.4162618644983964
31,74.1626,10.0605,172.517,76.9092,172.646,199.0,150.325,199.0,9.35809,130.755,62.8369,23.2433,5.60541,0.8666164966357311,13.945531412603579,0.8740677312092114,2.1700272538769068
32,75.0323,25.7908,11.9095,74.5628,14.8331,29.8189,140.047,190.754,13.1834,102.229,59.8805,31.5638,162.15,0.8620508086199157,6.226404413181729,0.8636331983790383,2.206854536169066
33,71.4733,22.9934,18.6819,36.2227,84.1794,199.0,70.1834,194.767,6.10606,159.492,59.6787,11.0078,55.8316,0.8707864703883316,8.88297335710156,0.8755639950147558,2.1358370858633395
34,167.959,18.0779,152.654,199.0,105.908,183.722,24.3557,36.8315,4.98768,17.7067,51.2858,178.253,24.0205,0.8295204652321493,-22.592812198882246,0.8789288637228514,2.4532977130519313
35,59.4848,14.8707,179.645,191.476,152.705,164.012,155.985,38.1848,13.2261,139.91,69.3922,4.00517,38.1924,0.869447389363709,9.854862690306415,0.8746934688205513,2.1468757408131696
36,139.508,45.2544,157.21,199.0,75.235,199.0,125.189,59.166,15.1416,148.375,59.1131,44.0605,178.674,0.8761073019994302,4.783538253998843,0.8793230793813505,2.0913994214592604
37,141.701,47.1423,48.7014,58.2795,163.106,199.0,125.846,155.242,99.776,148.776,59.4405,42.7512,199.0,0.8781612286260541,0.3294832819425701,0.8783082950841771,2.0739910774852035
38,187.206,2.70761,103.176,85.7307,85.7753,80.9192,52.0,187.132,134.64,101.092,52.4967,62.0841,193.768,0.835953191239385,6.512707169011368,0.8387143372381711,2.406567356085219
39,78.3771,19.9184,176.34,66.7879,128.972,114.214,146.046,44.6348,24.14,111.406,59.9993,61.9559,149.518,0.8717949219791118,8.355152726922334,0.8751265131426015,2.1274861518796113
40,92.2926,20.3796,76.8004,19.9016,160.132,199.0,134.633,195.119,82.7719,111.331,52.5752,169.628,35.5285,0.8704546176371197,10.929705627288493,0.8754298213382865,2.138578009802451
41,176.582,13.3697,194.543,199.0,86.4046,199.0,127.923,43.5846,46.7394,101.8,54.5272,30.4533,42.9267,0.869946423539111,3.4551565812295246,0.8708354345188444,2.1427686220919364
42,162.662,99.5601,165.914,131.112,52.7945,118.708,154.345,146.412,100.167,87.6883,40.0444,117.1,18.4205,0.8682940756256317,8.322103969936405,0.8709152846349535,2.1563377383381583
43,103.993,34.2272,26.2792,139.316,81.8058,199.0,4.36139,195.034,22.33,112.595,67.0751,38.9836,37.4293,0.8768785037351555,6.563964636731545,0.8801485710409985,2.084880035348402
44,189.391,59.8399,59.7902,137.511,93.124,190.739,13.1973,79.4227,59.6505,129.728,45.9633,194.887,82.7946,0.8593007583857796,14.465458662555406,0.8716240851598022,2.2287430735616938
45,68.0735,40.4172,26.9627,161.178,199.0,47.545,123.868,65.7344,12.7491,158.977,53.9795,127.801,135.96,0.8677756943158613,9.601663133551742,0.873876224299506,2.1605771355154757
46,106.859,37.4345,33.1977,107.714,99.9229,165.341,133.055,93.7588,62.6797,101.434,47.2605,41.4547,78.7428,0.8415309723456517,0.954732366544613,0.8493789318868045,2.365300506581388
47,136.74,45.2218,152.503,198.664,184.967,199.0,163.151,85.2289,122.509,112.478,49.3283,140.226,199.0,0.8669246846341229,10.943418770476004,0.8742451032238311,2.167518836064302
48,199.0,7.67324,140.055,75.2059,89.2954,38.0376,149.03,85.8315,138.66,101.922,34.1205,199.0,120.209,0.8301623908430433,16.910114906533053,0.8396232234363821,2.4486745191064365
49,83.8621,38.8687,162.848,199.0,114.215,199.0,10.2799,37.0351,71.8878,184.317,72.0839,87.3651,19.6902,0.8808812495747562,0.6283932356908832,0.8816683994583426,2.0507097332000104
50,67.2778,27.0935,154.181,199.0,186.506,27.383,78.0138,108.678,85.5221,156.872,71.6788,54.9552,179.885,0.8746302386231274,5.447473019849682,0.8769394523782763,2.103829438635598
51,92.0804,14.8006,66.5835,199.0,14.4901,199.0,149.53,24.1504,39.8769,105.069,59.656,173.014,195.283,0.8758142107991312,4.80277943727115,0.8775761877615207,2.093871757120434
52,178.705,47.1053,68.9474,197.28,16.1303,150.653,106.546,178.933,29.6575,139.459,53.0202,187.83,166.546,0.8740439850946056,9.509016910772788,0.8799700168063403,2.1087426605368593
53,57.6525,103.977,156.409,198.779,197.458,62.2926,42.091,46.3034,95.8343,106.224,42.3097,41.8947,16.6545,0.853915334350692,5.0900852765465405,0.8573588553411026,2.2709963890226046
54,119.063,27.9879,159.897,29.3216,30.3035,190.061,45.5286,36.2451,122.17,103.403,54.9047,11.9577,8.55492,0.8557222686608406,-3.8597439294661804,0.8565764277043587,2.2569076082734227
55,55.1171,7.26399,39.8332,112.052,7.2548,105.97,95.3871,28.2804,63.4848,151.844,92.5306,56.5946,15.5372,0.8702674867820126,7.297192137213336,0.8732726421319632,2.140122061418479
56,43.3971,71.5555,152.258,192.875,199.0,111.596,155.255,194.581,80.3229,187.9,58.7476,199.0,189.185,0.8662415391107735,-0.524423540181154,0.869069149101333,2.173075220828028
57,76.5666,42.1741,82.7898,199.0,175.899,90.9503,22.1087,194.793,14.4663,130.886,59.6662,78.4532,188.738,0.873357282439708,6.339429562536132,0.876512639601454,2.1144831995736055
58,199.0,90.5609,160.58,105.473,30.1343,199.0,36.0265,148.194,117.855,99.7952,43.8051,59.4846,199.0,0.861640055522672,7.587418818654848,0.8643402302030362,2.210137623800114
59,61.6147,89.0571,157.919,197.814,192.82,6.59908,8.3227,24.1347,32.0721,121.967,46.0338,176.659,30.1189,0.8532698122379697,16.0562172383889,0.8674568914855803,2.2760084225389843
60,199.0,60.2462,40.8765,147.401,7.24738,141.213,7.73318,67.5114,28.6721,69.631,69.0966,82.1749,199.0,0.878505342580719,-7.016678791674696,0.8814169249075126,2.0710601799494706
61,45.6577,59.5674,196.943,29.3582,120.184,192.182,74.5762,195.811,44.9221,199.0,72.5017,97.2909,185.963,0.8604143730110969,-9.78640128155714,0.8651901808935862,2.219905458380896
62,76.2861,61.0133,151.346,63.1195,157.368,20.8721,61.2267,162.467,120.731,125.344,48.1727,13.4709,67.2109,0.8606813643350733,11.4155256311428,0.8677320117027155,2.2177813887326385
63,28.2084,39.7624,136.455,150.6,82.4669,199.0,83.8259,182.09,72.7849,195.953,61.8633,64.274,188.77,0.8632775169837078,1.8197923492002313,0.8667800274028535,2.197020436579674
64,58.8989,32.6595,75.5405,199.0,41.9644,199.0,68.9488,85.6675,36.6718,101.101,50.2241,156.278,198.693,0.8747260886874433,6.994732607438812,0.876686280929339,2.1030250550973917
65,52.2576,49.022,37.9224,199.0,75.5782,188.148,133.491,175.266,6.97208,180.891,58.2352,199.0,162.173,0.8714629964473787,2.2473181248795537,0.8744441666618162,2.130238423878918
66,199.0,62.8335,169.121,195.758,106.61,11.5198,37.2211,192.945,149.554,101.425,57.1048,58.5356,89.0343,0.8443081351184147,-4.189717190210061,0.870513741282644,2.3444830030651644
67,140.234,25.1899,88.2749,198.459,179.241,199.0,41.2575,52.8866,32.618,144.32,59.0765,21.6614,198.469,0.8739803326393177,10.141977500481788,0.8792685754684615,2.1092754246699714
69,199.0,40.2232,171.297,15.2025,103.249,199.0,17.9643,59.0363,8.89118,36.6859,41.1533,117.688,22.7276,0.8635681159504607,-13.442665976103296,0.8782013393809118,2.1946843486604264
70,109.504,26.0234,168.443,65.191,132.094,92.5425,46.4993,39.7999,118.232,120.367,48.9827,48.9664,175.921,0.866069421418687,13.421104740797837,0.8736653921126668,2.1744729060463914
71,163.707,63.5524,8.43601,199.0,23.2963,199.0,76.2303,92.573,39.0037,105.054,58.76,51.3489,154.649,0.8807833692310562,0.599366448255925,0.881000415113515,2.0515520983011
73,126.531,66.6739,163.877,189.551,129.893,161.706,38.3592,162.47,30.5604,112.645,51.1037,177.183,199.0,0.8679753477892093,8.125885767970704,0.8734131945514564,2.158945326268908
74,65.2933,40.0171,37.272,67.1581,185.288,121.433,75.0399,191.071,29.1026,166.64,53.4621,96.1045,199.0,0.8671563176392767,6.7401560994411245,0.8701949983134516,2.1656316056340463
75,86.4402,19.7636,36.0491,199.0,141.17,199.0,50.6433,31.8873,97.9314,124.868,66.6264,195.917,126.792,0.8775946449349549,6.592894102910002,0.8798347060492082,2.0788077977781847
76,74.8793,12.2514,190.141,26.1941,105.304,190.181,143.724,93.9837,10.2468,43.9747,34.0412,131.243,108.26,0.8157001639495212,-16.37017970707265,0.8732735606694562,2.5508011414925145
77,133.387,30.0889,165.96,64.4748,52.7711,72.0708,134.065,191.866,62.47,122.469,54.5284,55.9323,199.0,0.8696518743585266,10.490072750048178,0.8771268037422051,2.145193752568488
78,27.2158,34.2327,130.287,196.914,106.678,199.0,20.518,199.0,47.4582,110.497,39.8695,177.137,199.0,0.8382401293359086,19.33712155521295,0.8574979665600237,2.3897337863462362
80,112.227,112.081,12.6041,167.271,87.7501,22.5085,30.1398,172.22,89.3991,118.299,51.4274,184.658,43.5292,0.8668888447343085,8.732416409712851,0.8736578777508487,2.167810694956284
81,145.85,108.711,15.5726,154.284,99.474,199.0,5.15288,173.123,63.7604,69.7891,24.2895,59.1481,28.2107,0.8715430033963705,16.832776064752363,0.880542213482669,2.129575344758486
82,86.6533,7.65631,170.429,33.0884,144.524,10.7083,144.125,174.425,98.2609,119.022,90.6081,176.682,199.0,0.8737227591365473,8.722997687415686,0.8762235454811261,2.1114299142934145
83,65.3452,48.9041,161.83,78.1658,175.317,68.4246,73.3257,120.297,50.7279,140.332,45.1764,185.278,199.0,0.8577718673830925,11.482308248217384,0.8654672396576981,2.2408195365879227
84,144.45,96.4772,170.374,199.0,85.8856,41.2955,129.701,12.9077,126.359,108.248,45.2412,199.0,199.0,0.8680522493360205,1.913388899595297,0.8681757894051579,2.1583164648554507
85,24.9534,3.75174,6.36974,181.403,85.8276,88.0178,63.5907,127.344,33.0786,97.7187,31.6859,41.4636,53.7257,0.8408012915287091,28.114804153015992,0.8662630445584123,2.3707398413887137
86,199.0,74.9425,196.164,199.0,159.727,194.013,150.912,14.5734,110.233,109.256,39.1909,7.87489,173.523,0.8537432677983696,12.792179128926575,0.8603813808140994,2.2723334476371386
87,199.0,26.1787,68.936,192.985,19.311,109.854,38.3806,189.473,53.8408,13.8362,63.0563,23.6428,199.0,0.8824870793611159,0.40698665446136156,0.8826349360695439,2.0368401086636245
88,34.2421,5.06731,16.2785,199.0,8.35277,199.0,131.429,38.3755,43.9427,86.715,69.5387,113.832,130.903,0.8829637335077445,-2.3059387406051273,0.8831603609989893,2.0327050110691722
89,94.6145,58.7702,151.409,4.64306,4.00845,93.878,83.2584,181.315,120.202,146.921,52.4599,177.365,132.092,0.8678774039772768,6.1709206976296,0.8729949072219647,2.1597459954183567
90,59.4292,26.1298,120.624,199.0,192.496,74.1895,22.8437,61.6558,26.1375,128.785,54.5439,196.485,199.0,0.8639368453822144,11.94422672962035,0.8720592668526421,2.1917165957868687
91,66.9823,30.5647,5.86596,116.929,58.4897,92.4514,150.365,156.037,83.7985,107.543,61.6087,129.203,159.318,0.8571452319148883,0.2756916072460961,0.8579514472856505,2.2457504659477183
92,106.45,35.4383,194.966,113.627,90.0814,144.804,125.943,46.8381,115.831,111.116,44.2428,199.0,45.6046,0.8598668037883797,15.263030449026784,0.8731704945231351,2.224255340841344
93,61.6604,68.5263,155.282,199.0,196.243,199.0,154.041,159.792,73.0537,102.396,46.7771,94.0916,36.7113,0.854701851588607,1.7669485931778743,0.8705307339589436,2.264874635994845
94,65.9909,22.4546,171.395,177.701,146.961,45.2618,87.6025,45.5938,6.12324,107.296,42.3915,28.6226,189.818,0.8439635514936381,18.233174744652153,0.8550265112468965,2.34707602211278
95,59.3718,5.63627,121.788,57.0842,191.318,199.0,122.786,12.1892,116.835,168.997,99.4339,182.426,122.888,0.8752685435557652,-0.6911423202929279,0.8755195363580084,2.098466908061266
96,78.7207,39.215,97.3822,198.842,172.791,199.0,61.2248,179.043,116.059,113.45,49.3441,102.242,165.845,0.8644208524816115,12.360507804972055,0.873288766179698,2.187814909623888
97,199.0,4.37626,169.831,36.2255,22.0777,24.5885,159.027,130.308,150.02,30.9123,42.0109,198.093,7.40984,0.8760420421183084,5.333366496434765,0.8769739243971503,2.091950166222358
98,67.4075,24.7802,170.773,199.0,73.7589,19.0471,132.625,7.55307,30.7458,102.849,63.6765,24.7661,134.061,0.8746594418554612,0.473683754095201,0.8753367510634039,2.1035843947053148
99,190.831,41.6363,121.088,199.0,97.7105,190.88,24.8003,111.811,64.3447,81.3524,52.2188,176.096,199.0,0.8632760615127772,-4.637250192715362,0.870980533321726,2.197032130672695
100,39.8683,20.414,30.1762,199.0,53.9148,114.251,13.7607,4.58289,118.312,17.8298,50.4443,53.806,52.075,0.8779469024076557,-3.8032470129119282,0.8812577489900961,2.075814451715847
101,99.2681,28.5421,19.3289,185.538,89.8867,9.30051,148.363,110.167,18.5308,114.759,77.0917,83.0208,182.462,0.8770394382251977,7.363516814415107,0.8800399594962712,2.0835169962718223
102,80.966,56.6071,25.8271,123.326,51.4118,13.9341,129.551,131.206,42.1097,133.013,44.9586,178.653,90.8605,0.8547874385317197,16.832294517248023,0.8712106514451778,2.2642074827903644
103,66.747,16.0996,128.77,152.884,25.4088,51.0531,155.533,6.93844,77.4556,110.379,73.132,30.0538,197.535,0.8704058553973189,6.990859510502986,0.8739812547888864,2.1389804635236707
104,61.0815,129.715,67.9766,199.0,26.295,199.0,152.462,40.9835,15.3294,96.2846,41.8938,54.3866,67.0288,0.8707885302964244,13.474244314896893,0.8779029611098035,2.1358200611537512
105,163.526,53.1887,169.827,25.8623,115.089,58.2915,162.569,170.303,37.7287,114.619,54.2545,135.545,25.6892,0.8727119590305104,4.048884659857389,0.8743317579887805,2.1198636575719565
106,199.0,55.1637,196.135,199.0,198.258,21.7691,126.481,13.2527,107.599,108.412,55.8012,45.8119,93.6413,0.8680687112749972,-0.10792638273270364,0.8683038153025835,2.158181823749334
107,65.135,13.0097,154.199,199.0,8.56563,58.9449,73.4067,162.48,6.15598,89.8034,61.6057,171.43,199.0,0.8774533819612261,10.133155906725767,0.8811582785363136,2.0800069850817526
108,68.7916,40.9194,90.9606,35.6898,112.799,14.0166,124.932,45.8468,113.061,171.518,61.1632,112.17,19.6849,0.8702129115120149,6.2702500481788395,0.8724003068946379,2.140572162382122
109,93.9808,8.83332,150.924,198.926,155.786,186.838,108.259,56.1236,29.8368,123.571,45.8123,194.73,146.603,0.8492791213121409,23.38620230294854,0.8727572840771245,2.306751633897919
110,34.6846,88.2483,113.312,196.815,20.5054,12.0217,149.989,83.7444,46.5852,105.515,56.0775,199.0,123.871,0.8806890063374725,3.870204663711697,0.8816067111869493,2.052363864655969
111,103.77,44.1899,141.553,199.0,3.54264,63.1319,133.818,75.9559,16.9155,113.651,56.8529,26.4261,6.05604,0.8734793212028014,9.721073424551937,0.8798200107582639,2.113464147250029
113,176.611,30.2029,20.8903,43.4433,69.2621,199.0,115.041,46.2625,93.3065,108.85,55.2779,129.7,199.0,0.8539433800466696,2.3526544131817295,0.8551004343670382,2.270778382802635
114,88.3249,3.76618,144.631,199.0,39.6325,21.0084,151.433,16.8219,125.108,86.9119,75.2973,62.9095,89.4283,0.8780351579841053,-4.717243929466179,0.8805771596138241,2.0750638139416826
115,92.3942,163.977,76.3766,196.795,140.155,72.0479,100.703,65.5757,20.7547,97.7196,25.9933,6.62812,132.965,0.8539217267071892,12.745996820196567,0.8726723950193384,2.2709467014757627
116,57.5732,17.8416,172.587,199.0,64.6163,199.0,41.1007,196.217,16.0312,163.518,69.2595,199.0,110.27,0.8710088747108533,7.554788013104644,0.8757653520167324,2.133998176345474
117,85.3986,27.4616,128.559,118.599,72.6935,80.3027,19.3387,187.542,100.047,130.303,50.6706,30.5124,171.303,0.8582377435029199,16.630750144536524,0.8732795130175491,2.2371465621593623
118,81.2856,57.0576,23.2216,53.0537,69.2056,106.229,106.875,121.086,11.5898,133.886,56.703,87.3619,17.1678,0.8717965922903427,2.874470032761609,0.8745806916738599,2.1274722929293954
119,174.737,15.7696,128.569,190.967,80.2041,199.0,28.5279,199.0,49.8107,167.764,82.0435,199.0,88.686,0.8807053385711019,5.474386442474464,0.8825288267525764,2.0522233879392404
120,139.637,30.9331,34.6731,95.4212,45.1697,199.0,47.349,75.0854,61.9306,101.237,51.8197,60.0488,199.0,0.8545732131792713,2.0638188957409898,0.8547192182214595,2.2658770073816696
121,87.333,23.4757,161.222,198.465,177.593,199.0,23.0313,162.447,97.1882,107.333,53.3301,187.292,58.8974,0.8637372623543909,5.915108161495471,0.8648482038095571,2.193323456744995
124,150.778,62.1131,47.3103,199.0,124.494,149.312,107.481,173.773,10.7524,150.047,58.703,75.3633,199.0,0.8771741319381748,2.112510599344767,0.8784783159669525,2.082375518336776
125,159.314,71.3489,30.41,199.0,67.8913,199.0,156.045,178.944,15.069,188.139,64.0187,181.012,108.814,0.8829951435212382,-3.712311861630372,0.884030412996371,2.0324322256406697
126,199.0,31.1758,32.52,171.381,64.4662,168.038,56.777,180.492,107.087,31.8185,43.33,61.9378,199.0,0.8769482727335957,6.283964877625747,0.8782054432393659,2.0842892343548107
127,81.7734,47.5205,46.9559,199.0,96.3177,61.8899,30.7203,181.725,105.037,119.778,50.7275,189.624,54.9337,0.866302093834898,10.87570702447485,0.8742346719341921,2.172583271136588
128,73.1627,10.0572,62.7941,12.4516,91.9713,40.7873,153.706,70.0022,12.8296,110.545,68.9735,182.47,80.6,0.8637881774554361,12.675988388899595,0.8717711806481395,2.192913646546355
129,102.698,48.958,154.719,137.027,187.628,132.559,142.224,126.751,108.63,164.854,56.902,168.13,196.772,0.8747258758811497,4.309614569281173,0.877381756814629,2.103026841330345
130,161.618,35.2157,41.1955,96.82,96.3332,142.561,11.9379,20.7056,16.4613,129.087,46.7951,102.272,178.163,0.8595573030196062,16.752649836191942,0.8736819437551577,2.2267102518390582
131,57.9399,22.2864,103.452,199.0,169.549,199.0,34.5025,173.333,44.4954,115.737,52.8693,164.91,170.61,0.8616268027671118,13.368929225284255,0.8715436291788268,2.2102434698686206
132,182.127,11.9801,174.054,89.8523,90.8113,118.126,144.309,125.284,85.2478,116.336,45.172,199.0,141.158,0.8521139517520749,22.032475428791678,0.8742420780077338,2.2849554144537447
133,191.764,73.1186,30.986,64.3467,45.5823,167.206,161.161,158.495,108.061,119.715,53.2009,189.377,199.0,0.8705132266799716,2.9614492195027937,0.8737948690541355,2.1380941863432468
135,172.37,15.1786,51.1608,33.3401,62.521,111.949,143.525,35.182,93.8267,110.12,49.3969,199.0,133.6,0.8560803340309193,15.130131528232797,0.8676369862992093,2.2541052961368995
136,65.4342,42.72,28.9712,86.7823,195.183,131.179,32.2184,75.3148,135.885,181.326,56.9225,199.0,164.963,0.8706048621251116,2.9424947003276127,0.8722655451413391,2.137337507174616
137,68.7756,98.7586,162.204,199.0,48.4437,94.6272,161.59,137.858,120.345,117.603,54.38,82.89,38.2993,0.872897215869205,5.310914916168819,0.8763939183228299,2.118320455897024
139,66.6707,46.8996,163.694,9.01264,3.00135,199.0,71.1492,49.9396,6.37262,144.871,57.1685,62.5017,44.8054,0.8667830536141465,4.189666602428215,0.8712444141753898,2.168671966022911
140,62.2685,89.6479,169.915,199.0,34.9768,199.0,2.62723,191.176,17.8852,101.376,59.8508,27.4552,139.225,0.8790380109858799,2.7020993929466184,0.8793015974307126,2.066515123482739
141,30.1284,115.941,195.71,145.431,111.059,199.0,151.242,193.53,41.7136,108.138,30.7403,138.445,109.745,0.8153434612988969,20.93821136057044,0.8300295705526303,2.5532684190505592
142,89.5253,42.5918,156.678,199.0,26.3139,199.0,55.8048,154.772,18.4166,146.313,60.4381,19.2163,137.978,0.8769807548206983,5.7632311138947765,0.8805201048205453,2.084014120244686
143,70.9332,10.5609,66.6398,197.694,146.722,199.0,28.1174,47.7873,91.25,104.653,54.1358,66.1493,199.0,0.865012697365662,2.7394933994989388,0.8757310596193605,2.183034442716179
144,170.988,21.5883,170.843,38.3292,103.319,57.9769,32.4049,140.285,85.8857,106.098,32.8343,128.421,94.0276,0.8061948902581461,20.541286375024086,0.8200089358305429,2.615753046614881
145,69.0176,1.0,27.2054,34.2591,171.211,83.6673,28.1684,29.7284,90.4748,129.489,74.0807,41.6652,179.677,0.8685715724229827,11.34619628059356,0.8728469396137324,2.1540649008098165
146,83.1041,61.6932,172.485,199.0,19.2592,37.6802,37.4578,87.151,154.326,44.626,65.0107,58.2716,118.443,0.8829988414791499,-5.287640007708613,0.8846680377162153,2.0324001077079585
147,199.0,11.6936,153.059,199.0,69.2529,129.044,125.155,82.4684,77.4985,102.169,59.2621,47.643,142.145,0.8740828450117977,4.427819907496626,0.8747255683603568,2.108417341072518
148,23.1989,25.1962,195.571,182.521,82.3856,142.274,7.21335,50.1654,28.7121,199.0,95.7426,190.658,183.484,0.8690801931923371,-6.455281123530549,0.870509288831396,2.149892804242539
149,81.5127,43.1375,24.1793,115.521,86.7557,185.083,64.0668,199.0,26.3109,7.28782,28.234,146.904,199.0,0.8379706597272829,22.230749662748124,0.8610067714735096,2.3917234413245105
150,199.0,144.101,164.411,157.501,105.544,155.574,136.546,182.014,97.901,105.099,41.0771,116.756,169.539,0.8608523508684388,3.48800949123145,0.8709064845400369,2.2164200232091744
154,65.5579,52.5079,158.028,199.0,199.0,185.629,43.7255,189.982,147.012,178.052,62.7357,18.5747,171.033,0.8740322444792628,0.7840178743495858,0.8757890308970468,2.1088409383346507
155,64.9097,21.2972,88.9804,139.049,104.899,124.552,163.072,139.705,78.6883,121.35,60.9035,124.608,64.3413,0.8695024983781179,9.338518741568699,0.875143893160736,2.146422572187456
156,65.3722,15.1813,175.304,59.0811,13.2015,85.2011,139.252,172.491,120.323,150.207,72.7207,85.6163,61.5359,0.8710677478710798,8.01279919059549,0.8753963238722662,2.1335111290586153
157,168.408,98.7498,157.005,199.0,32.2343,199.0,58.2978,105.148,8.21441,101.042,48.8641,188.473,199.0,0.8778883739484906,7.281369483522836,0.8801795621521763,2.076312102583151
158,199.0,9.8787,70.5513,33.5072,26.8841,99.2808,112.283,145.659,63.1228,96.2547,55.0567,193.904,3.76385,0.8572661581219893,1.8754463769512415,0.8575643679729696,2.2447997536096858
159,40.6169,28.1748,65.2985,199.0,28.4755,25.5415,138.309,42.793,22.4811,164.851,67.4763,191.329,199.0,0.8695827524186779,6.569792830988629,0.8736712655633164,2.1457624615555577
160,199.0,25.068,8.63321,29.5629,27.5152,100.575,134.617,53.2812,159.681,76.6698,44.8965,28.2943,17.2294,0.8605741146747967,-5.237973838889959,0.863120693285684,2.2186348658737693
161,94.53,57.152,66.3451,199.0,67.8703,199.0,28.9661,183.54,29.524,25.4721,46.4584,35.3321,199.0,0.8726340909625724,8.861275534785126,0.87546065158395,2.1205119684759124
162,77.7905,26.3785,21.0225,90.9406,184.299,84.0299,92.6177,84.6128,85.724,149.363,55.3055,195.881,88.0138,0.8724942652308487,7.790806754673349,0.8753663800791668,2.121675626818586
163,73.9554,51.3092,148.838,138.841,167.12,199.0,23.9695,181.244,132.404,148.405,54.6449,28.9283,38.1792,0.8672732022880961,7.722181296974369,0.8724173019982597,2.1646786630867205
164,38.4386,50.8164,38.147,199.0,112.323,14.856,162.68,98.4388,10.0821,151.522,59.1418,198.071,199.0,0.8644952408799138,5.6688357583349385,0.8679633498441703,2.1872146315582204
165,91.5938,27.8165,125.065,145.839,119.775,199.0,140.738,77.9725,63.4927,148.188,65.7476,175.855,199.0,0.8793971538429837,3.0535197051455,0.8807516315222745,2.063445043947279
166,74.9155,27.7461,154.143,18.166,84.922,103.179,16.5865,183.032,51.6853,140.868,65.0767,52.2667,38.2891,0.8728442788285184,6.172843996916553,0.8761174629657529,2.118761539636098
167,110.139,35.4377,138.158,199.0,122.737,149.665,141.414,176.793,161.251,114.556,54.1221,173.523,110.33,0.8726574299420087,8.471600982848331,0.8774331611663309,2.1203176745199555
168,104.945,39.5857,152.063,49.2101,172.113,40.7213,17.533,170.248,32.4585,154.094,55.9825,162.104,31.115,0.8716038573848078,8.484722489882444,0.8749623554245451,2.1290708626807286
169,64.2068,44.8787,20.0176,146.541,180.977,199.0,100.73,160.364,48.0735,153.401,53.327,33.3279,90.8287,0.8664695720500115,7.649004625168625,0.8714906617198814,2.1712220890554077
170,53.1046,11.7191,20.8056,197.929,58.9809,199.0,127.27,189.244,111.344,113.378,70.6037,23.3103,199.0,0.863701450398736,13.010262092888802,0.8724335566276838,2.1936116574796567
172,190.539,119.658,37.3214,57.0703,6.78701,151.172,42.6693,52.4017,105.642,102.909,39.1334,195.509,91.8175,0.8609453472709303,3.4957662844478703,0.8621665893248285,2.2156792505830936
173,140.374,33.8326,194.354,55.9934,84.5566,56.2014,161.466,184.671,63.9373,120.039,47.7906,199.0,146.412,0.8641659555525334,13.267091443438039,0.8749997518623969,2.1898705555184335
174,74.0438,31.0436,166.857,67.1598,166.307,199.0,127.688,192.499,27.1384,168.48,56.6514,199.0,78.0414,0.8720805212885191,4.859492676816342,0.8740668708374024,2.125115156318229
175,174.991,16.0454,183.886,199.0,78.8695,199.0,121.506,179.421,28.4047,122.537,59.8659,79.4716,64.4136,0.8673559293301898,14.537020620543457,0.8782105044894265,2.164003948639889
176,74.0234,16.0652,22.5701,63.6245,192.31,73.4881,39.6991,177.2,66.2459,167.784,91.7102,104.881,64.5932,0.8792495539068849,0.6187687897475405,0.8793208850534884,2.0647073326823664
178,69.1537,74.8114,25.8061,199.0,194.539,159.258,46.7231,72.3197,109.783,183.884,54.9175,30.9396,64.4214,0.8690480372031346,4.290742435922143,0.8724437121860097,2.1501568119852594
179,91.0763,21.0346,22.7029,12.4427,83.7033,69.4769,58.0005,28.8595,88.985,126.998,67.7976,18.2223,167.689,0.878385492217,5.860970321834649,0.8802423320932983,2.0720814435046053
180,181.445,68.9618,191.825,199.0,92.3426,199.0,33.1012,164.055,12.4669,116.683,56.097,19.5445,14.1321,0.8713430009213371,5.566111004047022,0.8755612623226713,2.13123253235676
181,151.484,38.8156,168.773,125.267,169.211,199.0,155.539,188.237,96.5282,128.656,51.5658,182.865,198.982,0.8704168565897521,9.197387020620539,0.876251170838286,2.1388896730208486
182,179.765,41.1241,142.137,194.554,108.479,130.318,155.622,68.8189,117.319,104.223,50.39,158.667,53.6617,0.8558087137736206,-1.55361558103681,0.8679234551616822,2.256231385188301
183,110.892,43.3455,40.1565,115.242,8.50534,199.0,141.227,15.549,20.9459,126.065,58.0089,56.7024,52.3524,0.8746103407818673,5.259831614954711,0.8782894379537601,2.103996384806989
184,161.703,43.3977,43.0239,109.277,192.835,199.0,135.974,150.309,108.136,172.606,58.6561,175.44,12.4577,0.8785038413935682,2.135005299672384,0.8797523772332121,2.07107297491261
185,71.5863,66.7491,38.8699,151.056,124.702,199.0,135.99,19.1813,133.885,174.708,54.8295,8.12661,162.491,0.8707341731621269,3.019146270957796,0.8728012339579161,2.1362692660529143
186,116.09,39.6752,146.612,199.0,180.877,193.166,131.002,187.564,8.312,131.991,47.5903,126.052,32.8802,0.8640788223835838,13.855716419348617,0.874481261591839,2.190572808668597
187,118.488,29.1532,53.4367,199.0,19.0814,37.6698,155.385,169.812,20.9912,4.50472,58.2893,191.094,39.0819,0.8768781606775393,8.698225525149352,0.8793888230943135,2.0848829399324855
189,165.321,6.42411,134.776,89.6635,70.2632,26.7098,93.4081,190.047,111.198,140.29,77.2287,197.589,166.493,0.8721256930227789,12.6985206687223,0.8789685179272716,2.124739906144532
191,70.3052,50.5012,157.16,120.059,124.573,190.942,153.796,67.1466,108.325,114.976,53.1596,105.158,174.523,0.8671266612539564,6.330887454230101,0.8714282732656593,2.165873322892207
192,199.0,85.2673,168.326,199.0,95.4183,52.775,10.9968,190.033,90.8435,100.549,51.2595,199.0,30.6666,0.8692793075770329,1.0850493833108505,0.8704504560812453,2.1482573088938874
194,68.8123,15.6363,94.7384,129.0,111.849,95.0875,46.9526,83.1356,105.362,138.868,60.7524,60.3847,156.638,0.8651136934552229,13.93612208518019,0.8742206586546493,2.1822176281230816
195,66.5723,41.7581,132.877,38.193,9.94365,199.0,46.4071,170.789,83.0453,126.61,48.7217,162.601,199.0,0.8582959930855565,10.937648390826746,0.8684969180692458,2.2366868973452565
196,183.642,20.744,152.585,74.6012,70.3696,199.0,12.3896,52.5416,94.0913,116.364,60.5917,152.951,113.171,0.8714048144592943,11.166257949508575,0.8781966070333477,2.1307204931697887
197,199.0,83.7125,45.1401,196.047,137.433,199.0,49.0622,15.9438,93.0977,106.287,52.06,199.0,199.0,0.8687812401680353,-8.542319329350551,0.8788306740901151,2.152346025346285
198,132.917,53.5397,52.4008,197.792,194.523,39.8695,9.07353,51.0969,49.1137,168.02,61.7254,181.665,35.448,0.8758336209130629,5.910036375024088,0.878276871287328,2.093708115701247
base,103.893,34.5768,97.3213,183.298,104.246,135.255,75.4185,103.96,55.5451,107.98,53.6708,93.7939,101.189,0.8664010796262968,5.81610209096165,0.867589704309627,2.171778865516567
