real_name,alpha,awc,canmx,cn2,cn3_swf,epco,esco,lat_len,latq_co,perco,petco,revap_co,surlag,ns,pbias,rsq,rmse,mse,pcc
0,199.0,199.0,8.66169,33.4452,94.7885,33.342,199.0,199.0,199.0,51.5358,199.0,32.2307,83.7151,0.6976876467406905,1.1684791692119338,0.7040171484415811,113.58068005133616,12900.570880923993,0.8390572974723366
1,28.5059,199.0,22.7541,151.819,199.0,32.0399,199.0,184.447,199.0,115.338,199.0,19.4829,23.1493,0.6976819273773801,1.165042105060928,0.7040048665118059,113.58175444689894,12900.814943235648,0.8390499785542015
2,72.5245,199.0,16.5318,26.7835,199.0,32.7701,199.0,199.0,199.0,199.0,199.0,22.8858,136.656,0.6976826620246485,1.1663542059006982,0.7040084735834562,113.58161644228743,12900.783593642898,0.8390521280489408
3,199.0,199.0,76.9689,36.5635,196.561,33.2094,199.0,199.0,199.0,199.0,199.0,49.8242,6.4361,0.6976455632494569,1.1521067109283778,0.7039476635803583,113.58858529431976,12902.366709164953,0.8390158899450941
4,199.0,199.0,61.1628,11.2621,19.5707,8.32464,199.0,199.0,132.079,199.0,199.0,50.7156,29.9594,0.6977257315788461,1.1871622050718602,0.704022678892595,113.57352546764879,12898.945687150668,0.8390605930995657
5,38.3923,199.0,199.0,150.898,86.0812,7.61247,199.0,170.398,199.0,199.0,199.0,50.2085,142.813,0.6976222677707513,1.1681015401897552,0.7038847230967489,113.59296103547284,12903.360796806452,0.8389783805896007
6,199.0,138.409,63.8875,149.211,199.0,17.4223,199.0,174.104,199.0,199.0,199.0,30.7792,61.134,0.6977554725948225,1.1985358791804899,0.7040389169311165,113.56793803352299,12897.676549186119,0.8390702693643224
7,51.9242,199.0,18.1497,149.765,90.2295,29.1154,199.0,199.0,40.8071,80.3388,199.0,4.56262,20.8058,0.6976921250389294,1.1692408277481903,0.7040173327049196,113.57983878560934,12900.379778565008,0.839057407276117
8,172.625,199.0,23.6765,44.0329,22.336,5.91917,199.0,199.0,199.0,199.0,199.0,10.6842,6.37346,0.6977572429405261,1.202753803343455,0.7040656859135003,113.56760543063469,12897.601003248326,0.8390862207863387
9,176.977,199.0,20.1287,11.3512,109.128,22.4115,199.0,199.0,199.0,47.1944,189.545,20.226,10.4189,0.6977123251488004,1.1757949314551301,0.7040371036869015,113.57604403902741,12899.517779555094,0.8390691888556637
10,199.0,199.0,110.948,31.0271,199.0,31.1864,199.0,199.0,141.516,199.0,199.0,1.54194,22.0382,0.6976280990008686,1.1484456295608285,0.7039212311593244,113.59186573344097,12903.11196080408,0.8390001377588232
11,189.117,199.0,199.0,55.0796,45.5561,14.5723,199.0,199.0,43.0899,44.3847,199.0,3.08166,85.1016,0.697614927752462,1.156491047880775,0.7038864970561366,113.5943397238862,12903.67401730567,0.8389794378029396
12,199.0,46.4536,97.9882,78.7079,89.0101,13.2264,199.0,21.89,199.0,199.0,199.0,50.7103,23.3147,0.6947954660820361,1.1783935311670637,0.700385695566597,114.1226921618996,13023.988866279698,0.8368904919800422
13,199.0,199.0,37.4277,116.509,199.0,2.19417,199.0,199.0,199.0,199.0,199.0,40.4251,141.951,0.6977629508909409,1.210178373948976,0.7040564124222425,113.56653304543116,12897.357427959007,0.8390806948215663
14,27.3839,199.0,140.089,158.73,199.0,21.6357,199.0,185.327,199.0,63.8737,199.0,19.3962,130.465,0.6976370788892032,1.1541676693205993,0.7039243436496808,113.59017898635882,12902.728762153034,0.8390019926374912
15,199.0,199.0,199.0,130.267,158.49,9.0106,199.0,199.0,199.0,83.2916,199.0,26.228,14.7653,0.697620944637142,1.1651253114556444,0.7038857949266728,113.59320956319843,12903.417258868714,0.8389790193602417
16,199.0,199.0,125.132,88.8946,199.0,32.4681,199.0,166.428,199.0,105.52,199.0,11.3332,137.832,0.6976161743430297,1.1452773860696792,0.703906260323604,113.59410557578931,12903.620821563569,0.8389912158798828
17,199.0,199.0,47.3243,151.228,199.0,4.72181,199.0,199.0,199.0,104.208,199.0,41.0142,115.78,0.6977432201758274,1.1990223165649916,0.7040387895482006,113.57023992443136,12898.199396492904,0.839070193457139
18,76.5755,199.0,24.9237,154.686,199.0,10.5575,199.0,78.6523,199.0,15.9593,78.3973,1.40759,113.993,0.6330221395821799,-10.553176883108863,0.702445280092568,125.14008620736078,15660.041175985689,0.8381200869162891
19,199.0,199.0,37.1319,24.0795,82.848,4.1541,199.0,92.4346,199.0,199.0,199.0,25.845,21.4984,0.6977477872490274,1.2033490490902772,0.704045901770396,113.56938190305179,12898.004505841227,0.8390744316032971
20,55.8466,199.0,84.3943,153.027,199.0,32.1161,199.0,98.2064,199.0,199.0,199.0,50.154,143.581,0.6976434732464099,1.151837890268523,0.70394368775365,113.58897788005733,12902.455895836154,0.8390135206024096
21,199.0,199.0,199.0,121.962,26.344,12.5345,199.0,29.169,199.0,199.0,199.0,48.8977,96.4736,0.6976188014219042,1.1596784928476307,0.703888499056281,113.59361212789649,12903.508716262993,0.8389806309184266
22,199.0,199.0,199.0,50.7977,149.766,6.78496,199.0,169.822,67.8914,42.5412,199.0,42.2355,46.7508,0.697625814563903,1.1701945010414831,0.7038870770796272,113.59229482914414,12903.209444551207,0.8389797834749221
23,199.0,199.0,51.1173,14.6887,94.1803,19.4539,199.0,199.0,199.0,199.0,114.738,30.5342,34.9396,0.6972884577313174,-2.0308963145451724,0.7081294846259449,113.65564424178443,12917.605468015065,0.8415042986378293
24,199.0,199.0,27.8816,152.649,199.0,2.31787,199.0,199.0,175.652,18.6377,199.0,19.8689,35.402,0.6977672838652466,1.2124377475901402,0.7040653271782008,113.56571897807112,12897.172527006222,0.8390860070208541
25,199.0,199.0,199.0,36.3121,199.0,17.5099,199.0,199.0,199.0,199.0,180.835,12.8101,127.696,0.6976081501105289,1.152049106501266,0.703881576893357,113.59561276531062,12903.9632395264,0.8389765055669658
26,171.4,199.0,76.1741,114.941,20.7787,14.894,199.0,199.0,90.313,194.633,199.0,4.69525,76.2443,0.6976998704306319,1.173714771587206,0.703999538703875,113.57838376897128,12900.049259571717,0.8390468036432026
27,199.0,199.0,127.444,4.80431,67.5985,31.933,199.0,199.0,199.0,199.0,199.0,7.23562,129.459,0.6976158711828208,1.1454053959077055,0.7039054796719809,113.59416251865667,12903.633758314985,0.8389907506474555
28,89.8332,22.41,199.0,38.9318,199.0,32.1241,199.0,199.0,169.199,19.5412,199.0,17.4841,141.827,0.6941068471195537,0.9958387011578614,0.6997082546785107,114.25136451599946,13053.37429376778,0.8364856571863685
29,199.0,199.0,56.526,50.4217,66.2608,9.61906,199.0,199.0,199.0,199.0,199.0,28.8006,10.4403,0.6977286632139889,1.1854340722585057,0.7040297307439535,113.57297471460654,12898.820585524656,0.8390647953191419
30,99.3044,199.0,138.594,32.8769,48.8278,20.0384,199.0,147.459,199.0,199.0,191.612,15.7443,51.8337,0.6976421023728476,1.1563758390265526,0.7039293443077151,113.58923538392521,12902.514395104768,0.8390049727550577
31,199.0,136.282,199.0,42.122,196.053,31.8658,199.0,199.0,88.2054,181.453,199.0,6.84549,2.42112,0.6974801032550235,1.1374879874257826,0.7037339316882653,113.61966106807952,12909.427381225267,0.8388885096890202
32,52.9834,199.0,13.3284,32.0583,8.86511,5.68363,199.0,199.0,119.673,166.995,199.0,7.86169,114.58,0.6977653375522525,1.2066709043870572,0.7040786243012369,113.56608464675435,12897.255581993775,0.8390939305591698
33,199.0,199.0,22.5098,21.3243,94.9115,31.1148,199.0,199.0,48.2184,199.0,199.0,3.17289,28.9717,0.6976843035200373,1.1659893778623225,0.7040073643244861,113.5813080842654,12900.713546132813,0.8390514670295774
34,199.0,199.0,185.378,144.342,68.6697,31.7658,199.0,79.9239,29.5258,8.30381,199.0,54.6399,10.0344,0.6975782749878665,1.1377504075937364,0.7038558016060704,113.60122402608042,12905.23810022371,0.8389611442767003
35,44.8268,122.814,199.0,152.576,199.0,19.6921,199.0,98.4521,87.5969,80.3305,199.0,1.0,30.9119,0.697641824231584,1.1816129785934228,0.7038822805018184,113.58928762970154,12902.526264223068,0.8389769248923468
36,199.0,199.0,199.0,153.711,74.2979,32.2959,199.0,199.0,129.062,199.0,199.0,12.3613,101.966,0.6975675345509869,1.1355294369039823,0.7038424772836688,113.6032412686299,12905.696426738536,0.838953203273978
37,199.0,199.0,55.3837,17.2388,199.0,33.848,199.0,199.0,199.0,199.0,199.0,12.145,142.671,0.6976619418714394,1.1553197578628378,0.7039707270255,113.58550869039148,12901.667784455,0.8390296341759926
38,199.0,67.1471,98.3337,51.0754,199.0,14.4116,199.0,199.0,199.0,15.2092,199.0,16.0273,110.215,0.6962448909689849,1.1997455721498387,0.7022141031356387,113.85138373366593,12962.137578070451,0.8379821615855786
39,24.2142,199.0,199.0,35.5192,199.0,16.7116,199.0,123.931,180.897,71.1824,199.0,13.7699,141.657,0.6976107984375108,1.1532716004544161,0.7038837750327652,113.59511533294744,12903.85022750563,0.8389778155784366
40,199.0,199.0,86.8073,9.82923,199.0,34.0582,199.0,199.0,199.0,199.0,199.0,50.6213,20.7305,0.6976365470118414,1.1497577304005964,0.7039359813676496,113.59027889281883,12902.751458948362,0.8390089280619424
41,199.0,199.0,199.0,126.312,86.2275,34.0983,199.0,144.97,199.0,57.8671,199.0,7.92886,27.6906,0.6975632048744829,1.1339613163881603,0.7038379837087969,113.60405444773647,12905.881186964272,0.8389505251853633
42,199.0,199.0,199.0,76.1514,42.1562,11.6784,199.0,199.0,199.0,199.0,70.5782,32.5811,9.61595,0.6031525163004776,-12.757589500315216,0.7004671712202348,130.13326706996307,16934.667198302333,0.8369391681718779
43,189.242,199.0,24.0624,67.926,199.0,35.1059,199.0,199.0,199.0,67.3635,199.0,11.2052,22.2859,0.6976725459323603,1.1619890704240026,0.7039945744567728,113.58351675093346,12901.21527750958,0.8390438453720835
44,199.0,199.0,52.9003,55.2982,199.0,32.9537,199.0,179.103,199.0,11.4046,199.0,50.2106,48.5822,0.6976668367997622,1.1565422518159876,0.7039767753656269,113.58458919785816,12901.458903246199,0.8390332385344617
45,14.2964,199.0,29.0786,60.8752,199.0,6.83993,199.0,190.603,59.6343,130.987,199.0,35.3243,130.729,0.6977482465074488,1.1982094540935242,0.704056313109017,113.56929562127674,12897.984907912947,0.839080635641782
46,91.745,199.0,47.6755,45.4423,54.9402,14.1887,199.0,199.0,199.0,101.341,199.0,11.9561,62.9059,0.6977275114323043,1.1802560743103458,0.7040369666388432,113.5731910949437,12898.869735488597,0.839069107188939
47,199.0,199.0,199.0,144.471,199.0,35.9278,199.0,199.0,199.0,112.897,199.0,45.431,132.063,0.6975584518045312,1.1325020042346612,0.7038331864981479,113.60494713987046,12906.08401465276,0.8389476661259317
48,199.0,199.0,191.7,48.6567,49.9839,7.85698,199.0,199.0,199.0,85.5381,128.324,61.6307,63.451,0.6981560419711168,0.8169001490728988,0.7044277496169047,113.49265640435266,12880.58305771645,0.8393019418641331
49,199.0,199.0,199.0,154.263,96.3477,33.7119,199.0,100.706,199.0,199.0,199.0,23.5886,10.8304,0.6975642327246101,1.1342877414751282,0.7038391061499151,113.60386140237476,12905.837325529974,0.8389511941405859
50,138.503,199.0,169.674,119.64,177.296,4.09988,199.0,199.0,199.0,199.0,199.0,13.542,119.54,0.6976485656267353,1.1812609515388512,0.7039087319504791,113.58802132602172,12902.238588760763,0.8389926888540085
51,199.0,193.879,85.308,146.174,18.8657,42.441,199.0,66.8273,199.0,199.0,199.0,56.4451,113.665,0.6976102598357182,1.143235629153159,0.7039086701742894,113.59521649811005,12903.873211252494,0.8389926520383175
52,199.0,199.0,83.4992,151.539,16.443,20.9654,199.0,199.0,199.0,174.393,199.0,50.1356,106.816,0.6976765841451487,1.1635123874965143,0.7039773518654449,113.58275817619047,12901.042954910963,0.8390335820844389
53,163.245,199.0,199.0,139.323,175.712,7.84153,199.0,145.393,199.0,199.0,116.762,13.1698,8.83013,0.697838591407212,-1.6240554473302158,0.707484659023825,113.55232107381802,12894.129621251455,0.8411210727498301
54,199.0,199.0,199.0,12.0646,24.3824,27.2134,199.0,121.689,199.0,100.103,199.0,2.92083,5.2626,0.6975802797282278,1.1403042038623594,0.7038553307417159,113.60084749668871,12905.152551965928,0.8389608636531957
55,15.7894,65.526,41.1749,52.8093,4.9705,13.4786,199.0,61.5956,199.0,140.368,184.575,12.2557,11.7671,0.6964555936699115,1.2405359070368949,0.7024408826574992,113.81188982096718,12953.146264619974,0.8381174635201794
56,10.1219,199.0,170.031,110.463,199.0,18.4039,199.0,199.0,199.0,199.0,198.809,50.1227,142.973,0.6976261611284249,1.15446209194806,0.7039057254692839,113.59222973253121,12903.194655608148,0.8389908971313598
57,117.831,199.0,96.2901,150.465,199.0,13.5289,199.0,199.0,154.64,199.0,199.0,20.6114,126.598,0.6976894982864278,1.1725562825530678,0.7039829423548138,113.58033223202986,12900.49186993828,0.8390369135829566
58,199.0,199.0,199.0,48.6021,18.2188,27.0169,199.0,199.0,199.0,100.678,125.439,14.054,139.237,0.6986586765989564,0.1814593131107066,0.7052582734132674,113.39812228240534,12859.134137175355,0.8397965666834245
59,182.566,199.0,199.0,124.401,190.076,1.16804,199.0,75.947,199.0,199.0,199.0,56.5711,15.987,0.6976526165615162,1.188141480332762,0.7038998094258975,113.58726039163341,12902.06572327673,0.8389873714340982
60,199.0,199.0,45.2578,93.7863,4.73534,20.226,199.0,163.86,199.0,27.7948,199.0,17.3451,142.091,0.697709491117271,1.1715898082759706,0.7040232385604666,113.57657644137485,12899.638716143465,0.8390609266081138
61,5.87636,199.0,199.0,16.6909,199.0,33.8524,199.0,199.0,199.0,199.0,199.0,18.2422,114.006,0.69756421246071,1.1341789331128058,0.7038390947491545,113.60386520823621,12905.838190251103,0.8389511873459352
62,199.0,199.0,199.0,17.4048,183.735,3.75211,199.0,199.0,199.0,199.0,199.0,5.39425,34.326,0.6976289134718323,1.1786623518269175,0.7038825786659356,113.59171274743541,12903.077204895879,0.8389771025873922
63,14.5404,199.0,118.669,73.025,117.798,30.1776,199.0,199.0,199.0,42.4172,199.0,12.6776,143.725,0.6976257065598893,1.1482536148037883,0.7039172654828032,113.59231511596633,12903.214053404992,0.8389977744206496
64,64.4462,199.0,89.0691,148.949,25.4819,27.0801,199.0,199.0,199.0,183.626,105.915,36.9806,119.749,0.6929837212322353,-3.8974589667408037,0.7111623212575912,114.46091660154727,13101.301429266357,0.8433044060465895
65,21.3007,199.0,43.4488,106.728,50.0346,28.6508,199.0,199.0,46.1104,199.0,199.0,54.0138,132.318,0.6976837219978205,1.1626867240412453,0.7039980309978731,113.58141732441248,12900.738361422347,0.8390459051791345
66,199.0,199.0,196.352,129.608,157.323,1.5908,199.0,199.0,199.0,43.2468,199.0,13.0362,58.2226,0.6976474032040432,1.1867589740820776,0.7038959743975096,113.58823967650997,12902.288192808273,0.8389850859207866
67,199.0,199.0,101.806,151.325,199.0,33.3764,199.0,146.757,199.0,199.0,199.0,5.84887,141.552,0.6976288932349397,1.1478951872573144,0.7039244326307134,113.59171654863096,12903.07806846452,0.8390020456653925
68,199.0,199.0,85.1489,8.73043,13.9978,10.98,199.0,199.0,199.0,91.9046,199.0,44.3242,132.096,0.6977030632603526,1.1782719218209388,0.7039974360093658,113.57778397201226,12899.913011993085,0.839045550616512
69,199.0,199.0,199.0,6.30162,155.029,32.3201,199.0,192.972,44.8168,10.1654,199.0,29.5659,14.3891,0.6975673695771465,1.13547183247687,0.7038422729376352,113.60327225333323,12905.70346666495,0.838953081487657
70,199.0,199.0,199.0,34.1845,130.366,12.6189,199.0,113.505,199.0,199.0,199.0,15.0519,91.6927,0.6976187941442585,1.1595632839934054,0.7038886616608796,113.5936134948698,12903.509026821866,0.8389807278244713
71,199.0,199.0,10.0977,152.654,23.0834,34.4734,199.0,199.0,199.0,79.8162,199.0,12.8236,99.4911,0.6976830425050065,1.1670070560746313,0.7040117272851477,113.5815449684051,12900.767357409828,0.8390540669618065
72,104.044,199.0,86.1513,31.805,18.5611,19.8054,199.0,77.4217,199.0,95.1078,199.0,26.6643,116.729,0.6976779187958148,1.1646196725954434,0.7039776049047162,113.58250746211537,12900.986001381496,0.8390337328765252
73,199.0,199.0,199.0,79.4083,198.751,15.6772,199.0,199.0,199.0,104.015,199.0,55.9777,137.18,0.6976124465164799,1.1548077185107326,0.703884710680252,113.59480577497597,12903.779899054514,0.838978373189829
74,161.951,199.0,46.8607,28.5642,199.0,18.0122,199.0,199.0,199.0,199.0,199.0,25.3409,141.869,0.6977164183298161,1.1745084325829687,0.7040284756403261,113.57527508792602,12899.343111298067,0.8390640474006297
75,170.164,150.604,34.7212,153.084,199.0,33.219,199.0,72.4041,199.0,124.649,199.0,50.6906,79.6548,0.6975927033744521,1.1592688613659439,0.7038936657108137,113.59851406546633,12904.622397881953,0.8389837100390053
76,132.256,199.0,199.0,10.9168,99.0308,27.5481,199.0,181.751,72.9625,10.0553,199.0,28.9674,42.9284,0.6975793038147102,1.1399777787753926,0.7038542676469391,113.60103079246244,12905.194197109999,0.8389602300746676
77,199.0,199.0,199.0,40.6019,49.2385,9.26997,199.0,199.0,199.0,199.0,199.0,15.2555,139.998,0.6976207243771271,1.1646068716116393,0.7038861726353054,113.59325093517347,12903.42665802129,0.8389792444603772
78,40.4205,199.0,149.288,134.756,126.008,36.576,199.0,199.0,199.0,31.8415,199.0,46.351,112.726,0.6975911732787512,1.1385120661299917,0.7038758733738734,113.59880145333705,12904.687691634692,0.8389731064663952
79,92.0094,199.0,106.21,25.5911,86.1448,27.0875,199.0,199.0,199.0,77.0514,151.056,14.7287,130.838,0.6976423960702993,1.153117988648783,0.7039370519489582,113.58918021606398,12902.501862157462,0.8390095660652256
80,199.0,199.0,8.6205,68.4245,199.0,2.66305,199.0,199.0,199.0,55.4058,199.0,61.1615,25.397,0.6977789859879426,1.2175389396354854,0.7040870532076392,113.56352038610733,12896.673162485815,0.8390989531680034
81,199.0,199.0,13.6843,80.4107,113.91,47.4646,199.0,199.0,199.0,46.6021,113.526,16.8754,16.5077,0.6968454491445417,-2.2807587173885655,0.708497495342122,113.73877952276545,12936.50996732825,0.841722932645964
82,199.0,175.99,199.0,14.2877,199.0,1.72,199.0,199.0,199.0,199.0,199.0,56.4035,102.112,0.6977709072784176,1.2109016295338246,0.7040205334530476,113.5650382166358,12897.017905145949,0.839059314621468
83,111.316,199.0,199.0,34.2546,199.0,9.4774,199.0,199.0,199.0,178.974,199.0,49.6643,141.5,0.6976210457649834,1.1642164416056597,0.7038868884710859,113.5931905681046,12903.41294344173,0.8389796710714068
84,199.0,199.0,199.0,112.278,112.762,5.22343,199.0,30.4311,199.0,64.4724,199.0,50.2064,143.174,0.6976275730961973,1.1741116020850888,0.7038856312909025,113.59196451653995,12903.13440272687,0.8389789218394599
85,24.8075,78.31,5.33209,161.27,197.663,11.2265,199.0,199.0,199.0,39.6693,82.9513,6.07198,27.172,0.6348748030692717,-10.079751698644568,0.6988423473221791,124.82380579262232,15580.982492554294,0.835967910461986
86,199.0,199.0,199.0,144.007,177.755,26.375,199.0,25.4427,199.0,48.7353,199.0,1.93046,99.8026,0.6975824123072787,1.1411618697771364,0.7038574797348139,113.60044695532454,12905.061548449505,0.8389621443991463
87,199.0,199.0,85.7855,152.044,13.5465,16.0599,199.0,199.0,199.0,11.1075,199.0,6.07554,127.058,0.6976899923524014,1.1703353118633142,0.703987836107686,113.58023941983835,12900.470786667802,0.8390398298696469
88,74.8462,28.1071,16.0664,154.06,9.43875,33.0139,199.0,87.5668,199.0,108.555,199.0,27.1899,80.0829,0.6952458538482564,1.1459558382112192,0.7010657303109226,114.03845612486981,13004.769475343855,0.8372966799832199
89,199.0,199.0,199.0,1.75646,3.32325,13.7186,199.0,199.0,199.0,199.0,199.0,49.8103,87.8671,0.6976172176173607,1.157860753147656,0.7038881543840259,113.59390961637175,12903.576301932433,0.838980425507071
90,119.104,199.0,152.781,147.815,199.0,14.4686,199.0,153.533,199.0,199.0,199.0,60.8879,114.716,0.6976481321999293,1.1627635299440624,0.7039290428428435,113.58810274133855,12902.25708437688,0.8390047930988497
91,48.4197,199.0,6.32902,54.2359,135.275,12.957,199.0,199.0,199.0,61.1637,199.0,36.5825,108.787,0.6977563385963322,1.194503569282665,0.7040839419602163,113.56777533400766,12897.639594315639,0.8390970992443105
92,59.2872,199.0,199.0,52.4342,105.697,18.4934,199.0,104.997,199.0,35.7435,199.0,49.4228,36.4263,0.6976051629781029,1.1505577918882615,0.703879087208165,113.59617383251609,12904.090709387214,0.8389750218022972
93,59.3747,199.0,199.0,99.691,199.0,29.0712,199.0,199.0,199.0,148.197,133.339,24.8063,25.1226,0.6975753923066399,1.1384864641623877,0.7038503991229319,113.60176544772506,12905.361112839939,0.8389579245247832
94,91.3056,199.0,199.0,74.3824,199.0,7.50333,199.0,156.281,57.1958,61.9344,199.0,6.13375,113.23,0.6976223880321594,1.1683767613415115,0.7038847521608662,113.59293844642387,12903.355664893043,0.8389783979107366
95,153.34,41.1734,118.781,31.1226,199.0,32.5806,199.0,28.7703,199.0,199.0,199.0,49.7477,67.5296,0.6969995383490049,1.2170909052023922,0.7030851355021361,113.70986993586573,12929.934520831499,0.8385017206315895
96,199.0,199.0,114.576,151.563,184.409,33.9587,199.0,199.0,199.0,199.0,199.0,29.0172,103.408,0.6976187396925879,1.1455014032862265,0.7039109055982121,113.59362372262476,12903.511350437257,0.8389939842443521
97,199.0,199.0,199.0,17.8608,11.945,6.16151,199.0,199.0,199.0,21.0997,199.0,61.4585,3.401,0.6976295951658081,1.1721466510713845,0.7038895273473065,113.59158470141287,12903.048114978254,0.8389812437398744
98,100.846,199.0,199.0,75.3206,128.595,2.82487,199.0,31.2664,199.0,92.6606,199.0,6.53728,93.1742,0.6976361232436543,1.1817665903990549,0.7038878067102242,113.59035849226977,12902.769542402364,0.8389802183068586
99,199.0,199.0,145.09,61.3991,68.8469,27.9771,199.0,199.0,199.0,27.5002,199.0,55.752,134.714,0.6976151261192369,1.1466598923203624,0.7039011958059374,113.59430246452955,12903.665552403023,0.8389881976559249
100,62.1366,199.0,30.2332,155.694,52.323,16.5496,199.0,9.73428,199.0,14.4429,199.0,13.9001,31.9197,0.6977282039075401,1.1810625362899105,0.7040467100543922,113.57306100260928,12898.840185502408,0.8390749132553018
101,199.0,199.0,18.5906,155.986,108.211,1.13132,199.0,199.0,199.0,107.78,199.0,24.9312,114.799,0.6977858314345008,1.2200863354122058,0.7040848861173822,113.56223424554157,12896.381046839257,0.8390976618471667
102,199.0,199.0,29.8018,70.9484,51.0846,1.85508,199.0,199.0,199.0,199.0,199.0,50.8714,52.8331,0.6977694540203627,1.2135514331809676,0.7040651988351535,113.56531125307093,12897.07992000688,0.839085930542965
103,199.0,180.257,144.279,106.926,30.9291,8.90121,199.0,14.888,199.0,199.0,199.0,9.6944,111.09,0.6977253818121563,1.1850884456958355,0.704004325367617,113.5735911765574,12898.960612739796,0.8390496560797919
104,63.6264,199.0,75.8968,146.306,17.1761,33.0235,199.0,141.958,133.88,161.396,51.3771,13.3026,47.0234,0.60261897519584,-12.836251545782332,0.7007010081769833,130.2207164413618,16957.434990501555,0.8370788542168434
105,199.0,199.0,199.0,14.2005,199.0,8.153,199.0,199.0,199.0,74.0773,199.0,42.4022,15.0653,0.6976215838517664,1.166898247712309,0.7038849386840895,113.59308949787332,12903.389981671859,0.8389785090716505
106,199.0,199.0,199.0,106.889,199.0,2.76473,199.0,30.0761,199.0,45.2055,199.0,9.71886,59.1852,0.6976367977722187,1.182009809091304,0.703888381855052,113.59023179065285,12902.740758254242,0.838980561071025
107,199.0,199.0,199.0,159.516,6.84703,10.0092,199.0,199.0,58.7613,199.0,199.0,58.9184,113.205,0.697621040481045,1.1631603604419445,0.703888098126115,113.59319156059998,12903.413168923162,0.8389803919795236
108,22.4033,199.0,65.1915,19.3234,199.0,2.29398,199.0,103.664,199.0,47.1481,199.0,15.7718,13.864,0.6977432940796784,1.2036882751610456,0.704026076682249,113.5702260400801,12898.19624279489,0.8390626178553356
109,199.0,89.3726,199.0,158.433,194.372,17.5574,199.0,199.0,199.0,199.0,64.4917,55.3579,70.2931,0.5904962854242564,-13.455057503293016,0.6954528099390305,132.19208132077895,17474.746363919436,0.8339381331603865
110,52.5088,199.0,123.612,152.398,20.8284,1.60245,199.0,199.0,199.0,108.749,199.0,50.469,85.7563,0.6977003935858477,1.1967373409562228,0.703964563862395,113.57828549056552,12900.026934976408,0.8390259613756865
111,199.0,199.0,178.274,157.013,3.67047,8.87852,199.0,199.0,178.853,199.0,199.0,8.33915,3.29862,0.6976359159173977,1.1681079406816555,0.7039046844171354,113.59039743584339,12902.778389632855,0.8389902767119148
112,199.0,199.0,121.771,126.629,199.0,17.647,199.0,199.0,199.0,199.0,199.0,57.6717,124.862,0.6976602600715505,1.162302694527168,0.7039497807557703,113.58582460799616,12901.739551878467,0.8390171516457636
113,199.0,199.0,19.2135,18.5761,191.616,33.355,199.0,111.96,199.0,32.286,199.0,24.8412,142.653,0.6976795704995691,1.1649973016176183,0.7040040544146888,113.58219718886392,12900.915518249967,0.8390494946155971
114,199.0,51.3268,130.214,143.273,44.3391,4.66171,199.0,39.9408,199.0,34.9587,199.0,13.6937,46.1857,0.693535916296197,0.9233915333269168,0.6985604764266043,114.35793639672846,13077.737616918192,0.8357993039160803
115,151.633,199.0,88.9563,143.265,199.0,8.6943,199.0,157.283,187.714,45.5475,116.99,1.23876,81.7069,0.6980505687568254,-1.5599737224142876,0.7075737096481524,113.51248351936958,12885.08391473515,0.8411740067596908
116,50.1081,142.451,179.193,152.536,49.8218,34.6359,199.0,199.0,148.296,199.0,199.0,50.3053,79.2338,0.6974803321358778,1.1341341296694953,0.7037399995948088,113.61961808682392,12909.417614195725,0.8388921263158982
117,98.0823,199.0,141.211,37.5581,52.2992,11.4897,199.0,199.0,199.0,199.0,199.0,7.37342,141.871,0.6976614891738959,1.168946405120729,0.703942358757168,113.58559372742228,12901.687102411031,0.8390127286025928
118,61.8246,199.0,21.2512,27.5409,193.805,14.5448,199.0,199.0,74.0746,45.9304,199.0,20.9045,12.7759,0.6977380702897549,1.186835779984892,0.7040592516928005,113.5712074317705,12898.419157510245,0.8390823867134862
119,199.0,102.937,119.827,94.8394,199.0,35.4703,199.0,199.0,199.0,53.0903,181.67,50.4461,57.0402,0.6975843159969841,1.1617266502560488,0.7038541561780587,113.60008940280353,12904.980312324957,0.838960163641909
120,199.0,199.0,43.6241,37.7035,41.6013,27.697,199.0,199.0,199.0,199.0,199.0,18.9271,110.35,0.6976865274355144,1.163614795366937,0.7040008864929352,113.58089031618975,12900.618645018327,0.8390476068096108
121,199.0,199.0,191.448,134.208,191.675,21.4067,199.0,199.0,199.0,199.0,141.852,53.3355,29.7653,0.6976019973754881,1.1475623616784452,0.7038784191999904,113.59676841840145,12904.22579510393,0.838974623692511
122,199.0,199.0,12.1368,8.95286,58.2024,31.9693,199.0,181.224,170.905,199.0,164.192,21.7096,113.356,0.6976883189017975,1.1685047711795375,0.7040162384091714,113.5805537836576,12900.542197802339,0.839056755177605
123,199.0,199.0,66.5915,71.8644,22.6414,28.6416,199.0,199.0,199.0,199.0,199.0,51.232,138.358,0.6976658069165818,1.1580399669208936,0.7039712493919454,113.5847826578761,12901.502851436953,0.8390299454679466
124,199.0,199.0,53.7407,136.288,199.0,20.0927,199.0,199.0,72.6151,86.8737,199.0,19.5895,143.428,0.6977044816500808,1.1698872774302203,0.7040144850856059,113.57751751587007,12899.852485067773,0.8390557103587377
125,199.0,199.0,39.6298,133.247,46.7343,34.3633,199.0,199.0,99.9391,199.0,199.0,61.0129,57.1795,0.6976688207081172,1.1584239964349716,0.7039842557703304,113.58421652655937,12901.374243952325,0.8390376962749233
126,199.0,199.0,39.1405,67.847,36.0408,15.5692,199.0,199.0,199.0,29.1736,199.0,17.1025,122.566,0.6977269408913638,1.1801728679156285,0.7040408857819886,113.57329827989624,12898.89408217428,0.8390714425971061
127,131.418,199.0,54.4934,154.229,158.622,9.11715,199.0,199.0,199.0,65.1368,199.0,49.9025,37.6672,0.6977311698121584,1.1868357799848934,0.7040321245675942,113.5725038092211,12898.713621495543,0.8390662218011128
128,90.2324,199.0,79.2152,4.98555,52.224,8.62774,199.0,199.0,75.6035,54.5839,199.0,51.5519,35.9426,0.6977083435027649,1.1833539123905792,0.7040001519813075,113.57679203200563,12899.687688281456,0.8390471691039232
129,199.0,199.0,199.0,65.209,136.059,18.6283,199.0,199.0,199.0,199.0,199.0,56.9068,99.6959,0.6976047058872825,1.1503657771312201,0.7038787519006036,113.59625968674096,12904.11021481749,0.8389748219706021
130,199.0,199.0,45.6461,37.2202,199.0,22.4745,199.0,97.415,129.928,59.6047,182.972,27.1961,108.363,0.697701829590615,1.1687543903636888,0.7040154668179162,113.57801572648107,12899.96565636478,0.8390562953806593
131,151.381,199.0,142.07,144.09,199.0,36.9784,199.0,199.0,199.0,199.0,199.0,56.2925,94.4898,0.6975942067878762,1.1392161202391378,0.7038804463637616,113.59823168844505,12904.558242741643,0.8389758318114781
132,199.0,199.0,199.0,52.1638,193.921,12.989,199.0,199.0,199.0,55.9913,199.0,56.4865,72.6573,0.697618624095232,1.1590128416898942,0.7038888548864476,113.59364543548037,12903.516283321629,0.8389808429794137
133,199.0,199.0,37.8117,37.1807,39.2401,21.4528,199.0,199.0,199.0,152.538,154.723,61.0966,124.597,0.697707724390828,1.171884230903431,0.7040245886792489,113.57690833807987,12899.714107636599,0.8390617311492933
134,36.4458,199.0,30.8787,26.1521,10.967,35.6205,199.0,199.0,199.0,155.2,115.866,63.2017,15.9618,0.6976754514539247,-1.8006578198711993,0.707867851326954,113.58297095175816,12901.091290227938,0.841348828564558
135,199.0,183.837,62.9815,15.2267,64.1619,15.194,199.0,96.115,199.0,77.6735,199.0,53.271,106.047,0.6977501546263654,1.1821634208969356,0.704056196914438,113.5689371385536,12897.903482780737,0.8390805664025582
136,51.3603,199.0,32.8714,28.5811,157.278,20.6801,199.0,199.0,199.0,199.0,199.0,49.5518,134.797,0.697712224894006,1.1741244030688889,0.7040312994773985,113.57606287297757,12899.522057726555,0.83906573012929
137,94.8822,199.0,199.0,119.85,41.7075,11.366,199.0,199.0,199.0,166.822,139.408,24.1337,23.9317,0.6976199416448291,1.1611954094282393,0.7038886250095717,113.5933979575655,12903.460059545845,0.8389807059817119
138,199.0,199.0,199.0,26.202,168.81,25.3653,199.0,199.0,199.0,43.3563,199.0,28.5883,144.022,0.6975855330155326,1.1421987494651482,0.7038605961224055,113.59986082081802,12904.928378509225,0.8389640016844617
139,153.048,199.0,199.0,2.96941,2.70439,33.723,199.0,163.328,67.6532,199.0,191.758,16.7883,27.3638,0.6975640163288941,1.134274940491325,0.7038388826068918,113.60390204469817,12905.84655978138,0.8389510609129067
140,125.711,199.0,199.0,152.083,31.6539,32.5291,199.0,199.0,154.146,83.2263,199.0,6.48172,89.5145,0.697567301091045,1.1353054196874355,0.7038422501487848,113.60328511610663,12905.706389171413,0.8389530679059376
141,33.5229,199.0,199.0,104.791,163.633,40.6524,199.0,199.0,199.0,29.3528,199.0,30.0501,67.6389,0.6975464026256067,1.129058539591757,0.703820436481225,113.60721011053312,12906.598189098817,0.8389400672760987
142,180.338,199.0,199.0,134.778,22.6546,22.2869,199.0,199.0,164.621,199.0,199.0,6.30943,75.033,0.6975942856651005,1.145559007713336,0.7038693159978433,113.59821687339524,12904.55487681494,0.8389691984798031
143,132.211,163.439,84.1204,104.077,186.451,30.9576,199.0,118.278,199.0,131.667,199.0,17.8186,115.707,0.697608881480873,1.1534060107843453,0.7038998155234832,113.59547539303577,12903.932029769794,0.8389873750679943
144,199.0,199.0,199.0,18.2154,191.585,9.9079,199.0,199.0,199.0,61.4012,108.249,24.7701,52.0279,0.6944653060777318,-3.4264723696909054,0.7104279338997811,114.1844025232412,13038.077779589574,0.8428688711180293
145,118.687,17.6927,31.4808,18.1391,189.369,18.9336,199.0,81.9079,199.0,199.0,199.0,10.5317,109.689,0.6944049659911012,0.9740194242662895,0.6996116070465815,114.19567711290172,13040.652671274105,0.83642788514407
146,166.241,199.0,199.0,153.557,14.8278,5.45978,199.0,199.0,199.0,21.9283,199.0,14.227,70.4517,0.697628949993554,1.1735483587977709,0.7038876807578868,113.59170588737965,12903.07564640496,0.8389801432440978
147,199.0,199.0,199.0,140.47,42.3552,20.2521,199.0,199.0,199.0,79.7602,197.796,11.4555,90.2856,0.6975999753589509,1.147991194635836,0.703874799503123,113.59714820622803,12904.312080587735,0.8389724664749869
148,5.28298,199.0,199.0,141.961,113.25,31.5368,199.0,185.813,199.0,199.0,96.2314,35.7303,96.9174,0.6840891607977244,-5.930978450182143,0.7141898550419354,116.10710091983191,13480.85888400803,0.8450975417322757
149,106.474,199.0,28.5826,67.4714,67.3463,21.2912,199.0,199.0,184.196,5.62102,61.5506,44.8493,117.755,0.6008096802656033,-12.998644826302403,0.7014395433519274,130.5168303633843,17034.64300810443,0.8375198763921531
150,199.0,199.0,181.288,116.509,199.0,16.6452,199.0,199.0,199.0,62.2023,199.0,24.9826,97.2151,0.6976234482018947,1.1556589839336056,0.7038998087250968,113.59273931147426,12903.31042428455,0.8389873710164515
151,144.224,199.0,199.0,65.5194,64.2645,27.9044,199.0,85.5129,199.0,12.5787,95.7823,15.067,18.9907,0.6835477245258988,-6.02921960037537,0.7143125131515261,116.20655569531249,13503.963586567765,0.8451701090026351
152,199.0,199.0,64.3187,35.2143,192.169,31.6558,199.0,199.0,100.846,93.4413,199.0,55.169,115.51,0.6976598522276698,1.1556077799983946,0.7039659205171094,113.58590121927439,12901.75695579476,0.8390267698453425
153,110.417,199.0,122.581,150.826,199.0,13.0988,199.0,199.0,199.0,34.2885,199.0,2.49222,114.182,0.6976715024413052,1.169260029223893,0.7039578787966666,113.58371276899248,12901.259806388987,0.8390219775409143
154,16.8447,199.0,199.0,133.401,199.0,37.5844,199.0,199.0,199.0,119.346,199.0,4.88516,128.793,0.6975541884593851,1.131253908313907,0.7038286637024679,113.60574784895957,12906.26594432138,0.83894497060443
155,70.27,199.0,101.146,90.1922,176.598,14.9881,199.0,199.0,199.0,67.3894,199.0,29.6073,37.1135,0.6976813900488955,1.1694264420133273,0.7039744477167181,113.58185538476937,12900.837872646662,0.8390318514315879
156,38.2703,199.0,199.0,23.0731,9.34378,16.7422,199.0,199.0,199.0,199.0,199.0,21.0541,49.0087,0.6976104874196485,1.1532203965192063,0.7038834656500772,113.59517375120554,12903.863499566576,0.8389776311976841
157,199.0,199.0,199.0,141.176,30.9686,29.77,199.0,199.0,83.6722,199.0,84.233,56.6138,134.911,0.6554422244315916,-8.81906601031897,0.7083050992464284,121.25720269097734,14703.309204440762,0.8416086378159556
158,199.0,199.0,90.8527,13.3414,13.3418,18.5654,199.0,199.0,199.0,54.7974,199.0,55.1103,1.93976,0.6976789909342205,1.1656949552348626,0.7039769490568513,113.58230606055723,12900.940250034097,0.8390333420412155
159,101.636,199.0,71.2929,145.501,25.6298,4.00076,199.0,111.209,174.879,199.0,199.0,50.2749,142.781,0.6977227791804933,1.1965581271829853,0.7040071470373891,113.57408011868226,12899.071674804856,0.8390513375457959
160,199.0,199.0,8.88091,12.7596,18.2644,15.2134,199.0,121.779,199.0,26.7057,199.0,6.19546,11.2061,0.6977463648144213,1.189888814621819,0.7040740312988015,113.5696491381987,12898.065205373556,0.8390911936725362
161,170.178,199.0,57.3481,159.212,185.885,24.2072,199.0,199.0,199.0,6.25015,199.0,6.3769,129.158,0.697688101905024,1.1642932475084733,0.7039967427923054,113.58059454723181,12900.551457702664,0.8390451375178247
162,157.381,199.0,27.9273,62.5183,199.0,14.45,199.0,178.214,199.0,199.0,199.0,60.9064,47.5931,0.6977346135058355,1.1849476348740062,0.7040526315738403,113.57185685196289,12898.56666880275,0.8390784418478646
163,123.328,199.0,199.0,78.2631,117.504,34.161,199.0,199.0,199.0,155.485,199.0,7.21921,26.6186,0.6975630322443396,1.1339165129448512,0.7038378078313808,113.60408687018261,12905.888553607998,0.8389504203654593
164,52.1912,199.0,53.1241,153.34,112.113,2.46285,199.0,199.0,50.4151,51.2941,199.0,59.0322,119.866,0.6977557445658279,1.205525216336723,0.7040434075751028,113.56788693715822,12897.664943371154,0.8390729453242446
165,199.0,199.0,142.354,87.6715,134.956,25.0468,199.0,199.0,199.0,199.0,199.0,50.1103,144.85,0.6976254915501339,1.1500649540118602,0.703912248026913,113.59235550209057,12903.223228513325,0.8389947842668112
166,52.0882,199.0,199.0,7.41012,138.537,15.8682,199.0,199.0,199.0,103.486,199.0,12.9886,33.3061,0.6976121203334549,1.1545132958832707,0.7038845297100372,113.5948670418617,12903.793818258238,0.8389782653382847
167,199.0,199.0,145.764,119.416,199.0,19.064,199.0,199.0,199.0,75.935,199.0,49.9318,61.5512,0.6976409255728336,1.1567854705082352,0.7039261980407234,113.58945643269684,12902.564612675533,0.8390030977539495
168,199.0,199.0,199.0,17.4815,199.0,5.99224,199.0,199.0,199.0,199.0,199.0,50.1318,17.3846,0.6976307140631794,1.172703493866799,0.7038903183149372,113.59137453295547,12903.000368286164,0.8389817151255069
169,86.8568,199.0,23.525,61.4283,199.0,34.6168,199.0,199.0,199.0,199.0,199.0,9.58312,58.2954,0.6976742806278426,1.1625715151870224,0.7039965765721787,113.58319089052388,12901.141252873187,0.8390450384646695
170,199.0,176.828,28.727,151.69,51.1811,32.8865,199.0,199.0,199.0,199.0,199.0,7.31777,113.18,0.6976620372481037,1.162552313711317,0.7039786150708043,113.58549077434108,12901.663714447923,0.8390343348581178
171,162.099,199.0,78.1034,96.8498,199.0,41.5161,199.0,131.201,199.0,199.0,199.0,8.02726,102.968,0.6976216355271683,1.145603811156646,0.703922314814686,113.5930797915443,12903.387776528149,0.8390007835602337
172,199.0,199.0,37.9991,28.1896,6.53188,17.9282,199.0,134.236,199.0,154.521,131.104,60.0441,45.7911,0.6977200056943645,1.176831811143143,0.7040357257116345,113.57460115598106,12899.190027740173,0.839068367721984
173,199.0,199.0,199.0,36.2064,143.213,5.95738,199.0,199.0,199.0,86.8744,134.183,60.6202,84.9861,0.6976308929731818,1.1726906928829945,0.703890531696787,113.59134092729998,12902.992733662095,0.8389818422926607
174,57.9136,199.0,199.0,23.2027,113.854,33.8662,199.0,199.0,199.0,199.0,199.0,49.6832,63.9508,0.6975640874590072,1.1341661321290035,0.7038389734702902,113.60388868541006,12905.84352444704,0.838951115065884
175,199.0,199.0,199.0,93.1496,199.0,34.0302,199.0,199.0,199.0,52.6693,199.0,17.0399,37.9383,0.6975634284161819,1.1340381222909774,0.7038382812799456,113.6040124633476,12905.871647772436,0.8389507025326015
176,81.8442,77.3026,22.1909,37.2105,199.0,9.70258,199.0,199.0,199.0,199.0,199.0,23.9907,50.1615,0.6966968720314003,1.2614911175217887,0.702727127579897,113.7666479968011,12942.850196428048,0.8382882127167821
177,199.0,199.0,199.0,43.0665,199.0,26.2218,199.0,147.211,103.612,199.0,199.0,26.3847,46.5036,0.697583198352551,1.141321882074669,0.7038582541984546,113.60029931981006,12905.028005550437,0.8389626059595592
178,122.828,199.0,31.3584,140.892,192.597,22.1279,199.0,199.0,199.0,199.0,125.866,8.94286,35.7762,0.6987056359004364,0.30288304497048474,0.7052521435879701,113.3892862820425,12857.130243550993,0.8397929170860934
179,176.683,199.0,29.9666,6.51163,73.268,11.6066,199.0,81.0747,199.0,129.192,199.0,5.25592,96.7821,0.6977413570250136,1.188954342804227,0.7040567297480576,113.57058995489052,12898.278902701879,0.8390808839129024
180,199.0,199.0,199.0,153.563,199.0,33.0548,199.0,199.0,88.0813,43.6514,199.0,4.10952,7.99918,0.6975657340714247,1.1348573852543442,0.7038406254882115,113.60357942678593,12905.773258578058,0.8389520996387169
181,199.0,199.0,199.0,69.2114,184.016,25.3784,199.0,199.0,199.0,199.0,199.0,54.7471,124.327,0.6975855459988691,1.142192348973247,0.7038606286269687,113.59985838226862,12904.927824471488,0.8389640210563077
182,199.0,199.0,158.519,132.628,119.129,11.9817,199.0,178.943,199.0,117.602,199.0,40.783,31.6121,0.6976493155132587,1.1657845621214797,0.7039270622100858,113.58788046646303,12902.206588863493,0.83900361275151
183,199.0,199.0,50.1708,40.6329,8.89568,34.4382,199.0,54.2425,199.0,113.614,199.0,15.5801,31.6313,0.6976649448532787,1.1558509986906462,0.7039759637308262,113.58494459325318,12901.539638252394,0.8390327548617075
184,199.0,199.0,52.6133,42.5189,189.317,33.5543,199.0,199.0,199.0,199.0,199.0,60.931,6.40649,0.697665173532199,1.1560942173828948,0.7039751935616821,113.58490163679318,12901.529879839982,0.8390322958990805
185,37.7837,199.0,44.3045,68.8812,90.7802,33.8156,199.0,52.4507,199.0,110.584,199.0,1.70304,141.854,0.6976686016094782,1.1577263428177298,0.7039821019510686,113.58425768364877,12901.383593545526,0.839036412768283
186,199.0,199.0,179.456,153.309,199.0,25.4774,199.0,199.0,76.4902,199.0,199.0,38.1626,18.7079,0.6975990463682522,1.1446437373714495,0.7038778890443164,113.59732269466127,12904.351723395006,0.8389743077379166
187,199.0,199.0,63.209,149.619,15.6856,5.33386,199.0,199.0,159.134,4.18053,182.059,50.5172,23.6873,0.6977322206782055,1.1941963456714009,0.7040234511267762,113.57230638629825,12898.668777903204,0.8390610532772786
188,199.0,199.0,7.77598,26.5015,32.9273,13.7087,199.0,60.8661,199.0,199.0,117.43,2.98093,120.316,0.6982216075665006,-1.4548200409676426,0.7075176554357617,113.48032947594473,12877.78517796897,0.8411406870647512
189,199.0,113.637,149.797,42.5723,86.9525,5.91815,199.0,199.0,199.0,59.1025,199.0,40.4969,119.761,0.6984185318454375,1.2433265215058686,0.7047054353238793,113.44329786695211,12869.38183093002,0.8394673521488965
190,199.0,97.7466,66.7759,11.6238,199.0,33.5515,199.0,153.295,199.0,199.0,199.0,50.1051,3.82778,0.6976740728943215,1.1819970081075022,0.7039549916647192,113.58322991305923,12901.150117482874,0.8390202570049898
191,36.1383,199.0,199.0,51.1158,85.9382,27.7831,199.0,129.24,199.0,98.3209,199.0,25.098,135.897,0.6975785981869032,1.1397473610669449,0.703853643225744,113.60116332307375,12905.224308355677,0.8389598579346594
192,199.0,199.0,199.0,155.073,89.88,6.74309,199.0,199.0,199.0,80.4899,199.0,49.6949,21.7792,0.6976261118974312,1.1703353118633135,0.7038873825308143,113.59223897978973,12903.19675644166,0.8389799655121774
193,199.0,192.148,113.441,151.302,123.212,10.7549,199.0,166.515,199.0,199.0,199.0,19.736,36.5975,0.6977039894792936,1.177779083944538,0.7039914965210177,113.57760997425942,12899.873487464993,0.8390420111776392
194,49.9617,125.462,105.828,54.8792,64.1016,11.7743,199.0,184.424,199.0,199.0,199.0,14.6998,141.273,0.697883473528246,1.2333865575831309,0.7041397714359574,113.5438874053536,12892.214367119615,0.839130366174385
195,199.0,199.0,164.259,14.8743,7.48033,35.2616,199.0,199.0,199.0,199.0,199.0,50.2543,142.27,0.6975840570395462,1.137551992344795,0.7038656102636007,113.60013804046253,12904.99136281214,0.8389669899725499
196,199.0,132.704,176.667,33.6434,79.8697,35.3318,199.0,128.135,199.0,63.1991,199.0,32.7492,89.4456,0.6974718834808322,1.1351198054222968,0.7037301083309456,113.62120463864112,12909.778143535961,0.8388862308626513
197,199.0,199.0,33.1953,151.662,163.759,33.2208,199.0,32.0018,199.0,30.8414,199.0,49.9821,133.047,0.6976740641546569,1.1610225961469036,0.7039923621422098,113.58323155479623,12901.150490430458,0.8390425270164855
198,199.0,199.0,68.684,153.604,199.0,5.67747,199.0,166.111,199.0,199.0,199.0,50.1089,21.5538,0.6977277677003209,1.1925834217122717,0.7040176383263861,113.57314295099462,12898.85879976706,0.839057589398002
base,199.0,199.0,130.304,80.9151,105.926,18.4852,199.0,199.0,199.0,139.837,199.0,28.0091,63.7914,0.6976518630252193,1.1598065026856559,0.7039401082171228,113.58740193754207,12902.097878920735,0.8390113874180272
