real_name,obd_irr_paddy_20160531,obd_irr_paddy_20160630,obd_irr_paddy_20160731,obd_irr_paddy_20160831,obd_irr_paddy_20160930,obd_irr_paddy_20170531,obd_irr_paddy_20170630,obd_irr_paddy_20170731,obd_irr_paddy_20170831,obd_irr_paddy_20170930,obd_irr_paddy_20180531,obd_irr_paddy_20180630,obd_irr_paddy_20180731,obd_irr_paddy_20180831,obd_irr_paddy_20180930,obd_irr_paddy_20190531,obd_irr_paddy_20190630,obd_irr_paddy_20190731,obd_irr_paddy_20190831,obd_irr_paddy_20190930,obd_irr_paddy_20200531,obd_irr_paddy_20200630,obd_irr_paddy_20200731,obd_irr_paddy_20200831,obd_irr_paddy_20200930,obd_irr_paddy_20210531,obd_irr_paddy_20210630,obd_irr_paddy_20210731,obd_irr_paddy_20210831,obd_irr_paddy_20210930,obd_irr_paddy_20220531,obd_irr_paddy_20220630,obd_irr_paddy_20220731,obd_irr_paddy_20220831,obd_irr_paddy_20220930,ns,pbias,rsq,rmse,mse,pcc
0,438.782,478.094,639.788,540.256,180.78,456.616,472.335,626.201,543.112,161.364,438.722,439.612,652.758,572.903,170.213,439.0,468.959,647.489,572.383,172.667,408.901,451.297,607.575,573.377,177.119,428.151,428.296,595.054,530.492,148.029,446.116,475.866,629.031,606.949,185.046,0.6975092241383019,1.1491048802266628,0.7038207504085684,113.61419236246317,12908.184706174785,0.8389402543736761
1,438.782,478.094,639.775,540.188,180.737,456.616,472.335,626.183,542.849,161.298,438.722,439.612,652.747,572.775,170.197,439.0,468.959,647.479,572.206,172.576,408.901,451.297,607.51,573.249,177.088,428.151,428.294,595.053,530.413,147.989,446.116,475.86,629.013,606.657,184.957,0.6974589739839627,1.138512066129994,0.7037607342410925,113.62362883800982,12910.329030317816,0.8389044845756235
2,438.782,478.094,639.781,540.088,180.688,456.616,472.335,626.188,542.649,161.271,438.722,439.612,652.752,572.666,170.195,439.0,468.959,647.484,572.1,172.569,408.901,451.297,607.537,572.974,177.044,428.151,428.295,595.053,530.363,147.993,446.116,475.863,629.018,606.388,184.92,0.6974023038056625,1.1307418689618023,0.7037008745131527,113.63426998953611,12912.747316054785,0.8388688064966731
3,438.782,478.094,639.75,540.234,180.755,456.616,472.335,626.155,542.87,161.235,438.722,439.612,652.706,572.82,170.163,439.0,468.959,647.44,572.139,172.414,408.901,451.294,607.358,573.276,177.058,428.151,428.287,595.05,530.316,147.899,446.116,475.835,628.999,606.348,184.797,0.6974814610035451,1.130882679783629,0.7037700295894164,113.619406097908,12909.369442041332,0.8389100247281686
4,438.782,478.094,640.659,541.911,181.516,456.616,472.335,627.974,545.529,161.663,438.722,439.612,654.934,576.157,170.347,439.0,468.959,647.51,573.893,172.861,408.901,451.295,608.3,575.072,177.352,428.151,428.289,594.716,531.561,148.103,446.116,470.62,629.373,608.542,185.191,0.6974513308167762,1.2471796176304581,0.7036017740633741,113.62506407956715,12910.65518708574,0.8388097365096414
5,438.782,478.094,640.152,541.492,181.346,456.616,472.335,627.199,544.665,161.477,438.722,439.611,653.682,575.13,170.189,439.0,467.694,644.949,572.751,172.366,408.901,451.286,606.357,574.357,177.14,428.151,427.844,592.588,530.7,147.886,445.134,468.411,628.505,607.282,184.799,0.6966236502153246,1.0995650729105122,0.7028038201463159,113.780379635399,12945.974789975518,0.8383339550240798
6,438.782,478.094,640.025,540.535,180.908,456.616,472.335,626.488,543.087,161.282,438.722,439.612,653.245,573.433,170.209,439.0,468.959,647.85,572.611,172.567,408.901,451.295,607.675,573.605,177.127,428.151,428.289,595.288,530.734,147.989,446.116,475.842,629.643,607.519,185.032,0.6975255435693561,1.1761981624449147,0.7037692322744176,113.61112756820299,12907.488307318494,0.8389095495191466
7,363.006,394.411,572.136,489.471,159.071,372.948,383.905,553.125,478.119,140.835,364.801,343.798,566.49,502.089,150.04,360.05,375.555,561.649,501.512,152.031,334.065,359.647,534.29,502.394,155.197,357.625,347.681,519.403,453.85,132.063,344.223,358.076,552.923,530.16,160.845,0.5755539227113443,-14.057497403012048,0.6924733729547892,134.58224846491333,18112.381601871664,0.8321498500599451
8,438.782,478.094,639.805,540.413,180.852,456.616,472.335,626.27,543.288,161.373,438.722,439.612,652.835,573.373,170.23,439.0,468.959,647.522,572.59,172.672,408.901,451.297,607.545,573.6,177.146,428.151,428.294,595.068,530.622,148.022,446.116,475.859,629.134,607.35,185.087,0.6975729639921018,1.1631987633933507,0.7038755022037136,113.60222152877438,12905.46473627273,0.8389728852613257
9,363.006,394.411,578.114,490.022,159.07,375.013,385.531,551.126,479.12,140.807,369.761,345.626,571.096,500.631,145.487,362.951,375.864,556.601,500.787,150.978,337.322,359.748,531.423,500.749,153.945,359.083,347.724,514.314,453.486,131.708,341.815,354.662,549.19,528.397,160.836,0.5735596848200217,-14.102812885673332,0.6907798475881675,134.89804182382375,18197.481687902102,0.8311316668183011
10,363.006,394.411,579.963,491.995,159.06,376.66,390.512,571.934,492.516,142.796,369.761,359.035,583.646,513.775,149.222,369.573,383.86,551.213,513.967,152.544,339.363,369.565,548.496,506.374,153.1,363.382,357.622,517.41,462.685,132.845,347.56,356.945,546.217,528.791,160.604,0.6000362086178237,-12.95069874146968,0.7014223093543599,130.6432139571813,17067.649353061854,0.8375095876193657
11,438.782,478.094,639.75,540.262,180.769,456.616,472.335,626.156,542.569,161.139,438.722,439.611,652.594,572.749,170.054,439.0,468.958,647.332,572.013,172.187,408.901,451.286,606.98,573.282,176.961,428.151,428.265,595.041,530.033,147.784,446.116,475.764,629.002,606.027,184.573,0.697424151583077,1.1140621870669836,0.7036855198909988,113.63016767632843,12911.815006150513,0.8388596544661084
12,438.782,478.094,640.883,541.465,181.334,456.616,472.335,628.139,544.647,161.518,438.722,439.611,654.365,574.892,170.262,439.0,467.976,646.21,572.769,172.523,408.901,451.293,606.972,573.94,177.151,428.151,427.439,593.583,530.784,147.952,443.726,467.622,629.418,607.163,184.918,0.6962759801654475,1.1223700255548874,0.7023230083941112,113.84555726605501,12960.810909218611,0.8380471397207386
13,438.782,478.094,640.13,541.512,181.354,456.616,472.335,627.05,545.035,161.633,438.722,439.612,653.97,575.667,170.34,439.0,468.959,648.056,573.982,172.953,408.901,451.296,607.99,575.22,177.393,428.151,428.292,595.477,531.925,148.19,446.116,475.853,629.465,610.481,185.591,0.6980561193156043,1.282299116692952,0.7043185390828344,113.5114401979683,12884.847055816932,0.8392368790054655
14,411.467,450.414,617.501,522.034,172.609,429.276,443.083,606.188,523.801,154.297,414.909,409.719,627.957,552.006,162.611,414.143,442.934,623.297,552.327,165.296,381.356,422.868,588.158,551.527,169.302,404.647,405.6,573.883,513.621,141.608,415.242,445.981,608.672,580.031,175.706,0.6942447981418443,-3.5185306447074667,0.7106716056276033,114.22559919604844,13047.487511696301,0.84301340773893
15,363.006,394.41,571.842,489.243,159.059,369.444,366.945,550.758,483.443,138.038,365.774,343.433,565.482,511.54,138.073,352.44,353.183,553.668,511.75,148.488,329.876,347.36,530.102,510.135,151.661,349.581,323.018,512.007,468.277,128.505,318.28,346.398,561.07,529.169,155.85,0.5579505252246033,-14.929090788165023,0.6804829260290162,137.34471646199054,18863.571140024575,0.8249138900691491
16,429.084,468.289,631.892,533.612,177.81,446.921,462.328,619.103,535.845,158.712,430.281,429.109,643.94,565.237,167.465,430.111,459.742,638.893,564.933,169.785,400.329,440.703,600.515,565.396,174.266,419.863,420.737,587.929,524.329,145.724,435.251,465.239,621.821,596.819,181.516,0.6985936070615966,-0.5137685177016366,0.7059941354892417,113.41036482017694,12861.910848645626,0.8402345717055695
17,438.782,478.094,640.065,541.331,181.276,456.616,472.335,626.75,544.604,161.553,438.722,439.612,653.612,575.34,170.317,439.0,468.959,647.927,573.631,172.844,408.901,451.295,607.84,574.754,177.316,428.151,428.291,593.851,531.559,148.127,446.116,471.399,628.643,609.332,185.378,0.6972048250670716,1.2066453024194534,0.703414924350637,113.67134345798374,12921.174323542904,0.8386983512268502
18,363.006,394.411,573.228,491.488,159.067,373.355,384.121,558.077,484.131,139.525,365.365,343.824,571.018,509.935,138.644,360.824,375.577,565.278,511.705,149.812,335.077,359.608,538.782,509.719,152.567,358.195,347.636,520.847,471.576,126.746,344.165,359.747,560.826,529.725,156.573,0.5893523492378998,-13.6946151141753,0.6976860531729864,132.3765898375609,17523.561537021837,0.8352760341186537
19,363.006,394.411,579.98,491.995,159.06,376.66,390.513,571.955,492.664,142.883,369.761,359.036,581.599,512.894,146.659,369.573,383.298,552.931,516.335,151.211,339.363,367.868,546.128,508.019,153.144,363.382,355.571,516.137,469.665,127.707,345.489,356.316,550.481,530.464,156.573,0.6006753399857103,-12.999835317796046,0.7013033478096437,130.53879005496947,17040.375709015392,0.8374385636031121
20,438.782,478.094,639.75,540.176,180.725,456.616,472.335,626.154,542.688,161.201,438.722,439.612,652.701,572.689,170.151,439.0,468.959,647.436,572.012,172.366,408.901,451.294,607.342,573.21,177.042,428.151,428.286,595.05,530.281,147.886,446.116,475.832,628.998,606.306,184.783,0.6974283397843404,1.1255126670784295,0.7037095359307063,113.62938124928681,12911.636283095771,0.8388739690386788
21,363.006,394.411,579.963,491.995,159.06,372.052,371.685,544.233,483.255,138.583,369.761,346.286,551.912,512.845,138.386,357.067,358.576,538.48,514.046,148.471,335.216,346.406,513.689,509.122,151.636,354.618,327.334,500.12,467.329,126.112,326.132,348.767,552.816,531.121,158.268,0.5572357731751632,-14.983808593429332,0.6841175506346311,137.45570830042658,18894.071744371962,0.8271139889003396
22,438.782,478.094,639.75,540.504,180.893,456.616,472.335,626.163,542.955,161.207,438.722,439.611,652.618,573.082,170.075,439.0,468.958,647.332,572.261,172.252,408.901,451.286,606.98,573.63,177.023,428.151,428.265,595.042,530.193,147.811,446.116,475.764,629.024,606.396,184.644,0.6975516279720461,1.1305626551885646,0.7038259927854444,113.6062287375225,12906.375207962285,0.8389433787720387
23,363.006,394.411,579.967,491.995,159.06,376.66,390.513,570.204,489.535,142.772,369.761,355.976,581.608,511.107,146.412,369.573,383.207,549.547,515.299,152.406,339.363,368.893,544.328,505.333,153.081,363.382,355.157,509.569,462.141,131.625,346.442,356.144,548.23,528.274,160.353,0.5959030773620935,-13.175189594416276,0.700324323494794,131.31649708292747,17244.022406130498,0.8368538244489261
24,438.782,478.094,639.791,540.904,181.081,456.616,472.335,626.278,544.072,161.499,438.722,439.612,652.909,574.296,170.277,439.0,468.959,647.507,573.131,172.79,408.901,451.296,607.521,574.27,177.254,428.151,428.293,595.071,531.077,148.084,446.116,475.857,629.167,608.524,185.288,0.6978031430119742,1.201537709882206,0.7041224096292779,113.55898163567912,12895.642310132507,0.8391200209917994
25,438.782,478.094,639.75,540.092,180.681,456.616,472.335,626.154,542.142,161.061,438.722,439.611,652.588,572.457,170.037,439.0,468.958,647.331,571.737,172.112,408.901,451.286,606.98,572.938,176.9,428.151,428.265,595.04,529.95,147.77,446.116,475.764,628.998,605.76,184.52,0.6972960598054854,1.0996034758619209,0.7035439962854811,113.65421710085795,12917.28106480895,0.8387752954668378
26,363.006,394.411,579.787,490.153,159.056,373.461,362.621,545.145,488.779,140.806,369.247,343.062,556.209,512.874,145.421,352.891,352.111,549.036,513.47,151.774,334.678,340.37,517.58,512.021,154.19,354.367,321.223,505.484,477.166,128.703,319.311,346.079,554.88,534.866,160.151,0.5538168463404285,-14.845365953603967,0.6765126203836651,137.98538894402654,19039.96756203428,0.82250387256454
27,384.839,422.988,595.488,504.376,164.665,400.091,410.368,586.419,505.408,147.555,391.605,379.987,600.323,530.874,155.205,389.97,407.552,584.097,527.862,158.485,353.514,394.668,560.512,524.176,161.734,381.162,381.836,536.12,482.667,134.467,382.692,387.607,570.753,551.003,166.869,0.6492129274119822,-8.998209378144772,0.705012390511371,122.34840379113896,14969.131910239586,0.8396501595970616
28,438.782,478.094,639.75,540.02,180.641,456.616,472.335,626.158,542.038,161.041,438.722,439.611,652.589,572.32,170.028,439.0,468.958,647.332,571.693,172.1,408.901,451.286,606.981,572.891,176.891,428.151,428.265,595.041,529.946,147.769,446.116,475.764,629.001,605.723,184.512,0.6972695981760126,1.0961920136785221,0.7035140012403721,113.65918467751938,12918.410261558456,0.8387574150136451
29,427.438,466.623,630.555,532.909,177.519,445.275,460.628,617.92,535.579,158.484,428.847,427.294,642.547,565.08,167.122,428.639,458.176,637.495,564.468,169.702,398.875,439.082,599.534,564.728,173.959,418.456,419.491,586.722,523.826,145.497,433.394,463.3,620.649,596.668,181.313,0.6988016158036421,-0.7424900957949981,0.7065933286809744,113.37122427876187,12853.034494465324,0.8405910591250506
30,363.006,391.782,571.662,487.572,157.086,364.976,355.428,558.269,482.289,138.351,358.041,343.24,573.461,509.753,137.928,348.848,352.419,563.09,510.565,148.535,326.077,335.393,537.605,509.668,151.838,343.368,318.438,520.927,471.028,126.224,318.069,347.51,568.789,528.222,155.92,0.5555831686977784,-15.031057024644815,0.6763506175500058,137.71199407619324,18964.593312441484,0.8224053851659812
31,363.006,393.504,570.753,484.492,159.06,369.913,382.378,554.665,476.314,139.037,362.024,343.245,567.799,500.875,142.066,357.576,375.525,562.666,502.26,151.649,328.364,359.545,537.462,502.518,154.363,351.778,347.57,522.678,449.383,133.546,343.384,357.302,555.686,529.874,159.225,0.5752451308221447,-14.287908710967356,0.6943149899065342,134.63119502515156,18125.558673900396,0.8332556569904186
32,379.177,410.084,590.806,500.743,163.044,391.188,398.096,575.111,499.094,143.468,384.505,363.496,590.901,525.961,146.458,377.595,386.364,584.528,526.125,153.916,344.473,375.832,557.91,523.683,156.864,372.247,363.143,536.401,486.871,130.179,361.978,382.945,576.744,545.285,161.384,0.630455994891866,-10.60689621163657,0.698700629813789,125.57685389020277,15769.546232961335,0.8358831436353942
33,438.782,478.094,639.775,540.186,180.736,456.616,472.335,626.183,542.696,161.271,438.722,439.612,652.747,572.76,170.197,439.0,468.959,647.479,572.181,172.57,408.901,451.297,607.51,573.232,177.085,428.151,428.294,595.053,530.417,147.991,446.116,475.86,629.013,606.665,184.958,0.6974377921493768,1.137014351025086,0.7037371304551652,113.62760633953768,12911.232922452944,0.8388904162375234
34,363.006,394.411,574.276,487.309,159.06,370.752,383.865,550.35,476.216,139.832,368.652,343.94,568.361,499.049,141.196,359.722,369.932,555.563,499.906,149.999,333.849,359.573,531.147,500.024,153.119,353.995,347.7,513.333,449.073,133.019,331.766,351.09,549.623,527.9,160.531,0.5659245481300224,-14.546142957217661,0.6888558001028553,136.10031510090312,18523.29577056512,0.8299733731288343
35,438.782,478.094,639.842,540.237,180.76,456.616,472.335,626.272,542.285,161.089,438.722,439.611,652.718,572.706,170.052,439.0,468.958,647.473,571.992,172.184,408.901,451.286,607.058,573.19,176.945,428.151,428.265,595.096,530.081,147.793,446.116,475.764,629.282,606.397,184.648,0.6973166370250905,1.1194578017397885,0.7035483531453782,113.65035403992613,12916.402973400553,0.8387778926184084
36,438.782,478.094,639.75,540.251,180.763,456.616,472.335,626.155,542.59,161.143,438.722,439.611,652.589,572.771,170.056,439.0,468.958,647.331,572.042,172.194,408.901,451.286,606.98,573.316,176.967,428.151,428.265,595.04,530.044,147.786,446.116,475.764,628.999,606.052,184.577,0.6974341613102077,1.1149518554412656,0.7036962923899572,113.62828812053242,12911.38786120273,0.8388660753600405
37,438.782,478.094,639.751,540.28,180.777,456.616,472.335,626.173,543.057,161.284,438.722,439.612,652.725,572.896,170.182,439.0,468.959,647.457,572.288,172.498,408.901,451.295,607.413,573.447,177.1,428.151,428.29,595.051,530.414,147.943,446.116,475.845,629.006,606.615,184.867,0.6975355552591749,1.1402017959919388,0.703833567399952,113.6092473288022,12907.06107861695,0.8389478931375607
38,395.889,434.532,604.82,511.985,168.131,406.972,415.836,591.237,512.061,150.407,398.648,382.547,608.826,540.102,158.314,389.564,408.238,602.777,540.679,161.405,357.465,394.821,571.675,538.705,164.911,382.664,380.197,555.553,498.447,137.829,384.917,409.757,595.317,565.035,170.615,0.6662431110906333,-7.2512527181089474,0.7041805521584595,119.34153977979803,14242.403117013115,0.83915466521879
39,438.782,478.094,640.041,540.626,180.951,456.616,472.335,626.597,542.911,161.201,438.722,439.611,653.21,573.455,170.098,439.0,468.958,647.759,572.479,172.307,408.901,451.286,607.313,573.767,177.048,428.151,428.265,595.302,530.47,147.857,446.116,475.764,629.68,607.4,184.837,0.6974811847527871,1.1655989478563429,0.7036881693857358,113.61945797479461,12909.38123048612,0.8388612336887048
40,438.782,478.094,639.75,540.111,180.69,456.616,472.335,626.154,542.422,161.152,438.722,439.612,652.7,572.616,170.146,439.0,468.959,647.435,571.905,172.334,408.901,451.294,607.339,573.087,177.02,428.151,428.285,595.05,530.262,147.882,446.116,475.831,628.998,606.21,184.763,0.6973735952773774,1.1196050130535193,0.7036480075659954,113.6396603069823,12913.972394686327,0.83883729504952
41,408.752,447.651,615.27,520.124,171.803,426.552,440.263,604.185,521.426,153.544,412.537,406.715,625.403,549.856,161.783,411.703,440.335,620.809,550.282,164.493,378.964,420.177,585.993,549.384,168.469,402.008,403.484,569.576,511.767,140.6,409.51,438.885,602.458,577.259,174.659,0.691309723491903,-4.07788243294687,0.7103596613033698,114.77253988542105,13172.735911750568,0.8428283700157285
42,363.006,394.41,579.963,491.995,159.06,376.66,390.511,571.934,492.241,142.709,369.761,359.034,582.151,511.707,146.521,369.573,383.909,552.964,515.072,152.097,339.363,369.533,549.159,506.869,153.017,363.382,357.482,517.777,461.368,133.942,346.749,356.594,548.631,533.064,160.263,0.6000162800002752,-12.937494526677277,0.7006286912911593,130.6464686345698,17068.49976668363,0.8370356571205072
43,416.909,455.947,621.989,525.578,174.222,434.734,448.728,610.222,527.904,155.787,419.663,415.653,632.991,556.196,164.192,419.03,448.138,628.206,556.478,167.004,389.975,428.255,592.264,555.81,170.905,409.443,411.075,577.535,517.139,143.165,419.605,447.598,608.29,585.622,177.728,0.6949455835839462,-2.623044223286896,0.7077283022654641,114.09462259103724,13017.582904191224,0.8412658927268264
44,438.782,478.094,639.75,540.093,180.681,456.616,472.335,626.16,542.559,161.2,438.722,439.612,652.724,572.628,170.169,439.0,468.959,647.458,571.997,172.429,408.901,451.295,607.419,572.979,177.021,428.151,428.29,595.051,530.295,147.928,446.116,475.846,628.998,606.176,184.79,0.697396479142725,1.1228052590041748,0.7036819269534256,113.63536364977224,12912.995871815978,0.8388575129027728
45,363.006,394.411,579.986,491.995,159.063,376.66,390.513,571.961,492.684,142.896,369.761,359.036,583.703,515.107,146.689,369.573,383.763,554.512,517.218,151.18,339.363,369.151,547.832,508.335,153.148,363.382,357.056,519.74,469.948,127.719,347.438,356.933,549.52,535.782,160.635,0.6026608974463523,-12.827226852201484,0.7007218189723468,130.21384735458687,16955.646042883654,0.837091284730851
46,363.006,394.411,579.969,491.995,159.06,376.66,390.239,553.032,481.211,141.344,369.761,358.793,563.567,502.313,148.063,369.476,385.584,552.461,501.541,151.316,339.363,371.674,523.646,500.694,154.006,363.382,354.795,508.545,451.988,133.923,345.7,352.563,548.055,524.375,159.959,0.5811791803211739,-13.807967825747522,0.6978161121821552,133.68745289470897,17872.33506147503,0.835353884399992
47,363.006,394.41,579.963,491.995,159.06,376.66,390.511,570.218,489.531,141.707,369.761,357.36,581.942,511.276,143.819,369.573,382.366,556.262,511.643,151.401,339.363,366.866,544.089,508.792,153.318,363.382,353.782,513.876,464.893,131.507,345.699,355.669,546.998,530.189,159.551,0.5963693421958945,-13.142521483751985,0.6992142134620577,131.24071583662123,17224.125493308766,0.8361902973977022
48,363.006,394.266,573.026,488.994,158.004,371.047,382.532,559.856,483.311,138.034,362.39,343.244,572.291,510.881,138.131,357.915,375.525,566.478,511.763,148.801,332.074,359.548,540.107,510.286,151.982,356.098,347.577,523.017,471.561,126.203,342.736,358.234,564.34,529.979,156.335,0.5892504989312546,-13.788113499869656,0.6978309424784923,132.39300507863894,17527.907793752518,0.8353627610077506
49,438.782,478.094,639.75,540.058,180.662,456.616,472.335,626.154,542.101,161.053,438.722,439.611,652.588,572.39,170.032,439.0,468.958,647.331,571.722,172.108,408.901,451.286,606.98,572.978,176.907,428.151,428.265,595.04,529.953,147.77,446.116,475.764,628.998,605.777,184.523,0.697291128709256,1.0988162153580592,0.703537932805244,113.65514281989324,12917.49148941033,0.8387716809747716
50,438.782,478.094,640.347,541.752,181.455,456.616,472.335,627.325,545.131,161.562,438.722,439.611,654.348,576.158,170.281,439.0,468.958,648.347,574.032,172.706,408.901,451.29,607.919,575.438,177.344,428.151,428.274,593.712,531.856,148.079,446.116,470.995,629.452,609.971,185.344,0.6973023587470907,1.2455666936713263,0.7034326113807762,113.65303458403874,12917.012270160703,0.8387088954940064
51,374.057,407.612,586.437,499.004,162.232,386.673,393.835,566.503,492.771,145.511,378.755,360.571,580.721,519.933,152.96,370.1,384.047,577.97,519.829,156.486,340.041,372.765,548.773,516.685,159.437,368.17,353.556,532.788,472.005,131.44,358.131,378.135,566.126,543.653,164.211,0.6153856770929913,-11.53289377795069,0.6971516521656441,128.11183277329224,16412.641696531995,0.8349560779859286
52,438.782,478.094,639.75,540.258,180.767,456.616,472.335,626.155,542.911,161.241,438.722,439.612,652.702,572.921,170.164,439.0,468.959,647.435,572.21,172.418,408.901,451.294,607.341,573.345,177.065,428.151,428.286,595.05,530.339,147.895,446.116,475.831,629.0,606.348,184.79,0.6975134336504896,1.1329180362082465,0.7038035449579165,113.61340182266905,12908.00507371926,0.8389300000345181
53,363.006,394.411,579.963,491.995,159.06,376.66,392.237,566.706,485.865,140.967,369.761,357.543,579.902,509.707,143.854,369.437,377.548,548.773,514.808,149.424,339.363,365.729,530.338,508.478,152.693,363.382,352.153,510.517,460.734,129.96,341.856,351.751,550.537,533.116,159.408,0.5888746783325013,-13.454839886568367,0.6957511448338419,132.45355858178942,17543.945180979525,0.8341169851009161
54,438.782,478.094,639.75,540.215,180.745,456.616,472.335,626.156,542.515,161.129,438.722,439.611,652.588,572.616,170.046,439.0,468.958,647.331,571.919,172.162,408.901,451.286,606.98,573.27,176.959,428.151,428.265,595.04,530.01,147.78,446.116,475.764,628.999,606.09,184.585,0.6973850233546584,1.111681204079695,0.7036419872766603,113.63751460016248,12913.48472450214,0.8388337065692224
55,438.782,478.094,640.638,541.175,181.207,456.616,472.335,627.712,544.259,161.51,438.722,439.612,654.18,574.573,170.283,439.0,468.959,648.132,572.97,172.704,408.901,451.296,608.075,573.974,177.196,428.151,428.011,594.434,530.891,148.035,444.742,468.834,629.488,607.505,185.062,0.6965182212041551,1.1665462206577368,0.702579198948403,113.80014833344903,12950.473760715002,0.838199975512051
56,438.782,478.094,639.75,540.258,180.767,456.616,472.335,626.155,542.727,161.184,438.722,439.611,652.637,572.833,170.101,439.0,468.958,647.374,572.089,172.247,408.901,451.289,607.129,573.33,177.008,428.151,428.273,595.044,530.165,147.83,446.116,475.792,629.001,606.142,184.666,0.6974682987691811,1.1218643866946822,0.7037409488348695,113.62187779598963,12909.931113886803,0.8388926920857456
57,396.782,435.443,605.394,512.345,168.283,413.284,428.5,595.317,513.698,150.629,402.065,393.416,612.453,541.038,158.57,399.389,413.608,603.874,541.421,161.65,364.916,401.934,573.07,539.789,165.169,390.712,387.039,556.062,501.76,138.031,389.857,414.851,591.94,565.852,170.906,0.6726694974366114,-6.558917909635998,0.706384402097419,118.1870129122001,13968.170021108554,0.8404667763198133
58,363.006,394.41,579.963,491.995,159.06,376.66,391.646,566.704,484.471,140.024,369.761,356.394,579.895,508.188,141.855,369.084,374.99,545.695,511.936,151.229,339.363,364.28,522.419,504.788,153.696,363.382,347.996,506.369,451.224,133.559,340.016,350.876,545.312,526.379,159.39,0.5802586835188025,-13.810880049562616,0.6930401106482265,133.8342833836923,17911.615408826463,0.8324903066391983
59,363.006,394.41,579.967,491.995,159.06,376.715,379.374,547.658,482.467,138.888,369.761,347.565,560.699,506.046,139.182,359.982,362.631,542.246,508.678,148.668,337.427,345.387,517.267,505.594,151.65,355.589,328.417,504.415,454.77,131.493,326.725,348.374,555.571,524.937,155.722,0.5578979941931841,-14.858506163477363,0.6832750802869607,137.35287691200278,18865.812796003785,0.826604548914994
60,438.782,478.094,639.754,540.073,180.67,456.616,472.335,626.165,542.519,161.204,438.722,439.612,652.73,572.599,170.172,439.0,468.959,647.463,571.998,172.448,408.901,451.296,607.436,572.937,177.018,428.151,428.291,595.052,530.302,147.938,446.116,475.849,628.998,606.212,184.815,0.697380515079329,1.1228244604798794,0.703666492350128,113.6383610673486,12913.677106073088,0.8388483130758075
61,438.782,478.094,639.75,540.23,180.753,456.616,472.335,626.154,542.557,161.143,438.722,439.611,652.603,572.755,170.068,439.0,468.958,647.345,572.021,172.198,408.901,451.287,607.027,573.25,176.968,428.151,428.268,595.042,530.061,147.797,446.116,475.773,628.998,606.029,184.595,0.6974225856164034,1.1147022362571146,0.703685737383998,113.63046171966732,12911.88183062478,0.838859784102205
62,363.006,394.411,579.963,491.995,159.06,376.66,392.46,569.306,489.325,141.928,369.761,357.088,583.054,513.268,143.944,369.573,383.222,558.581,515.137,151.29,339.363,367.091,544.078,511.023,153.756,363.382,354.266,513.733,475.359,127.969,344.032,354.282,551.876,531.114,157.709,0.6006530588381722,-13.004098045402321,0.7008269441206643,130.5424318454232,17041.326512116964,0.8371540743021348
63,438.782,478.094,639.751,540.284,180.78,456.616,472.335,626.166,542.924,161.231,438.722,439.611,652.676,572.861,170.135,439.0,468.959,647.411,572.157,172.324,408.901,451.292,607.25,573.448,177.058,428.151,428.28,595.048,530.28,147.869,446.116,475.814,629.004,606.377,184.76,0.6975069234026843,1.1307610704375042,0.7037892423232414,113.61462443468298,12908.282885434064,0.8389214756598149
64,363.006,394.411,576.983,489.76,159.06,375.296,385.492,554.772,479.323,140.947,369.761,345.005,571.429,501.583,148.128,365.226,375.964,558.971,501.267,151.572,337.839,359.947,536.21,501.741,154.443,360.447,347.959,517.45,449.778,134.492,343.993,358.051,551.361,528.524,160.669,0.5757755317468107,-13.907879504326988,0.6901566707546146,134.54711027204485,18102.924882557796,0.8307566856514695
65,414.399,453.397,619.917,523.962,173.486,432.218,446.126,608.362,526.007,155.131,417.472,412.962,630.695,554.334,163.489,416.777,445.74,625.966,554.648,166.296,384.159,425.774,590.439,553.871,170.192,407.292,407.88,576.058,515.581,142.361,418.595,450.006,610.872,583.15,176.841,0.6959063070784942,-3.0040335037124555,0.7102011587017644,113.91481889446767,12976.585963759368,0.8427343345929157
66,371.123,404.492,586.278,497.034,161.34,384.714,400.06,569.763,492.12,144.507,381.014,366.538,577.532,515.153,151.406,378.361,390.358,563.593,515.264,154.212,343.585,379.021,533.043,512.804,158.288,371.36,355.631,518.672,475.645,132.291,344.455,361.642,562.367,537.546,163.102,0.6086370735744444,-11.965624634906453,0.6974579432716611,129.2308970850134,16700.624761397325,0.8351394753402938
67,438.782,478.094,639.75,540.161,180.717,456.616,472.335,626.154,542.506,161.163,438.722,439.611,652.687,572.645,170.137,439.0,468.959,647.423,571.955,172.313,408.901,451.293,607.298,573.188,177.027,428.151,428.283,595.048,530.247,147.873,446.116,475.824,628.998,606.263,184.759,0.6973967691300271,1.1213651483263798,0.7036712858320479,113.63530920093382,12912.983497191834,0.8388511702513431
68,363.006,394.411,579.963,491.995,159.06,376.66,390.513,571.934,492.577,142.815,369.761,359.036,582.619,512.963,146.632,369.573,383.738,550.523,517.691,151.319,339.363,369.149,546.804,508.25,153.119,363.382,356.409,513.762,469.686,129.815,347.504,356.69,549.266,534.411,160.493,0.6016949111281634,-12.9219989357842,0.7018936156652353,130.3720352058529,16996.867563716154,0.8377909140502989
69,438.782,478.094,639.75,540.109,180.69,456.616,472.335,626.154,542.217,161.078,438.722,439.611,652.597,572.517,170.048,439.0,468.958,647.339,571.78,172.129,408.901,451.287,607.007,572.977,176.914,428.151,428.266,595.041,529.977,147.779,446.116,475.769,628.998,605.803,184.541,0.6973168390436064,1.1025092991851166,0.7035679711224715,113.65031611336244,12916.394352667208,0.8387895869182399
70,363.006,394.41,576.533,491.612,159.06,375.507,385.348,556.908,481.139,139.117,369.761,345.448,574.766,506.613,140.418,365.134,375.891,560.195,506.716,149.091,338.125,359.756,537.091,506.305,152.977,360.408,347.685,517.819,456.601,133.409,343.316,356.801,556.838,530.514,160.281,0.5819340524335644,-13.75593822708176,0.6920861850047226,133.56692110786534,17840.122414234727,0.8319171743657674
71,438.782,478.094,639.786,540.268,180.785,456.616,472.335,626.195,543.109,161.362,438.722,439.612,652.757,573.023,170.219,439.0,468.959,647.488,572.436,172.676,408.901,451.297,607.566,573.35,177.113,428.151,428.296,595.054,530.488,148.024,446.116,475.866,629.024,606.714,184.997,0.6975481874713414,1.1481320054576658,0.7038640995441499,113.6068748993713,12906.522024401402,0.8389660896270777
72,363.006,394.411,571.926,489.235,159.06,372.68,383.688,552.793,477.377,140.734,364.628,343.702,567.107,501.123,149.679,359.422,375.549,561.104,501.011,151.599,333.916,359.597,534.315,501.72,154.443,357.227,347.641,519.316,449.549,134.355,343.662,357.323,552.812,529.377,160.672,0.5737467153196789,-14.13254317055492,0.6918198366756835,134.86845642317513,18189.50053796989,0.8317570779234064
73,363.982,396.271,580.789,492.654,159.358,378.608,391.65,567.604,485.542,140.897,373.713,358.477,580.852,509.13,143.788,370.711,379.89,546.529,514.921,151.758,339.482,367.094,530.717,507.111,153.816,364.922,353.065,510.085,453.249,133.913,342.457,352.992,548.967,528.112,159.859,0.5889058318121116,-13.382367116769823,0.6960646467437973,132.44854007868037,17542.615768973803,0.8343048883614415
74,438.782,478.094,639.753,540.268,180.772,456.616,472.335,626.165,543.011,161.291,438.722,439.612,652.732,572.958,170.192,439.0,468.959,647.462,572.312,172.528,408.901,451.296,607.433,573.355,177.091,428.151,428.291,595.052,530.417,147.955,446.116,475.849,629.002,606.496,184.867,0.6975382353170734,1.1395233438503996,0.7038405640244788,113.60874399685622,12906.946712543213,0.8389520630074634
75,438.782,478.094,639.765,540.073,180.67,456.616,472.335,626.173,542.499,161.217,438.722,439.612,652.738,572.626,170.181,439.0,468.959,647.471,572.016,172.487,408.901,451.296,607.465,573.017,177.04,428.151,428.292,595.052,530.346,147.96,446.116,475.854,629.003,606.344,184.868,0.6973848169664512,1.1261143133171538,0.7036742308117123,113.6375533514483,12913.49353170326,0.838852925614325
76,363.006,394.41,571.611,487.149,159.06,372.772,383.7,552.814,476.782,140.088,364.668,343.725,565.906,499.48,141.71,360.433,375.555,561.379,500.698,150.426,334.068,359.597,532.956,501.354,153.787,357.815,347.637,518.342,449.356,133.391,344.403,359.057,552.306,528.947,160.45,0.5731656294161291,-14.240845894017012,0.6923477244785583,134.9603542108471,18214.29720871731,0.8320743503308814
77,438.782,478.094,639.931,541.094,181.169,456.616,472.335,626.647,543.902,161.363,438.722,439.611,653.344,574.661,170.164,439.0,468.958,647.709,573.149,172.467,408.901,451.286,607.222,574.499,177.164,428.151,428.265,595.257,531.013,147.939,446.116,475.764,629.646,608.63,185.054,0.6977744585370043,1.2085782509736491,0.7040077529781373,113.56437100753593,12896.866362337265,0.839051698632532
78,365.595,399.145,573.34,488.263,159.555,370.66,379.282,552.412,478.176,141.072,367.962,346.24,568.416,502.445,150.161,358.163,363.144,558.837,503.577,153.54,331.339,361.451,535.846,503.336,156.02,352.705,340.863,519.186,450.615,133.627,327.279,350.809,556.759,531.278,161.133,0.5655662791902436,-14.283133944008974,0.6833236317521114,136.15646946102413,18538.584176090793,0.8266339164056308
79,363.006,394.411,579.963,491.995,159.06,376.515,385.673,548.426,481.942,140.629,369.761,349.799,560.192,508.105,143.505,362.496,366.153,538.031,511.599,151.032,339.049,353.569,516.194,503.778,153.466,360.779,331.526,500.909,455.406,130.817,330.278,348.123,543.684,526.169,159.487,0.5609628280195437,-14.646067436780935,0.6859332511043907,136.87595546480745,18735.02718440395,0.8282108735729028
80,363.006,394.411,580.001,492.004,159.079,376.66,391.27,565.809,486.507,140.787,369.761,353.632,577.259,510.848,141.995,367.792,374.327,547.693,513.789,150.31,339.363,362.964,525.117,508.502,152.238,363.152,338.663,509.159,468.338,127.025,335.422,349.812,548.667,529.301,156.372,0.5818946808999195,-13.778749580218038,0.6919054343820172,133.57321031983514,17841.802515146916,0.8318085322849347
81,363.006,394.411,579.998,492.001,159.076,372.288,377.071,540.158,480.935,140.546,369.761,346.818,553.7,504.432,144.551,356.883,359.315,535.701,510.379,151.226,336.118,346.282,508.683,503.752,153.463,354.416,328.352,493.86,463.328,128.947,327.12,346.968,544.102,526.435,159.197,0.5516771276981811,-15.172495094679991,0.6847924445680469,138.31585500636706,19131.275746142357,0.8275218695406465
82,363.006,393.987,571.412,482.742,156.497,370.115,382.093,556.774,479.99,138.386,361.932,343.239,569.6,510.941,138.07,358.063,375.525,563.892,511.693,149.516,331.346,359.545,538.017,507.672,152.022,353.268,347.569,523.357,458.578,131.694,340.838,357.564,560.627,533.169,156.982,0.5827065031397011,-14.043179502628814,0.6958815709470781,133.44346981364788,17807.159635905955,0.8341951635840849
83,438.782,478.094,639.75,540.391,180.836,456.616,472.335,626.161,542.788,161.178,438.722,439.611,652.608,572.837,170.06,439.0,468.958,647.332,572.116,172.215,408.901,451.286,606.98,573.48,176.996,428.151,428.265,595.041,530.082,147.792,446.116,475.764,629.015,606.137,184.594,0.6974938230902329,1.1213075438992672,0.703763259012856,113.61708460828685,12908.84191488661,0.8389059893771507
84,438.782,478.094,639.75,540.569,180.925,456.616,472.335,626.164,543.047,161.223,438.722,439.611,652.622,573.265,170.085,439.0,468.958,647.333,572.365,172.278,408.901,451.286,606.98,573.717,177.038,428.151,428.265,595.042,530.267,147.823,446.116,475.764,629.029,606.671,184.698,0.6975722606586549,1.1373215746363492,0.7038471371061541,113.60235362707591,12905.494749611209,0.8389559804341072
85,363.006,394.739,572.965,487.332,157.835,368.678,382.121,562.412,483.011,138.623,358.676,343.241,573.733,510.53,138.284,357.3,375.526,567.144,511.557,149.868,327.66,359.554,543.693,509.643,152.234,350.891,347.598,525.926,471.502,126.708,341.811,357.04,565.465,530.226,156.64,0.5904197576631491,-13.829076648038047,0.6993343582532764,132.20443272452567,17478.012032013638,0.8362621348914923
86,363.006,394.41,579.963,491.995,159.06,376.66,390.511,570.479,489.767,142.603,369.761,355.974,581.468,510.647,145.957,369.573,383.636,550.105,513.371,151.436,339.363,368.875,543.389,504.247,152.865,363.382,355.837,509.858,457.438,133.755,347.31,356.522,543.658,526.542,159.167,0.5944444346760493,-13.25675746320659,0.7003699347895512,131.5532859542224,17306.267045353405,0.8368810756550487
87,438.782,478.094,639.751,540.301,180.792,456.616,472.335,626.158,542.886,161.237,438.722,439.612,652.716,573.045,170.171,439.0,468.959,647.435,572.223,172.422,408.901,451.294,607.339,573.383,177.072,428.151,428.285,595.05,530.413,147.908,446.116,475.831,629.017,606.819,184.882,0.6974718694225519,1.138768085806045,0.7037546888025435,113.62120727859195,12909.778743444758,0.8389008813933524
88,438.782,478.094,639.781,540.026,180.654,456.616,472.335,626.193,542.52,161.247,438.722,439.612,652.753,572.552,170.189,439.0,468.959,647.484,572.055,172.558,408.901,451.297,607.541,572.898,177.03,428.151,428.295,595.054,530.356,147.993,446.116,475.863,629.022,606.354,184.915,0.6973688875684712,1.127247200383685,0.7036634365702631,113.64054420269005,12914.17328668355,0.8388464916599837
89,438.782,478.094,639.75,540.3,180.789,456.616,472.335,626.157,542.662,161.156,438.722,439.611,652.598,572.779,170.056,439.0,468.958,647.332,572.049,172.196,408.901,451.286,606.98,573.369,176.977,428.151,428.265,595.041,530.053,147.787,446.116,475.764,629.006,606.075,184.582,0.6974517005670909,1.116859202027857,0.7037160816101375,113.62499464790159,12910.639408735664,0.8388778704973314
90,363.006,394.411,572.819,490.578,159.06,370.659,383.45,555.701,481.856,139.159,366.177,343.658,572.31,508.212,138.421,358.719,366.002,560.271,509.01,148.67,333.564,359.551,537.193,508.116,152.291,352.943,347.556,517.952,469.497,126.188,326.968,351.396,561.194,527.582,156.16,0.5786208072444,-14.167483455844184,0.6925097453751184,134.09514711760923,17981.508480493267,0.8321717042624788
91,363.006,394.411,577.99,491.939,159.081,375.834,385.843,558.642,483.584,140.104,369.761,345.504,573.178,509.443,140.598,366.079,376.103,560.664,509.006,150.095,338.403,359.882,539.342,507.895,153.015,360.926,347.748,518.066,469.585,126.79,344.76,359.092,556.817,528.545,157.517,0.5877926725266573,-13.598172502206337,0.695309469239592,132.62774068726534,17590.1175998085,0.8338521866851415
92,438.782,478.094,639.767,540.311,180.797,456.616,472.335,626.199,542.584,161.142,438.722,439.611,652.671,572.879,170.062,439.0,468.958,647.373,572.104,172.212,408.901,451.286,606.994,573.405,176.983,428.151,428.265,595.053,530.12,147.799,446.116,475.764,629.084,606.588,184.683,0.6973954283134011,1.1240021509897198,0.703645592635188,113.6355609562483,12913.040713841223,0.838835855597022
93,363.006,394.41,579.963,491.995,159.06,376.66,390.511,571.934,492.241,142.709,369.761,359.034,581.8,510.746,146.153,369.573,383.884,548.544,515.25,151.901,339.363,369.327,547.369,507.175,153.017,363.382,356.978,514.695,458.393,133.942,347.489,355.949,544.087,527.762,160.244,0.5979849833316506,-13.092156012980565,0.7015505290345537,130.97778919117064,17155.181261406735,0.8375861323079279
94,363.006,395.856,573.311,489.332,158.003,372.041,383.036,559.195,483.564,138.334,363.401,343.314,571.865,510.631,138.241,359.113,375.526,565.893,511.638,148.811,332.794,359.547,539.247,510.122,152.003,357.078,347.575,522.028,471.442,126.204,343.115,358.963,562.21,529.736,156.306,0.5893051000117859,-13.769494468928736,0.6980045782524142,132.38420526103596,17525.577802596097,0.8354666829098658
95,438.782,478.094,639.75,540.023,180.642,456.616,472.335,626.158,542.27,161.113,438.722,439.611,652.672,572.427,170.109,439.0,468.959,647.409,571.787,172.221,408.901,451.292,607.248,572.894,176.961,428.151,428.28,595.047,530.153,147.849,446.116,475.814,629.001,605.917,184.671,0.6973219972415194,1.1085385625561524,0.7035849924440783,113.64934771902043,12916.174236958814,0.838799733216504
96,438.782,478.094,639.75,540.251,180.763,456.616,472.335,626.162,542.86,161.222,438.722,439.611,652.676,572.785,170.134,439.0,468.959,647.413,572.1,172.32,408.901,451.292,607.262,573.382,177.051,428.151,428.281,595.047,530.271,147.87,446.116,475.816,629.003,606.445,184.779,0.6974677862012861,1.1291929499216824,0.7037468732211699,113.62197404855064,12909.952986689515,0.838896223153478
97,363.006,392.95,572.686,487.341,157.102,370.385,382.111,560.115,482.924,137.761,359.981,343.239,572.898,512.265,137.959,357.393,375.525,566.416,512.629,148.738,330.046,359.545,540.51,510.431,151.85,351.047,347.569,525.361,471.332,126.124,341.574,357.649,564.698,531.183,156.306,0.5896707160901993,-13.858026072907675,0.6989084892991329,132.32526543606403,17509.9758727248,0.8360074696431443
98,438.782,478.094,640.202,541.496,181.348,456.616,472.335,627.107,544.566,161.462,438.722,439.611,653.922,575.506,170.208,439.0,468.958,648.026,573.677,172.581,408.901,451.286,607.54,575.124,177.259,428.151,428.265,595.532,531.458,148.0,446.116,473.293,629.232,609.962,185.274,0.697482226772771,1.240497504085487,0.7036372220530756,113.61926229465546,12909.336764381715,0.8388308661780846
99,363.006,394.411,579.963,491.995,159.06,376.66,391.299,557.527,482.481,140.517,369.761,353.2,575.048,505.843,141.595,367.721,373.845,542.094,510.646,150.957,339.363,363.113,519.522,503.945,153.06,363.092,338.896,504.078,452.086,133.251,335.984,349.498,544.842,525.19,158.437,0.5726268380968564,-14.15669222649857,0.6905543945685243,135.04550730495714,18237.289043253233,0.8309960256033264
100,419.184,458.257,623.866,527.32,175.033,437.014,451.085,611.947,529.804,156.419,421.65,418.172,635.151,558.489,164.849,421.071,450.311,630.247,558.335,167.624,391.586,430.502,593.85,557.871,171.59,411.393,412.698,578.455,518.63,143.677,422.092,449.096,613.049,588.151,178.534,0.6958201535908034,-2.21967242268245,0.7071392590354277,113.93095448714236,12980.262390351305,0.8409157264764572
101,363.006,395.743,571.41,480.941,156.73,371.002,382.379,554.83,480.697,138.794,362.485,343.241,566.615,511.504,138.205,358.166,375.526,561.768,510.73,150.017,332.357,359.554,536.032,507.094,152.205,356.553,347.597,517.551,471.224,126.875,340.498,357.575,555.581,533.446,156.547,0.5828843982723593,-14.076737281667384,0.6971734863653487,133.41502283987245,17799.56831936369,0.8349691529423998
102,438.782,478.094,639.932,541.327,181.274,456.616,472.335,626.674,544.724,161.598,438.722,439.612,653.521,575.319,170.327,439.0,468.959,647.778,573.741,172.924,408.901,451.296,607.714,574.877,177.346,428.151,428.293,595.257,531.704,148.172,446.116,475.857,629.775,609.925,185.519,0.697980620084899,1.2568187584338315,0.7042670198801065,113.52563073353734,12888.068833447478,0.8392061843671712
103,363.006,393.912,573.064,488.462,157.902,371.226,382.194,560.955,483.047,138.477,361.943,343.241,573.178,510.712,138.213,357.975,375.525,567.278,511.443,148.944,328.804,359.549,542.682,510.06,152.041,352.471,347.582,525.572,471.218,126.202,344.032,357.596,565.253,530.035,156.412,0.5905300419637478,-13.784055588004223,0.6988745379382627,132.18663272651781,17473.305871575314,0.8359871637401275
104,363.006,394.411,579.963,491.995,159.06,376.66,390.513,571.934,492.583,142.817,369.761,359.036,583.67,513.81,146.974,369.573,383.794,551.494,514.044,152.43,339.363,369.427,548.468,507.683,153.12,363.382,357.528,515.298,464.263,132.102,348.258,357.178,545.778,528.47,160.546,0.6007218450232336,-12.963602133142723,0.7022015897733642,130.5311886109622,17038.391200190592,0.8379746951867725
105,363.26,395.464,580.178,492.167,159.137,376.913,388.011,560.821,485.247,139.427,369.989,347.808,576.398,510.822,140.554,368.751,377.005,559.379,511.141,148.969,339.586,362.303,539.059,509.99,152.538,363.461,348.525,517.61,470.768,126.621,345.473,358.065,555.437,528.959,156.264,0.5909844777435405,-13.426306493672325,0.6957342070830836,132.11326102936118,17453.913739812127,0.8341068319364634
106,438.782,478.094,639.907,541.06,181.154,456.616,472.335,626.584,543.836,161.352,438.722,439.611,653.205,574.526,170.157,439.0,468.958,647.61,573.043,172.443,408.901,451.286,607.171,574.418,177.151,428.151,428.265,595.205,530.925,147.926,446.116,475.764,629.635,608.596,185.049,0.697733747610219,1.201723324147344,0.703971269403438,113.5720195257373,12898.603619154455,0.839029957393321
107,363.006,393.739,572.972,489.004,159.062,372.35,383.141,559.145,482.394,138.442,363.921,343.39,572.077,508.476,138.268,359.575,375.53,566.318,509.975,148.854,333.159,359.546,538.746,508.962,152.35,357.663,347.575,522.86,466.803,128.854,344.292,358.791,562.573,528.561,156.201,0.587043261736568,-13.807295774097886,0.6966421625117427,132.7482474314353,17622.097196117567,0.8346509225489077
108,438.782,478.094,641.154,543.004,181.868,456.616,472.335,629.28,547.363,161.87,438.722,439.612,655.308,578.732,170.431,438.199,462.965,646.009,576.219,173.333,408.901,443.823,606.18,577.622,177.73,427.622,419.953,592.421,531.704,147.268,440.67,465.275,631.548,613.232,185.985,0.6940342086459366,1.126683957096369,0.6995009047370715,114.26492897801393,13056.473994350566,0.8363617068811027
109,363.006,393.504,571.312,486.206,159.06,370.64,382.368,556.59,476.796,138.714,362.063,343.245,569.255,500.668,139.609,357.872,375.525,564.428,503.257,149.72,328.426,359.544,538.905,503.007,153.02,351.95,347.567,523.359,451.163,133.429,343.4,357.41,558.442,530.197,157.048,0.5775804427797679,-14.228896175637265,0.6946427061450928,134.26058222331324,18025.90393894305,0.8334522818644705
110,438.782,478.094,639.762,540.727,180.999,456.616,472.335,626.264,543.62,161.351,438.722,439.611,652.753,574.154,170.207,439.0,468.959,647.443,572.829,172.495,408.901,451.292,607.312,574.089,177.167,428.151,428.28,595.078,530.792,147.95,446.116,475.814,629.086,608.032,185.067,0.697686863312559,1.178015902144886,0.7039719199826232,113.58082722071467,12900.604312141839,0.839030345090464
111,421.396,460.501,625.632,528.603,175.601,439.229,453.373,613.485,530.805,156.801,423.579,420.617,636.952,559.577,165.329,423.053,452.42,632.077,559.504,167.797,393.539,432.679,595.032,559.498,172.103,413.286,414.829,581.717,519.614,143.999,426.566,457.092,616.102,589.499,178.939,0.6975866468176741,-1.8111738280650547,0.7077797556851163,113.59965162466743,12904.880849245807,0.8412964731205738
112,365.182,398.69,582.635,494.128,160.025,378.776,394.091,574.335,494.697,143.61,376.14,362.644,589.265,520.006,150.872,373.965,388.268,563.969,516.293,153.496,341.168,374.378,550.9,509.593,154.465,367.643,361.888,529.708,466.882,132.744,353.059,364.702,551.985,532.885,161.676,0.6129313157627998,-12.09076065206899,0.7023906778243248,128.51994640413966,16517.376623722932,0.8380875120322011
113,438.782,478.094,639.778,540.228,180.76,456.616,472.335,626.187,542.951,161.321,438.722,439.612,652.75,572.839,170.203,439.0,468.959,647.481,572.306,172.613,408.901,451.297,607.524,573.329,177.104,428.151,428.295,595.053,530.456,148.003,446.116,475.861,629.019,606.843,184.999,0.6974806874391606,1.1436964645700556,0.7037855015173311,113.61955136482295,12909.40245234364,0.8389192461240421
114,438.782,478.095,643.269,544.944,182.29,455.238,463.939,630.757,547.834,161.887,435.586,428.514,654.044,578.026,170.368,427.917,457.933,646.474,576.038,173.088,402.206,439.042,607.978,577.553,177.646,421.613,416.675,594.279,532.519,148.274,433.862,463.715,635.962,614.035,185.941,0.6955453813638808,0.7842128369329007,0.7004558689393681,113.98240101788046,12991.987741800916,0.8369324159926942
115,363.006,394.411,579.963,491.995,159.06,376.66,390.513,571.934,492.564,142.811,369.761,359.036,582.349,512.471,146.628,369.573,383.637,550.955,517.925,150.419,339.363,368.817,545.704,508.669,153.115,363.382,356.163,516.291,468.38,127.987,346.536,356.38,548.841,534.889,160.487,0.6007823915445729,-12.94898981013203,0.7008876317582611,130.52129136397852,17035.807499320577,0.8371903199143317
116,438.782,478.094,639.75,540.059,180.662,456.616,472.335,626.155,542.184,161.083,438.722,439.611,652.631,572.461,170.075,439.0,468.958,647.371,571.757,172.15,408.901,451.289,607.117,572.982,176.943,428.151,428.273,595.044,530.069,147.813,446.116,475.79,628.998,605.881,184.609,0.6973146328240795,1.104935085615712,0.7035696938960466,113.65073030404449,12916.488498642655,0.8387906138578606
117,438.782,478.094,639.752,540.447,180.867,456.616,472.335,626.172,542.98,161.238,438.722,439.611,652.712,573.431,170.156,439.0,468.958,647.399,572.368,172.353,408.901,451.291,607.202,573.57,177.07,428.151,428.278,595.047,530.5,147.899,446.116,475.805,629.056,607.177,184.896,0.6975134633699037,1.1466662928122653,0.7037874053786575,113.61339624139008,12908.00380550311,0.8389203808339963
118,438.782,478.094,639.936,540.701,180.994,456.616,472.335,626.516,543.579,161.43,438.722,439.612,653.253,573.923,170.262,439.0,468.959,647.749,572.949,172.771,408.901,451.297,607.722,573.912,177.203,428.151,428.294,595.227,531.013,148.088,446.116,475.86,629.522,608.244,185.256,0.6976536512160816,1.1981070462231034,0.7039319603399226,113.58706603956604,12902.021571476738,0.839006531762371
119,438.782,478.094,639.75,540.035,180.649,456.616,472.335,626.155,542.284,161.116,438.722,439.611,652.673,572.465,170.113,439.0,468.959,647.41,571.796,172.229,408.901,451.292,607.253,572.933,176.97,428.151,428.281,595.047,530.165,147.852,446.116,475.815,628.998,605.949,184.68,0.6973304545073068,1.1098314619202165,0.7035947575854946,113.6477599434873,12915.813340172517,0.8388055540979057
120,363.006,394.411,578.095,490.361,159.06,375.958,385.772,554.98,479.928,141.405,369.761,346.061,573.378,501.714,146.175,365.966,376.118,558.344,501.505,151.886,338.595,360.148,536.618,501.596,154.52,361.069,348.031,517.222,452.566,132.769,344.428,357.958,550.972,528.272,160.727,0.5772451081795549,-13.853379315787324,0.6905987001134228,134.31386252994426,18040.213667712767,0.8310226832724982
121,363.006,394.411,571.092,487.916,159.06,369.257,382.988,551.92,476.187,140.683,364.069,343.372,567.418,499.969,148.346,358.293,364.409,559.223,500.734,151.45,331.92,359.548,535.178,501.158,154.75,351.922,344.169,519.108,449.332,133.364,327.581,350.895,553.986,529.241,160.525,0.5642806722763498,-14.511957929972763,0.6859268415169386,136.3577825508884,18593.444862195363,0.8282070040255266
122,363.006,394.411,571.505,489.343,159.076,372.367,383.483,554.412,479.575,142.153,363.937,343.584,567.459,502.382,150.044,359.394,375.538,562.535,502.697,153.916,332.991,359.598,535.707,503.519,156.45,357.454,347.657,520.503,453.957,132.253,343.713,358.42,554.133,530.655,160.864,0.5772829926956065,-13.98576709027405,0.6932378514143182,134.307844232129,18038.59702228183,0.8326090627745522
123,429.08,468.285,631.888,533.68,177.847,446.917,462.324,619.101,536.19,158.791,430.277,429.105,643.979,565.407,167.512,430.108,459.739,638.929,565.153,169.964,400.326,440.702,600.651,565.552,174.33,419.859,420.742,587.929,524.466,145.785,435.246,465.261,621.819,597.164,181.633,0.6986909811311763,-0.49961062961593383,0.7060879474676022,113.39204384046307,12857.7556063175,0.840290394725301
124,438.782,478.094,639.75,540.26,180.768,456.616,472.335,626.16,542.982,161.275,438.722,439.612,652.725,572.951,170.187,439.0,468.959,647.457,572.292,172.505,408.901,451.295,607.416,573.35,177.085,428.151,428.29,595.051,530.402,147.943,446.116,475.846,629.0,606.451,184.841,0.6975346318842499,1.1378208130046525,0.7038341285736726,113.60942074397873,12907.100481782385,0.8389482275883731
125,363.006,394.411,579.978,491.995,159.06,376.66,390.513,571.953,492.657,142.877,369.761,359.036,583.696,513.918,149.383,369.573,383.888,552.19,513.582,152.693,339.363,369.568,548.658,506.4,153.142,363.382,357.713,517.465,467.844,130.04,348.531,356.894,546.176,529.156,160.76,0.6010706811060789,-12.91540642912585,0.7017401091010089,130.47415576595515,17023.50532283873,0.8376992951537019
126,363.006,394.411,579.976,491.995,159.06,376.66,387.143,554.968,479.364,140.842,369.761,347.062,573.344,501.512,143.433,367.601,376.226,557.839,501.181,150.669,339.363,360.714,534.256,500.696,153.493,362.56,347.862,514.878,452.059,132.521,344.027,357.539,548.757,524.444,159.384,0.5767076839656513,-13.922306213072549,0.6909716208729622,134.39920819625436,18063.14716378013,0.8312470275874447
127,438.782,478.094,639.75,540.3,180.792,456.616,472.335,626.158,542.966,161.271,438.722,439.612,652.723,573.22,170.202,439.0,468.959,647.456,572.368,172.524,408.901,451.295,607.413,573.382,177.091,428.151,428.29,595.051,530.548,147.968,446.116,475.845,628.998,606.986,184.945,0.6975106518105266,1.145885432800304,0.7038043172161085,113.61392424847242,12908.12378313763,0.8389304602981754
128,363.006,394.411,572.851,490.364,159.063,372.791,383.501,558.585,483.944,139.212,364.253,343.52,571.539,510.887,138.425,359.61,375.533,565.822,512.164,149.003,333.68,359.553,539.162,510.257,152.346,357.631,347.595,521.746,471.696,126.646,344.148,359.605,561.77,529.891,156.43,0.5896977949261044,-13.717272855505941,0.6980169535444467,132.32089909735996,17508.820337933714,0.8354740890922032
129,395.441,434.074,604.285,511.383,167.84,411.942,427.096,594.32,512.397,150.176,400.891,391.908,613.216,539.781,158.082,399.529,426.297,608.91,540.654,161.076,363.738,405.992,576.564,538.821,164.687,390.287,391.7,561.523,503.589,137.627,396.968,426.212,589.207,564.279,170.238,0.6808903201493353,-6.356131124726751,0.7141072518091149,116.69345725822,13617.362966876017,0.8450486683079945
130,363.006,394.411,571.328,488.108,159.06,368.998,366.335,551.107,477.345,139.701,364.423,343.353,566.564,501.59,142.55,350.516,356.708,556.72,502.961,149.992,329.609,355.956,533.525,502.508,152.725,349.726,331.163,515.142,456.538,132.162,322.796,346.983,556.958,531.236,160.751,0.5551950233720413,-14.921115775255988,0.6799486752628274,137.77211848764279,18981.156632573086,0.824590004343266
131,383.888,422.013,594.696,503.745,164.379,399.141,409.485,579.481,504.613,147.304,390.771,377.579,595.116,529.855,154.928,386.699,397.551,585.354,526.675,158.204,352.68,386.893,558.466,524.764,161.453,379.289,371.787,539.972,483.067,134.432,370.958,390.305,571.614,550.987,166.531,0.6423984816297099,-9.403117296805531,0.7012754469006828,123.53106759482299,15259.924661116727,0.8374219049563265
132,363.006,395.057,572.327,485.436,157.889,369.715,382.352,558.523,479.692,138.087,362.011,343.244,571.651,506.089,138.221,357.543,375.525,565.882,506.434,149.087,329.958,359.544,540.005,506.478,152.334,351.321,347.566,524.323,456.928,133.399,343.801,357.37,562.246,526.711,156.183,0.5829899657820352,-14.067392563491477,0.6968634372635614,133.39813881190153,17795.063438479352,0.8347834672917052
133,363.006,394.411,579.979,491.995,159.06,376.66,390.513,571.953,492.659,142.879,369.761,359.036,583.696,513.882,149.266,369.573,383.796,552.8,514.4,152.398,339.363,369.372,548.646,507.664,153.142,363.382,357.484,514.883,467.046,130.041,348.319,357.502,547.456,528.607,160.612,0.6012842851218156,-12.919758763618743,0.7019890424118513,130.4392203350717,17014.390201621383,0.8378478635240716
134,363.006,394.411,579.985,491.995,159.063,376.66,390.513,568.716,487.181,141.542,369.761,357.25,580.848,510.047,143.736,369.573,380.153,555.657,509.635,151.843,339.363,366.207,532.68,506.997,153.831,363.382,352.266,505.797,469.987,127.25,342.716,353.632,547.537,528.931,160.126,0.5910898459878428,-13.386770655197925,0.6974513985555058,132.0962428011347,17449.41736217633,0.8351355569938965
135,423.662,462.798,627.726,530.66,176.5,441.497,455.717,615.625,533.208,157.562,425.555,423.123,639.663,562.346,166.088,425.083,454.581,634.452,561.83,168.748,395.54,434.92,597.151,561.799,172.901,415.226,416.605,582.375,521.506,144.65,428.692,454.461,617.12,592.595,179.967,0.6974139750306381,-1.4200589694516204,0.7064753231995591,113.63207852553072,12912.24927003238,0.8405208642262005
136,438.782,478.094,639.766,540.178,180.727,456.616,472.335,626.173,542.773,161.271,438.722,439.612,652.74,572.826,170.194,439.0,468.959,647.471,572.181,172.536,408.901,451.296,607.469,573.113,177.058,428.151,428.293,595.052,530.37,147.966,446.116,475.855,629.003,606.405,184.883,0.697455221403027,1.133449277036057,0.7037537691767145,113.62433350366605,12910.489164152328,0.838900333279654
137,363.006,394.41,579.963,491.995,159.06,376.66,390.511,571.934,492.241,142.709,369.761,359.034,581.92,511.802,146.521,369.573,383.899,550.346,516.472,151.178,339.363,369.388,547.664,508.183,153.017,363.382,357.32,514.869,460.425,133.947,347.339,355.847,548.581,533.471,160.263,0.599578740846729,-12.97856648320799,0.7008900964664515,130.71790569370384,17087.170868948047,0.8371917919249158
138,438.782,478.094,639.75,540.251,180.764,456.616,472.335,626.155,542.611,161.149,438.722,439.611,652.597,572.781,170.063,439.0,468.958,647.338,572.05,172.201,408.901,451.287,607.004,573.318,176.973,428.151,428.266,595.041,530.063,147.793,446.116,475.769,628.999,606.066,184.591,0.69743934504551,1.1160335385725868,0.7037030057910377,113.62731474314471,12911.166655737672,0.8388700768241991
139,433.739,472.998,635.669,536.759,179.252,451.575,467.134,622.498,539.125,159.872,434.334,434.163,648.054,568.852,168.671,434.497,464.168,642.909,568.348,170.893,404.443,445.288,603.484,569.316,175.548,423.842,424.428,591.343,526.982,146.676,440.501,470.634,625.274,601.286,182.93,0.6984241596451052,0.2668098726146935,0.7049467599444122,113.4422393816008,12869.14167591242,0.8396110765970232
140,438.782,478.094,639.75,540.051,180.658,456.616,472.335,626.154,542.079,161.049,438.722,439.611,652.588,572.383,170.032,439.0,468.958,647.331,571.707,172.104,408.901,451.286,606.98,572.897,176.892,428.151,428.265,595.04,529.945,147.769,446.116,475.764,628.998,605.724,184.512,0.6972796047652271,1.0973313012369563,0.7035255194605181,113.65730619064895,12917.983250514928,0.83876428122597
141,363.006,394.41,579.963,491.995,159.06,376.66,392.303,569.33,488.957,141.257,369.761,356.709,583.042,513.111,142.575,369.573,383.17,555.562,514.559,151.235,339.363,366.182,532.389,510.2,153.692,363.382,354.216,509.263,470.172,130.27,343.915,353.438,549.113,531.288,159.704,0.5966337804403202,-13.191248428596664,0.7002480549491675,131.19771767737313,17212.84112375171,0.8368082545895251
142,363.006,394.41,579.963,491.995,159.06,376.66,389.551,551.416,481.217,141.695,369.761,356.762,570.052,502.538,148.862,369.43,383.903,552.512,502.253,152.227,339.363,370.125,526.717,501.464,154.994,363.382,351.533,509.935,453.136,139.493,343.745,351.283,547.98,525.018,160.412,0.5811626198042612,-13.74791201023752,0.6968412730702872,133.69009592406172,17873.041748184824,0.8347701917715361
143,380.08,411.005,590.296,501.217,163.234,390.295,398.535,570.732,496.382,146.365,382.341,364.57,584.747,523.001,153.898,373.079,387.597,581.362,522.514,157.355,342.13,377.403,551.991,519.921,160.394,368.707,363.892,535.752,475.283,134.162,362.202,377.92,568.928,547.283,165.33,0.6240851506322804,-10.84176866244709,0.6978194020216606,126.65468480154746,16041.409182179337,0.835355853526903
144,363.006,395.195,573.051,488.922,157.982,371.028,382.652,559.999,482.711,137.995,362.502,343.256,571.876,509.818,138.07,357.731,371.203,563.38,511.144,148.593,331.597,359.544,540.325,509.405,151.842,352.873,347.566,522.378,467.483,128.453,325.385,351.954,565.254,528.86,156.014,0.5825815757769967,-14.047493434170294,0.6940496829329872,133.46344315778592,17812.49065953155,0.8330964427561717
145,363.006,396.23,572.583,487.426,158.388,367.731,382.143,557.696,481.305,138.642,360.138,343.243,572.803,507.776,138.198,357.042,364.589,564.638,508.463,149.604,327.688,359.553,541.895,507.886,152.126,349.571,339.458,524.079,469.527,126.431,324.158,350.005,566.924,528.011,156.278,0.5768637944491004,-14.26391326682934,0.6904534584346051,134.37442265279913,18056.485463273097,0.8309352913642585
146,438.782,478.094,639.756,540.354,180.818,456.616,472.335,626.194,542.676,161.158,438.722,439.611,652.639,572.976,170.068,439.0,468.958,647.341,572.084,172.207,408.901,451.286,606.986,573.381,176.979,428.151,428.265,595.043,530.111,147.798,446.116,475.764,629.06,606.533,184.674,0.6974128581015783,1.1241685637791536,0.7036678310095809,113.63228824911845,12912.296932730742,0.8388491109905171
147,438.782,478.094,639.771,540.27,180.775,456.616,472.335,626.177,542.448,161.117,438.722,439.611,652.639,572.746,170.055,439.0,468.958,647.373,572.035,172.194,408.901,451.286,606.988,573.327,176.969,428.151,428.265,595.053,530.065,147.79,446.116,475.764,629.079,606.449,184.655,0.6973638964433986,1.1186577402521247,0.7036124909844228,113.64148130368122,12914.386272894928,0.8388161246569017
148,363.006,392.389,570.053,482.849,157.298,361.832,347.982,555.008,477.589,137.696,355.603,337.49,566.656,504.17,138.02,339.865,350.257,562.908,504.447,148.229,325.07,331.09,534.745,504.354,151.7,341.108,316.348,519.322,455.504,132.916,316.341,346.196,563.808,526.151,155.927,0.5394570061750099,-15.680386928032853,0.6707920222337911,140.188247807553,19652.74482335189,0.8190189388736936
149,363.006,394.411,572.279,489.31,159.063,373.199,383.787,553.816,477.308,140.232,364.99,343.773,566.812,501.0,149.632,360.092,375.559,559.659,500.764,150.99,333.497,359.59,535.944,501.231,153.829,356.137,347.629,518.457,453.542,131.378,341.543,356.368,552.088,529.601,160.813,0.5738735287335768,-14.160897349677729,0.6918995752878531,134.8483927635318,18184.089030907733,0.8318050103767427
150,409.043,447.948,615.51,520.324,171.895,426.845,440.566,604.4,521.964,153.666,412.791,407.038,625.719,550.161,161.914,411.965,440.614,621.114,550.554,164.629,379.221,420.468,586.359,549.624,168.595,402.258,403.719,572.084,512.07,140.711,412.469,443.487,606.852,577.639,174.851,0.692783895256635,-3.9345882202603106,0.711131083579473,114.49815981214286,13109.828600367005,0.8432858848453904
151,363.006,394.41,574.539,488.48,159.06,374.35,384.561,552.304,477.04,140.149,368.658,344.167,569.133,499.614,140.043,363.184,375.674,557.896,500.328,150.113,336.665,359.686,531.94,500.655,153.335,359.119,347.672,516.082,449.136,133.378,343.513,357.132,550.575,527.911,160.45,0.5723882975081092,-14.208075375482299,0.6908819685447565,135.08319022923143,18247.46828250673,0.8311930994328313
152,363.006,394.411,571.382,488.194,159.06,369.869,383.113,552.738,476.769,140.64,363.471,343.39,567.27,500.769,150.01,358.296,368.073,559.452,500.822,151.713,331.854,359.554,536.352,501.485,154.938,352.249,347.618,519.558,451.914,132.449,330.389,352.744,553.029,529.657,160.699,0.5685778209302106,-14.381023067147632,0.6890053831646965,135.68372303617903,18410.07269695854,0.8300634814065105
153,363.006,394.411,572.825,490.469,159.06,372.131,383.383,557.979,482.358,139.165,364.812,343.561,571.451,508.525,138.365,358.87,370.835,562.468,509.394,148.803,333.179,359.554,539.01,508.65,152.282,353.899,347.586,519.703,469.931,126.209,329.385,352.436,560.739,528.15,156.258,0.5817953700904785,-14.048805535010068,0.6940909759986755,133.58907292121023,17846.040403948424,0.8331212252719742
154,365.276,396.635,581.067,492.876,159.458,378.935,394.048,562.179,491.147,141.685,374.125,356.18,576.798,516.125,146.315,370.418,379.022,553.922,516.689,152.225,339.398,368.713,529.758,513.885,154.649,365.207,347.017,511.264,476.647,128.917,342.2,352.147,553.858,534.263,159.351,0.595193952911063,-13.065965200120399,0.696770606345119,131.4316661389049,17274.282864048557,0.8347278636448642
155,363.006,394.411,572.216,489.356,159.06,372.551,383.617,555.744,479.476,139.405,364.04,343.628,568.827,503.578,139.537,359.454,375.545,564.259,504.452,149.433,333.351,359.572,536.793,504.456,152.863,357.454,347.611,520.759,455.483,134.266,344.06,358.553,558.236,528.216,158.38,0.5801194640707821,-14.030845754734985,0.6947987957080196,133.85647656505688,17917.55631841162,0.8335459169763952
156,372.987,406.512,583.996,498.301,161.922,382.62,391.506,570.539,491.217,142.332,376.889,357.719,584.302,519.124,145.004,368.908,382.161,580.264,520.17,154.592,338.737,370.812,551.67,517.757,156.312,366.931,351.252,534.455,477.552,129.27,356.527,375.91,573.892,543.87,162.392,0.6152187558405855,-11.683426946977633,0.6960226180990319,128.13962979825408,16419.764724833607,0.8342797001599834
157,363.006,394.41,579.963,491.995,159.06,376.66,390.511,569.387,487.561,140.959,369.761,355.929,579.902,508.562,143.779,369.573,380.887,548.581,512.714,151.776,339.363,366.975,536.653,506.3,153.42,363.382,353.066,510.402,453.421,133.822,343.7,353.864,546.12,527.545,160.044,0.5891959739462272,-13.445808792495617,0.6971619746731467,132.40179204862199,17530.234537686538,0.8349622594304168
158,392.797,431.372,602.095,509.691,167.078,409.297,424.328,590.375,510.951,149.611,398.576,388.779,607.394,537.982,157.459,395.464,409.954,600.828,537.347,160.632,359.521,396.241,569.203,535.829,164.033,386.526,382.022,551.105,497.034,137.142,384.895,414.805,587.561,561.661,169.582,0.6678379872771212,-7.326189677289499,0.707851078582941,119.05605817221063,14174.3449875048,0.8413388607350436
159,438.782,478.094,640.845,542.511,181.729,456.616,472.335,628.654,546.625,161.781,438.722,439.612,655.531,577.186,170.379,439.0,466.407,646.218,574.896,173.029,408.901,451.013,606.889,576.304,177.518,428.151,425.341,593.552,532.492,148.212,443.817,467.389,630.685,611.044,185.596,0.6962643166591238,1.2292582403067838,0.7021999671200368,113.84774317421969,12961.308625863085,0.8379737269867337
160,438.782,478.094,639.814,540.447,180.88,456.616,472.335,626.276,543.298,161.396,438.722,439.612,652.921,573.444,170.243,439.0,468.959,647.555,572.685,172.743,408.901,451.297,607.604,573.6,177.158,428.151,428.296,595.078,530.719,148.066,446.116,475.866,629.171,607.627,185.175,0.6975671360597361,1.1703161103876085,0.7038716788464413,113.60331611159151,12905.713431550186,0.8389706066641676
161,407.476,446.351,614.22,519.29,171.425,425.271,438.937,603.247,521.264,153.355,411.42,405.3,624.373,549.065,161.561,410.556,439.113,619.796,549.609,164.479,375.637,418.921,585.528,548.375,168.221,400.725,402.52,570.927,511.323,140.468,410.675,441.933,605.672,576.437,174.502,0.6925882717288772,-4.1976164349447,0.7123480779417549,114.53460804695162,13118.176440468835,0.8440071551484353
162,363.006,394.411,572.864,490.478,159.066,373.086,383.782,558.464,482.615,139.512,364.779,343.754,571.764,508.035,139.293,360.834,375.565,565.99,508.535,150.097,333.951,359.622,538.814,508.042,152.726,358.168,347.656,522.459,469.507,126.762,344.193,359.224,561.164,528.608,156.679,0.5872671577460532,-13.762940365221793,0.6965908579688583,132.7122559705506,17612.542884792936,0.8346201878512515
163,438.782,478.094,639.75,540.128,180.7,456.616,472.335,626.154,542.235,161.079,438.722,439.611,652.588,572.546,170.042,439.0,468.958,647.331,571.803,172.131,408.901,451.286,606.98,573.012,176.913,428.151,428.265,595.04,529.963,147.772,446.116,475.764,628.998,605.817,184.531,0.6973244008835596,1.1028997291910965,0.703575224342364,113.64889645911738,12916.071666375185,0.838793910530092
164,373.264,406.797,588.087,498.472,161.991,386.853,402.889,579.776,499.449,145.351,382.902,370.048,595.391,525.074,152.757,380.763,396.527,586.838,523.824,155.256,345.472,380.862,558.066,519.667,157.081,373.383,362.462,540.689,481.053,130.607,363.47,377.393,563.055,540.284,160.759,0.6324002212538209,-10.606813005241854,0.7023868252029675,125.24607893356904,15686.580288233805,0.8380852135689828
165,438.782,478.094,639.75,540.194,180.734,456.616,472.335,626.154,542.455,161.142,438.722,439.611,652.655,572.642,170.108,439.0,468.958,647.393,571.948,172.238,408.901,451.291,607.194,573.24,177.009,428.151,428.277,595.046,530.184,147.845,446.116,475.804,628.999,606.264,184.716,0.697387655668143,1.1186065363169142,0.703654457184481,113.63702035791468,12913.372395825116,0.8388411394206182
166,438.782,478.094,639.756,540.334,180.811,456.616,472.335,626.184,542.565,161.139,438.722,439.611,652.656,573.015,170.071,439.0,468.958,647.347,572.115,172.215,408.901,451.286,606.982,573.357,176.975,428.151,428.265,595.042,530.173,147.809,446.116,475.764,629.101,606.733,184.714,0.6973845433923443,1.1258198906896908,0.7036342306966752,113.63760471748489,12913.505205927344,0.8388290831252069
167,438.782,478.094,639.75,540.283,180.78,456.616,472.335,626.165,542.835,161.209,438.722,439.611,652.658,572.86,170.119,439.0,468.958,647.392,572.118,172.281,408.901,451.291,607.189,573.415,177.038,428.151,428.277,595.046,530.244,147.854,446.116,475.803,629.007,606.496,184.758,0.6974639873149818,1.128757716472395,0.7037375941863064,113.62268741986516,12910.115096512383,0.8388906926330191
168,438.782,478.094,639.75,540.362,180.823,456.616,472.335,626.154,542.547,161.136,438.722,439.611,652.59,572.906,170.064,439.0,468.958,647.331,571.959,172.173,408.901,451.286,606.98,573.308,176.966,428.151,428.265,595.04,530.058,147.788,446.116,475.764,629.001,606.139,184.596,0.6974184674087065,1.1167119907141254,0.703679567024326,113.63123499656696,12912.057566845024,0.8388561062687248
169,363.006,394.411,579.991,491.995,159.068,376.66,392.099,566.715,486.73,142.185,369.761,356.166,577.132,506.62,148.909,369.573,384.214,554.151,508.301,152.445,339.363,368.533,530.768,503.624,154.996,363.382,350.161,512.126,471.65,129.536,346.221,353.257,547.697,526.305,160.786,0.5914369290722201,-13.346703575895717,0.6989968123329843,132.04016923082125,17434.606290503914,0.8360602922833881
170,363.006,393.07,570.799,487.966,159.063,371.151,382.771,554.368,477.479,140.772,362.568,343.306,567.542,502.208,150.034,358.218,375.527,562.759,503.062,153.912,332.017,359.555,537.002,503.495,155.739,353.713,347.597,522.149,453.786,131.829,343.731,357.654,555.287,530.682,160.541,0.5765112289950229,-14.077505340695543,0.6933351300562881,134.43039270950638,18071.530484032108,0.8326674786829903
171,378.669,409.567,590.348,500.279,162.81,390.792,398.125,570.296,495.28,146.007,383.327,364.288,585.025,521.882,153.505,373.785,386.706,578.659,520.57,157.002,343.152,376.235,550.453,518.481,159.992,370.336,363.415,531.618,474.006,133.136,360.797,376.887,566.003,545.507,164.864,0.6209144205752065,-11.021616084382039,0.6968811362058221,127.1877104997643,16176.713702171852,0.8347940681424504
172,363.006,394.411,579.977,491.995,159.06,376.66,390.513,566.851,486.456,141.669,369.761,357.419,580.034,508.787,143.781,369.428,378.679,546.28,514.536,151.935,339.363,365.999,529.207,505.702,153.833,363.382,351.924,504.782,463.273,129.499,341.422,352.045,548.687,529.642,160.21,0.5880425119977996,-13.528023110967965,0.6970669049149537,132.58754166022692,17579.45620350241,0.834905326917342
173,363.006,394.41,572.941,490.1,159.072,373.077,383.528,558.513,483.863,138.34,364.734,343.482,571.472,511.169,138.253,360.624,375.531,565.49,511.915,148.75,334.415,359.546,539.1,510.362,151.974,358.012,347.569,521.987,468.145,128.513,343.257,359.409,561.4,530.061,156.208,0.5885479222624211,-13.7327108419719,0.697027032821663,132.5061841509716,17557.888838251198,0.8348814483635764
174,438.782,478.094,639.75,540.255,180.765,456.616,472.335,626.164,542.634,161.15,438.722,439.611,652.59,572.684,170.051,439.0,468.958,647.332,572.013,172.186,408.901,451.286,606.981,573.376,176.977,428.151,428.265,595.041,530.048,147.786,446.116,475.764,629.005,606.261,184.617,0.697412798862918,1.11667998825462,0.7036717093451794,113.63229937223515,12912.299460621274,0.8388514226877006
175,438.782,478.094,639.75,540.107,180.688,456.616,472.335,626.154,542.112,161.055,438.722,439.611,652.588,572.47,170.038,439.0,468.958,647.331,571.744,172.114,408.901,451.286,606.98,573.07,176.923,428.151,428.265,595.04,529.979,147.775,446.116,475.764,628.998,605.915,184.551,0.6973002986541497,1.1020612647520251,0.7035476193093569,113.65342133204068,12917.10018047836,0.8387774551747066
176,438.782,478.094,641.586,542.397,181.683,456.616,472.335,628.972,545.666,161.733,438.722,439.612,653.606,575.036,170.315,438.312,462.656,644.67,572.946,172.754,408.901,448.144,606.344,574.214,177.244,428.151,423.654,593.169,531.012,148.08,440.607,466.203,629.785,607.671,185.138,0.6946801204268555,1.0305485687386735,0.7005049044874853,114.14425526425889,13028.911009832294,0.8369617102875646
177,363.006,394.411,574.116,489.441,159.06,374.633,384.602,554.237,478.706,140.862,369.097,344.232,570.839,500.77,148.148,363.524,375.745,559.866,501.265,151.655,337.183,359.826,536.794,501.919,154.453,360.091,347.859,518.331,449.733,133.6,344.316,359.559,551.816,528.703,160.473,0.5754373036698754,-13.959013034126569,0.690603250580923,134.60073582495664,18117.358084619766,0.8310254211400052
178,363.006,394.411,579.985,491.995,159.062,376.66,392.199,567.779,487.144,141.388,369.761,357.04,581.212,510.399,142.056,369.282,378.696,554.429,510.485,152.131,339.363,365.113,531.89,507.586,153.909,363.382,351.417,505.966,471.47,127.243,342.208,352.175,549.732,529.665,160.192,0.5909137548069896,-13.398585963247744,0.6970943689049067,132.12468239775677,17456.9316987081,0.8349217741231251
179,365.231,398.743,580.405,494.143,160.043,376.799,390.517,562.906,487.38,140.9,374.909,349.422,578.789,514.082,141.473,366.571,380.828,567.492,514.705,151.094,338.281,363.638,544.098,513.085,154.081,363.576,351.025,523.974,474.803,127.799,348.29,364.447,563.841,533.654,158.401,0.6022176774041734,-12.828980586982441,0.698771695812382,130.28645196500804,16974.559565630345,0.8359256520841922
180,438.782,478.094,639.75,540.204,180.74,456.616,472.335,626.154,542.477,161.123,438.722,439.611,652.588,572.616,170.047,439.0,468.958,647.331,571.905,172.158,408.901,451.286,606.98,573.199,176.946,428.151,428.265,595.04,529.997,147.778,446.116,475.764,628.998,605.985,184.565,0.6973796812891266,1.1097354545416955,0.7036366794578053,113.63851761788733,12913.71268639089,0.8388305427544978
181,363.006,394.41,578.192,490.016,159.06,376.66,386.135,557.871,479.49,140.535,369.761,346.365,574.056,501.196,143.257,367.425,376.198,557.781,501.466,151.77,339.297,360.873,537.006,501.26,154.16,362.63,348.222,516.75,449.514,133.524,345.316,359.316,549.612,527.624,160.435,0.5771249559746239,-13.848169315379657,0.6901708890503679,134.3329480101459,18045.340921096562,0.8307652430442477
182,363.006,394.411,579.963,491.995,159.06,376.66,389.681,558.477,482.976,141.847,369.761,356.895,566.222,504.512,148.808,369.473,384.705,552.959,503.939,151.226,339.363,370.184,525.422,502.683,154.325,363.382,351.795,509.56,454.152,139.638,345.329,352.394,549.207,528.251,160.562,0.5836388246049327,-13.639295662672263,0.6973779707370125,133.29431606366185,17767.37469487938,0.8350915942200666
183,438.782,478.094,639.751,540.289,180.782,456.616,472.335,626.174,543.088,161.298,438.722,439.612,652.731,572.933,170.188,439.0,468.959,647.461,572.323,172.522,408.901,451.295,607.426,573.461,177.106,428.151,428.291,595.052,530.429,147.952,446.116,475.847,629.005,606.606,184.879,0.6975508293256503,1.1417059115887465,0.7038525970926041,113.60637873195726,12906.409288588913,0.8389592344641091
184,363.006,394.411,579.967,491.995,159.06,376.66,390.513,571.945,492.629,142.854,369.761,359.036,583.687,513.898,149.374,369.573,383.873,551.954,513.451,152.681,339.363,369.567,548.627,506.395,153.134,363.382,357.681,517.45,465.253,131.792,348.332,356.864,546.229,529.054,160.713,0.6005955948505648,-12.926658493888354,0.7015777147199018,130.55182370257245,17043.778672067554,0.8376023607416002
185,438.782,478.094,639.755,540.26,180.768,456.616,472.335,626.166,543.002,161.293,438.722,439.612,652.731,572.961,170.193,439.0,468.959,647.463,572.321,172.535,408.901,451.296,607.438,573.351,177.091,428.151,428.291,595.052,530.42,147.958,446.116,475.849,628.999,606.505,184.873,0.6975368070504724,1.1396705551641295,0.7038395138104617,113.60901223469985,12907.00766094418,0.8389514370989907
186,438.782,478.094,639.75,540.227,180.751,456.616,472.335,626.157,542.628,161.163,438.722,439.611,652.626,572.676,170.084,439.0,468.958,647.366,572.007,172.212,408.901,451.289,607.101,573.319,176.999,428.151,428.272,595.043,530.132,147.82,446.116,475.787,629.002,606.322,184.687,0.6974084424427122,1.1194898041992947,0.703672420677538,113.63311736496817,12912.485362080632,0.8388518466794587
187,436.814,476.106,638.813,540.631,180.932,454.649,470.307,626.158,544.262,161.174,437.01,437.487,652.792,574.736,169.81,437.243,466.108,644.11,572.569,172.372,407.161,449.347,605.883,573.766,176.836,426.47,425.62,591.586,530.435,147.677,443.45,466.255,627.802,607.45,184.688,0.6972853090469462,0.8622092312422825,0.7034058538347997,113.65623534052061,12917.739831779805,0.8386929437134902
188,363.006,394.411,579.63,491.634,159.08,376.563,386.645,559.891,483.028,140.101,369.761,346.514,575.848,507.072,141.969,367.239,376.297,560.298,506.474,150.744,339.169,360.819,539.618,506.437,153.281,362.537,348.047,517.997,464.4,129.471,345.242,359.661,554.852,532.887,160.856,0.5861422210623269,-13.5198880857614,0.6928630995091136,132.89299188588407,17660.54729238165,0.8323839856154812
189,438.782,478.094,642.868,544.342,182.177,456.616,466.82,629.704,546.667,161.749,438.722,430.969,653.326,576.446,170.301,430.114,458.162,645.601,574.645,172.835,404.49,439.93,607.413,576.395,177.484,423.668,417.422,593.996,532.022,148.147,435.514,463.728,633.836,611.661,185.606,0.6944099953546445,0.8093603696131546,0.6995265853647603,114.19473741514095,13040.438053312992,0.8363770593247762
190,438.782,478.094,639.75,540.043,180.654,456.616,472.335,626.156,542.395,161.151,438.722,439.612,652.713,572.519,170.153,439.0,468.959,647.447,571.903,172.369,408.901,451.294,607.383,572.929,177.003,428.151,428.288,595.05,530.266,147.904,446.116,475.839,628.999,606.101,184.757,0.6973577498949687,1.1172368310500325,0.7036345497391984,113.64263532878539,12914.648564471301,0.8388292732965382
191,363.006,394.41,579.963,491.995,159.06,376.66,390.511,571.934,492.241,142.709,369.761,359.034,581.442,510.755,146.111,369.573,383.747,548.434,515.129,151.696,339.363,369.137,544.375,504.369,152.93,363.382,356.747,513.405,459.935,133.942,346.349,355.66,544.358,527.235,159.889,0.5969332692810889,-13.150144469606442,0.701413900740665,131.14900320086446,17200.061040580353,0.8375045675939117
192,438.782,478.094,639.75,540.289,180.786,456.616,472.335,626.154,542.395,161.108,438.722,439.611,652.589,572.763,170.056,439.0,468.958,647.331,571.822,172.136,408.901,451.286,606.98,573.156,176.939,428.151,428.265,595.04,529.994,147.777,446.116,475.764,628.999,605.893,184.547,0.6973756681964647,1.1092426166652962,0.703632995078491,113.63927110395728,12913.883937038701,0.8388283466112069
193,438.782,478.094,640.185,541.234,181.233,456.616,472.335,627.024,544.291,161.46,438.722,439.611,653.755,574.815,170.248,439.0,468.959,646.272,572.721,172.482,408.901,451.292,607.554,573.989,177.153,428.151,428.281,593.368,530.795,147.949,445.528,469.071,628.535,607.185,184.912,0.6968294376653787,1.1309914881459529,0.7030152927867314,113.7417831096283,12937.193224957726,0.8384600722674463
194,431.002,470.23,634.147,536.027,178.946,448.839,464.309,621.76,539.046,159.521,431.951,431.207,647.009,568.849,168.122,431.825,460.987,638.915,567.085,170.511,402.024,442.596,601.273,567.765,174.96,421.503,421.782,587.548,525.99,146.229,435.74,460.255,623.18,599.693,182.352,0.6977500174624871,-0.19599049529342502,0.7045785182655522,113.56896290788704,12897.909335973023,0.8393917549425609
195,438.782,478.094,639.75,540.254,180.764,456.616,472.335,626.158,542.749,161.189,438.722,439.611,652.641,572.772,170.101,439.0,468.958,647.378,572.056,172.245,408.901,451.29,607.143,573.337,177.012,428.151,428.274,595.045,530.16,147.832,446.116,475.795,629.0,606.195,184.682,0.6974571830190033,1.1220628019436236,0.7037293728461912,113.62396514882248,12910.405456140825,0.8388857924927512
196,405.339,444.174,612.46,517.889,170.79,423.125,436.715,601.662,519.266,152.73,409.552,402.937,620.452,547.344,160.888,407.192,430.945,610.465,546.388,163.685,372.88,410.98,576.03,546.014,167.547,396.844,393.004,560.045,506.179,139.889,398.706,422.209,595.098,574.094,173.63,0.6816737033775098,-5.1629706259599875,0.706484471152571,116.55013369870117,13583.933665185119,0.8405263060443563
197,438.782,478.094,639.765,540.223,180.75,456.616,472.335,626.173,542.903,161.293,438.722,439.612,652.739,572.896,170.197,439.0,468.959,647.471,572.273,172.558,408.901,451.296,607.467,573.228,177.077,428.151,428.293,595.052,530.399,147.969,446.116,475.854,629.003,606.489,184.897,0.6974959022431138,1.1377120046423288,0.703798404462349,113.61669415726018,12908.753191224401,0.8389269363075362
198,438.782,478.094,639.75,540.331,180.807,456.616,472.335,626.154,542.805,161.227,438.722,439.612,652.712,573.041,170.182,439.0,468.959,647.447,572.094,172.42,408.901,451.294,607.38,573.238,177.057,428.151,428.288,595.05,530.359,147.918,446.116,475.839,628.999,606.447,184.825,0.6974710872709263,1.1338653090096407,0.7037602975986939,113.62135415576726,12909.81212019029,0.838904224329985
base,402.026,440.796,609.728,515.719,169.806,419.798,433.073,599.208,517.125,151.923,406.654,399.268,619.341,544.907,160.003,405.585,433.644,614.886,545.54,162.91,370.841,413.517,581.518,544.065,166.636,396.042,397.981,566.871,507.862,139.181,404.644,434.637,600.078,571.038,172.599,0.6878792562274461,-5.1482302931112685,0.7129396910715776,115.40851005888283,13319.124194011258,0.8443575611502379
